X,Y
-2.0,
-1.999,
-1.998,
-1.997,
-1.996,
-1.995,
-1.994,
-1.993,
-1.992,
-1.991,
-1.99,
-1.989,
-1.988,
-1.987,
-1.986,
-1.985,
-1.984,
-1.983,
-1.982,
-1.981,
-1.98,
-1.979,
-1.978,
-1.977,
-1.976,
-1.975,
-1.974,
-1.973,
-1.972,
-1.971,
-1.97,
-1.969,
-1.968,
-1.967,
-1.966,
-1.965,
-1.964,
-1.963,
-1.962,
-1.961,
-1.96,
-1.959,
-1.958,
-1.957,
-1.956,
-1.955,
-1.954,
-1.953,
-1.952,
-1.951,
-1.95,
-1.949,
-1.948,
-1.947,
-1.946,
-1.945,
-1.944,
-1.943,
-1.942,
-1.941,
-1.94,
-1.939,
-1.938,
-1.937,
-1.936,
-1.935,
-1.934,
-1.933,
-1.932,
-1.931,
-1.93,
-1.929,
-1.928,
-1.927,
-1.926,
-1.925,
-1.924,
-1.923,
-1.922,
-1.921,
-1.92,
-1.919,
-1.918,
-1.917,
-1.916,
-1.915,
-1.914,
-1.913,
-1.912,
-1.911,
-1.91,
-1.909,
-1.908,
-1.907,
-1.906,
-1.905,
-1.904,
-1.903,
-1.902,
-1.901,
-1.9,
-1.899,
-1.898,
-1.897,
-1.896,
-1.895,
-1.894,
-1.893,
-1.892,
-1.891,
-1.89,
-1.889,
-1.888,
-1.887,
-1.886,
-1.885,
-1.884,
-1.883,
-1.882,
-1.881,
-1.88,
-1.879,
-1.8780000000000001,
-1.877,
-1.876,
-1.875,
-1.874,
-1.873,
-1.8719999999999999,
-1.871,
-1.87,
-1.869,
-1.8679999999999999,
-1.867,
-1.866,
-1.865,
-1.8639999999999999,
-1.863,
-1.862,
-1.861,
-1.8599999999999999,
-1.859,
-1.858,
-1.857,
-1.8559999999999999,
-1.855,
-1.854,
-1.853,
-1.852,
-1.851,
-1.85,
-1.849,
-1.848,
-1.847,
-1.846,
-1.845,
-1.844,
-1.843,
-1.842,
-1.841,
-1.84,
-1.839,
-1.838,
-1.837,
-1.836,
-1.835,
-1.834,
-1.833,
-1.832,
-1.831,
-1.83,
-1.829,
-1.828,
-1.827,
-1.826,
-1.825,
-1.824,
-1.823,
-1.822,
-1.821,
-1.82,
-1.819,
-1.818,
-1.817,
-1.816,
-1.815,
-1.814,
-1.813,
-1.812,
-1.811,
-1.81,
-1.809,
-1.808,
-1.807,
-1.806,
-1.805,
-1.804,
-1.803,
-1.802,
-1.801,
-1.8,
-1.799,
-1.798,
-1.797,
-1.796,
-1.795,
-1.794,
-1.793,
-1.792,
-1.791,
-1.79,
-1.789,
-1.788,
-1.787,
-1.786,
-1.785,
-1.784,
-1.783,
-1.782,
-1.781,
-1.78,
-1.779,
-1.778,
-1.777,
-1.776,
-1.775,
-1.774,
-1.773,
-1.772,
-1.771,
-1.77,
-1.769,
-1.768,
-1.767,
-1.766,
-1.765,
-1.764,
-1.763,
-1.762,
-1.761,
-1.76,
-1.759,
-1.758,
-1.7570000000000001,
-1.756,
-1.755,
-1.754,
-1.7530000000000001,
-1.752,
-1.751,
-1.75,
-1.749,
-1.748,
-1.7469999999999999,
-1.746,
-1.745,
-1.744,
-1.7429999999999999,
-1.742,
-1.741,
-1.74,
-1.7389999999999999,
-1.738,
-1.737,
-1.736,
-1.7349999999999999,
-1.734,
-1.733,
-1.732,
-1.7309999999999999,
-1.73,
-1.729,
-1.728,
-1.7269999999999999,
-1.726,
-1.725,
-1.724,
-1.7229999999999999,
-1.722,
-1.721,
-1.72,
-1.7189999999999999,
-1.718,
-1.717,
-1.716,
-1.7149999999999999,
-1.714,
-1.713,
-1.712,
-1.711,
-1.71,
-1.709,
-1.708,
-1.707,
-1.706,
-1.705,
-1.704,
-1.703,
-1.702,
-1.701,
-1.7,
-1.699,
-1.698,
-1.697,
-1.696,
-1.695,
-1.694,
-1.693,
-1.692,
-1.691,
-1.69,
-1.689,
-1.688,
-1.687,
-1.686,
-1.685,
-1.684,
-1.683,
-1.682,
-1.681,
-1.68,
-1.679,
-1.678,
-1.677,
-1.676,
-1.675,
-1.674,
-1.673,
-1.672,
-1.671,
-1.67,
-1.669,
-1.668,
-1.667,
-1.666,
-1.665,
-1.664,
-1.663,
-1.662,
-1.661,
-1.66,
-1.659,
-1.658,
-1.657,
-1.656,
-1.655,
-1.654,
-1.653,
-1.652,
-1.651,
-1.65,
-1.649,
-1.6480000000000001,
-1.647,
-1.646,
-1.645,
-1.6440000000000001,
-1.643,
-1.642,
-1.641,
-1.6400000000000001,
-1.639,
-1.638,
-1.637,
-1.6360000000000001,
-1.635,
-1.634,
-1.633,
-1.6320000000000001,
-1.631,
-1.63,
-1.629,
-1.6280000000000001,
-1.627,
-1.626,
-1.625,
-1.624,
-1.623,
-1.6219999999999999,
-1.621,
-1.62,
-1.619,
-1.6179999999999999,
-1.617,
-1.616,
-1.615,
-1.6139999999999999,
-1.613,
-1.612,
-1.611,
-1.6099999999999999,
-1.609,
-1.608,
-1.607,
-1.6059999999999999,
-1.605,
-1.604,
-1.603,
-1.6019999999999999,
-1.601,
-1.6,
-1.599,
-1.5979999999999999,
-1.597,
-1.596,
-1.595,
-1.5939999999999999,
-1.593,
-1.592,
-1.591,
-1.5899999999999999,
-1.589,
-1.588,
-1.587,
-1.5859999999999999,
-1.585,
-1.584,
-1.583,
-1.582,
-1.581,
-1.58,
-1.579,
-1.578,
-1.577,
-1.576,
-1.575,
-1.574,
-1.573,
-1.572,
-1.571,
-1.57,
-1.569,
-1.568,
-1.567,
-1.566,
-1.565,
-1.564,
-1.563,
-1.562,
-1.561,
-1.56,
-1.559,
-1.558,
-1.557,
-1.556,
-1.555,
-1.554,
-1.553,
-1.552,
-1.551,
-1.55,
-1.549,
-1.548,
-1.547,
-1.546,
-1.545,
-1.544,
-1.543,
-1.542,
-1.541,
-1.54,
-1.539,
-1.538,
-1.537,
-1.536,
-1.535,
-1.534,
-1.533,
-1.532,
-1.531,
-1.53,
-1.529,
-1.528,
-1.527,
-1.526,
-1.525,
-1.524,
-1.523,
-1.522,
-1.521,
-1.52,
-1.5190000000000001,
-1.518,
-1.517,
-1.516,
-1.5150000000000001,
-1.514,
-1.513,
-1.512,
-1.5110000000000001,
-1.51,
-1.509,
-1.508,
-1.5070000000000001,
-1.506,
-1.505,
-1.504,
-1.5030000000000001,
-1.502,
-1.501,
-1.5,
-1.499,
-1.498,
-1.4969999999999999,
-1.496,
-1.495,
-1.494,
-1.4929999999999999,
-1.492,
-1.491,
-1.49,
-1.4889999999999999,
-1.488,
-1.487,
-1.486,
-1.4849999999999999,
-1.484,
-1.483,
-1.482,
-1.4809999999999999,
-1.48,
-1.479,
-1.478,
-1.4769999999999999,
-1.476,
-1.475,
-1.474,
-1.4729999999999999,
-1.472,
-1.471,
-1.47,
-1.4689999999999999,
-1.468,
-1.467,
-1.466,
-1.4649999999999999,
-1.464,
-1.463,
-1.462,
-1.4609999999999999,
-1.46,
-1.459,
-1.458,
-1.4569999999999999,
-1.456,
-1.455,
-1.454,
-1.4529999999999998,
-1.452,
-1.451,
-1.45,
-1.4489999999999998,
-1.448,
-1.447,
-1.446,
-1.4449999999999998,
-1.444,
-1.443,
-1.442,
-1.4409999999999998,
-1.44,
-1.439,
-1.438,
-1.4369999999999998,
-1.436,
-1.435,
-1.434,
-1.4329999999999998,
-1.432,
-1.431,
-1.43,
-1.4289999999999998,
-1.428,
-1.427,
-1.426,
-1.4249999999999998,
-1.424,
-1.423,
-1.4220000000000002,
-1.421,
-1.42,
-1.419,
-1.4180000000000001,
-1.417,
-1.416,
-1.415,
-1.4140000000000001,
-1.413,
-1.412,
-1.411,
-1.4100000000000001,
-1.409,
-1.408,
-1.407,
-1.4060000000000001,
-1.405,
-1.404,
-1.403,
-1.4020000000000001,
-1.401,
-1.4,
-1.399,
-1.3980000000000001,
-1.397,
-1.396,
-1.395,
-1.3940000000000001,
-1.393,
-1.392,
-1.391,
-1.3900000000000001,
-1.389,
-1.388,
-1.387,
-1.3860000000000001,
-1.385,
-1.384,
-1.383,
-1.3820000000000001,
-1.381,
-1.38,
-1.379,
-1.3780000000000001,
-1.377,
-1.376,
-1.375,
-1.374,
-1.373,
-1.3719999999999999,
-1.371,
-1.37,
-1.369,
-1.3679999999999999,
-1.367,
-1.366,
-1.365,
-1.3639999999999999,
-1.363,
-1.362,
-1.361,
-1.3599999999999999,
-1.359,
-1.358,
-1.357,
-1.3559999999999999,
-1.355,
-1.354,
-1.353,
-1.3519999999999999,
-1.351,
-1.35,
-1.349,
-1.3479999999999999,
-1.347,
-1.346,
-1.345,
-1.3439999999999999,
-1.343,
-1.342,
-1.341,
-1.3399999999999999,
-1.339,
-1.338,
-1.337,
-1.3359999999999999,
-1.335,
-1.334,
-1.333,
-1.3319999999999999,
-1.331,
-1.33,
-1.329,
-1.3279999999999998,
-1.327,
-1.326,
-1.325,
-1.3239999999999998,
-1.323,
-1.322,
-1.321,
-1.3199999999999998,
-1.319,
-1.318,
-1.317,
-1.3159999999999998,
-1.315,
-1.314,
-1.313,
-1.3119999999999998,
-1.311,
-1.31,
-1.309,
-1.3079999999999998,
-1.307,
-1.306,
-1.305,
-1.3039999999999998,
-1.303,
-1.302,
-1.301,
-1.2999999999999998,
-1.299,
-1.298,
-1.297,
-1.296,
-1.295,
-1.294,
-1.2930000000000001,
-1.292,
-1.291,
-1.29,
-1.2890000000000001,
-1.288,
-1.287,
-1.286,
-1.2850000000000001,
-1.284,
-1.283,
-1.282,
-1.2810000000000001,
-1.28,
-1.279,
-1.278,
-1.2770000000000001,
-1.276,
-1.275,
-1.274,
-1.2730000000000001,
-1.272,
-1.271,
-1.27,
-1.2690000000000001,
-1.268,
-1.267,
-1.266,
-1.2650000000000001,
-1.264,
-1.263,
-1.262,
-1.2610000000000001,
-1.26,
-1.259,
-1.258,
-1.2570000000000001,
-1.256,
-1.255,
-1.254,
-1.2530000000000001,
-1.252,
-1.251,
-1.25,
-1.249,
-1.248,
-1.2469999999999999,
-1.246,
-1.245,
-1.244,
-1.2429999999999999,
-1.242,
-1.241,
-1.24,
-1.2389999999999999,
-1.238,
-1.237,
-1.236,
-1.2349999999999999,
-1.234,
-1.233,
-1.232,
-1.2309999999999999,
-1.23,
-1.229,
-1.228,
-1.2269999999999999,
-1.226,
-1.225,
-1.224,
-1.2229999999999999,
-1.222,
-1.221,
-1.22,
-1.2189999999999999,
-1.218,
-1.217,
-1.216,
-1.2149999999999999,
-1.214,
-1.213,
-1.212,
-1.2109999999999999,
-1.21,
-1.209,
-1.208,
-1.2069999999999999,
-1.206,
-1.205,
-1.204,
-1.2029999999999998,
-1.202,
-1.201,
-1.2,
-1.1989999999999998,
-1.198,
-1.197,
-1.196,
-1.1949999999999998,
-1.194,
-1.193,
-1.192,
-1.1909999999999998,
-1.19,
-1.189,
-1.188,
-1.1869999999999998,
-1.186,
-1.185,
-1.184,
-1.1829999999999998,
-1.182,
-1.181,
-1.18,
-1.1789999999999998,
-1.178,
-1.177,
-1.176,
-1.1749999999999998,
-1.174,
-1.173,
-1.172,
-1.1709999999999998,
-1.17,
-1.169,
-1.168,
-1.167,
-1.166,
-1.165,
-1.1640000000000001,
-1.163,
-1.162,
-1.161,
-1.1600000000000001,
-1.159,
-1.158,
-1.157,
-1.1560000000000001,
-1.155,
-1.154,
-1.153,
-1.1520000000000001,
-1.151,
-1.15,
-1.149,
-1.1480000000000001,
-1.147,
-1.146,
-1.145,
-1.1440000000000001,
-1.143,
-1.142,
-1.141,
-1.1400000000000001,
-1.139,
-1.138,
-1.137,
-1.1360000000000001,
-1.135,
-1.134,
-1.133,
-1.1320000000000001,
-1.131,
-1.13,
-1.129,
-1.1280000000000001,
-1.127,
-1.126,
-1.125,
-1.124,
-1.123,
-1.1219999999999999,
-1.121,
-1.12,
-1.119,
-1.1179999999999999,
-1.117,
-1.116,
-1.115,
-1.1139999999999999,
-1.113,
-1.112,
-1.111,
-1.1099999999999999,
-1.109,
-1.108,
-1.107,
-1.1059999999999999,
-1.105,
-1.104,
-1.103,
-1.1019999999999999,
-1.101,
-1.1,
-1.099,
-1.0979999999999999,
-1.097,
-1.096,
-1.095,
-1.0939999999999999,
-1.093,
-1.092,
-1.091,
-1.0899999999999999,
-1.089,
-1.088,
-1.087,
-1.0859999999999999,
-1.085,
-1.084,
-1.083,
-1.0819999999999999,
-1.081,
-1.08,
-1.079,
-1.0779999999999998,
-1.077,
-1.076,
-1.075,
-1.0739999999999998,
-1.073,
-1.072,
-1.071,
-1.0699999999999998,
-1.069,
-1.068,
-1.067,
-1.0659999999999998,
-1.065,
-1.064,
-1.063,
-1.0619999999999998,
-1.061,
-1.06,
-1.059,
-1.0579999999999998,
-1.057,
-1.056,
-1.055,
-1.0539999999999998,
-1.053,
-1.052,
-1.051,
-1.0499999999999998,
-1.049,
-1.048,
-1.047,
-1.0459999999999998,
-1.045,
-1.044,
-1.043,
-1.0419999999999998,
-1.041,
-1.04,
-1.0390000000000001,
-1.038,
-1.037,
-1.036,
-1.0350000000000001,
-1.034,
-1.033,
-1.032,
-1.0310000000000001,
-1.03,
-1.029,
-1.028,
-1.0270000000000001,
-1.026,
-1.025,
-1.024,
-1.0230000000000001,
-1.022,
-1.021,
-1.02,
-1.0190000000000001,
-1.018,
-1.017,
-1.016,
-1.0150000000000001,
-1.014,
-1.013,
-1.012,
-1.0110000000000001,
-1.01,
-1.009,
-1.008,
-1.0070000000000001,
-1.006,
-1.005,
-1.004,
-1.0030000000000001,
-1.002,
-1.001,
-1.0,
-0.9989999999999999,
-0.998,
-0.9969999999999999,
-0.996,
-0.9949999999999999,
-0.994,
-0.9929999999999999,
-0.992,
-0.9909999999999999,
-0.99,
-0.9889999999999999,
-0.988,
-0.9869999999999999,
-0.986,
-0.9849999999999999,
-0.984,
-0.9829999999999999,
-0.982,
-0.9809999999999999,
-0.98,
-0.9789999999999999,
-0.978,
-0.9769999999999999,
-0.976,
-0.9750000000000001,
-0.974,
-0.9730000000000001,
-0.972,
-0.9710000000000001,
-0.97,
-0.9690000000000001,
-0.968,
-0.9670000000000001,
-0.966,
-0.9650000000000001,
-0.964,
-0.9630000000000001,
-0.962,
-0.9610000000000001,
-0.96,
-0.9590000000000001,
-0.958,
-0.9570000000000001,
-0.956,
-0.9550000000000001,
-0.954,
-0.9530000000000001,
-0.952,
-0.9510000000000001,
-0.95,
-0.9490000000000001,
-0.948,
-0.9470000000000001,
-0.946,
-0.9450000000000001,
-0.944,
-0.9430000000000001,
-0.942,
-0.9410000000000001,
-0.94,
-0.9390000000000001,
-0.938,
-0.937,
-0.9359999999999999,
-0.935,
-0.9339999999999999,
-0.933,
-0.9319999999999999,
-0.931,
-0.9299999999999999,
-0.929,
-0.9279999999999999,
-0.927,
-0.9259999999999999,
-0.925,
-0.9239999999999999,
-0.923,
-0.9219999999999999,
-0.921,
-0.9199999999999999,
-0.919,
-0.9179999999999999,
-0.917,
-0.9159999999999999,
-0.915,
-0.9139999999999999,
-0.913,
-0.9119999999999999,
-0.911,
-0.9099999999999999,
-0.909,
-0.9079999999999999,
-0.907,
-0.9059999999999999,
-0.905,
-0.9039999999999999,
-0.903,
-0.9019999999999999,
-0.901,
-0.8999999999999999,
-0.899,
-0.8979999999999999,
-0.897,
-0.8959999999999999,
-0.895,
-0.8939999999999999,
-0.893,
-0.8919999999999999,
-0.891,
-0.8899999999999999,
-0.889,
-0.8879999999999999,
-0.887,
-0.8859999999999999,
-0.885,
-0.8839999999999999,
-0.883,
-0.8819999999999999,
-0.881,
-0.8799999999999999,
-0.879,
-0.8779999999999999,
-0.877,
-0.8759999999999999,
-0.875,
-0.8739999999999999,
-0.873,
-0.8719999999999999,
-0.871,
-0.8699999999999999,
-0.869,
-0.8679999999999999,
-0.867,
-0.8659999999999999,
-0.865,
-0.8639999999999999,
-0.863,
-0.8619999999999999,
-0.861,
-0.8599999999999999,
-0.859,
-0.8579999999999999,
-0.857,
-0.8559999999999999,
-0.855,
-0.8539999999999999,
-0.853,
-0.8519999999999999,
-0.851,
-0.8499999999999999,
-0.849,
-0.8479999999999999,
-0.847,
-0.8460000000000001,
-0.845,
-0.8440000000000001,
-0.843,
-0.8420000000000001,
-0.841,
-0.8400000000000001,
-0.839,
-0.8380000000000001,
-0.837,
-0.8360000000000001,
-0.835,
-0.8340000000000001,
-0.833,
-0.8320000000000001,
-0.831,
-0.8300000000000001,
-0.829,
-0.8280000000000001,
-0.827,
-0.8260000000000001,
-0.825,
-0.8240000000000001,
-0.823,
-0.8220000000000001,
-0.821,
-0.8200000000000001,
-0.819,
-0.8180000000000001,
-0.817,
-0.8160000000000001,
-0.815,
-0.8140000000000001,
-0.813,
-0.812,
-0.8109999999999999,
-0.81,
-0.8089999999999999,
-0.808,
-0.8069999999999999,
-0.806,
-0.8049999999999999,
-0.804,
-0.8029999999999999,
-0.802,
-0.8009999999999999,
-0.8,
-0.7989999999999999,
-0.798,
-0.7969999999999999,
-0.796,
-0.7949999999999999,
-0.794,
-0.7929999999999999,
-0.792,
-0.7909999999999999,
-0.79,
-0.7889999999999999,
-0.788,
-0.7869999999999999,
-0.786,
-0.7849999999999999,
-0.784,
-0.7829999999999999,
-0.782,
-0.7809999999999999,
-0.78,
-0.7789999999999999,
-0.778,
-0.7769999999999999,
-0.776,
-0.7749999999999999,
-0.774,
-0.7729999999999999,
-0.772,
-0.7709999999999999,
-0.77,
-0.7689999999999999,
-0.768,
-0.7669999999999999,
-0.766,
-0.7649999999999999,
-0.764,
-0.7629999999999999,
-0.762,
-0.7609999999999999,
-0.76,
-0.7589999999999999,
-0.758,
-0.7569999999999999,
-0.756,
-0.7549999999999999,
-0.754,
-0.7529999999999999,
-0.752,
-0.7509999999999999,
-0.75,
-0.7489999999999999,
-0.748,
-0.7469999999999999,
-0.746,
-0.7449999999999999,
-0.744,
-0.7429999999999999,
-0.742,
-0.7409999999999999,
-0.74,
-0.7389999999999999,
-0.738,
-0.7369999999999999,
-0.736,
-0.7349999999999999,
-0.734,
-0.7329999999999999,
-0.732,
-0.7309999999999999,
-0.73,
-0.7289999999999999,
-0.728,
-0.7269999999999999,
-0.726,
-0.7249999999999999,
-0.724,
-0.7229999999999999,
-0.722,
-0.7209999999999999,
-0.72,
-0.7190000000000001,
-0.718,
-0.7170000000000001,
-0.716,
-0.7150000000000001,
-0.714,
-0.7130000000000001,
-0.712,
-0.7110000000000001,
-0.71,
-0.7090000000000001,
-0.708,
-0.7070000000000001,
-0.706,
-0.7050000000000001,
-0.704,
-0.7030000000000001,
-0.702,
-0.7010000000000001,
-0.7,
-0.6990000000000001,
-0.698,
-0.6970000000000001,
-0.696,
-0.6950000000000001,
-0.694,
-0.6930000000000001,
-0.692,
-0.6910000000000001,
-0.69,
-0.6890000000000001,
-0.688,
-0.687,
-0.6859999999999999,
-0.685,
-0.6839999999999999,
-0.683,
-0.6819999999999999,
-0.681,
-0.6799999999999999,
-0.679,
-0.6779999999999999,
-0.677,
-0.6759999999999999,
-0.675,
-0.6739999999999999,
-0.673,
-0.6719999999999999,
-0.671,
-0.6699999999999999,
-0.669,
-0.6679999999999999,
-0.667,
-0.6659999999999999,
-0.665,
-0.6639999999999999,
-0.663,
-0.6619999999999999,
-0.661,
-0.6599999999999999,
-0.659,
-0.6579999999999999,
-0.657,
-0.6559999999999999,
-0.655,
-0.6539999999999999,
-0.653,
-0.6519999999999999,
-0.651,
-0.6499999999999999,
-0.649,
-0.6479999999999999,
-0.647,
-0.6459999999999999,
-0.645,
-0.6439999999999999,
-0.643,
-0.6419999999999999,
-0.641,
-0.6399999999999999,
-0.639,
-0.6379999999999999,
-0.637,
-0.6359999999999999,
-0.635,
-0.6339999999999999,
-0.633,
-0.6319999999999999,
-0.631,
-0.6299999999999999,
-0.629,
-0.6279999999999999,
-0.627,
-0.6259999999999999,
-0.625,
-0.6239999999999999,
-0.623,
-0.6219999999999999,
-0.621,
-0.6199999999999999,
-0.619,
-0.6179999999999999,
-0.617,
-0.6159999999999999,
-0.615,
-0.6139999999999999,
-0.613,
-0.6119999999999999,
-0.611,
-0.6099999999999999,
-0.609,
-0.6079999999999999,
-0.607,
-0.6059999999999999,
-0.605,
-0.6039999999999999,
-0.603,
-0.6019999999999999,
-0.601,
-0.5999999999999999,
-0.599,
-0.5979999999999999,
-0.597,
-0.5959999999999999,
-0.595,
-0.5939999999999999,
-0.593,
-0.5920000000000001,
-0.591,
-0.5900000000000001,
-0.589,
-0.5880000000000001,
-0.587,
-0.5860000000000001,
-0.585,
-0.5840000000000001,
-0.583,
-0.5820000000000001,
-0.581,
-0.5800000000000001,
-0.579,
-0.5780000000000001,
-0.577,
-0.5760000000000001,
-0.575,
-0.5740000000000001,
-0.573,
-0.5720000000000001,
-0.571,
-0.5700000000000001,
-0.569,
-0.5680000000000001,
-0.567,
-0.5660000000000001,
-0.565,
-0.5640000000000001,
-0.563,
-0.562,
-0.5609999999999999,
-0.56,
-0.5589999999999999,
-0.558,
-0.5569999999999999,
-0.556,
-0.5549999999999999,
-0.554,
-0.5529999999999999,
-0.552,
-0.5509999999999999,
-0.55,
-0.5489999999999999,
-0.548,
-0.5469999999999999,
-0.546,
-0.5449999999999999,
-0.544,
-0.5429999999999999,
-0.542,
-0.5409999999999999,
-0.54,
-0.5389999999999999,
-0.538,
-0.5369999999999999,
-0.536,
-0.5349999999999999,
-0.534,
-0.5329999999999999,
-0.532,
-0.5309999999999999,
-0.53,
-0.5289999999999999,
-0.528,
-0.5269999999999999,
-0.526,
-0.5249999999999999,
-0.524,
-0.5229999999999999,
-0.522,
-0.5209999999999999,
-0.52,
-0.5189999999999999,
-0.518,
-0.5169999999999999,
-0.516,
-0.5149999999999999,
-0.514,
-0.5129999999999999,
-0.512,
-0.5109999999999999,
-0.51,
-0.5089999999999999,
-0.508,
-0.5069999999999999,
-0.506,
-0.5049999999999999,
-0.504,
-0.5029999999999999,
-0.502,
-0.5009999999999999,
-0.5,
-0.4989999999999999,
-0.498,
-0.4969999999999999,
-0.496,
-0.4949999999999999,
-0.494,
-0.4929999999999999,
-0.492,
-0.4909999999999999,
-0.49,
-0.4889999999999999,
-0.488,
-0.4869999999999999,
-0.486,
-0.4849999999999999,
-0.484,
-0.4829999999999999,
-0.482,
-0.48099999999999987,
-0.48,
-0.47899999999999987,
-0.478,
-0.47699999999999987,
-0.476,
-0.47499999999999987,
-0.474,
-0.47299999999999986,
-0.472,
-0.47099999999999986,
-0.47,
-0.46899999999999986,
-0.46799999999999997,
-0.46699999999999986,
-0.46599999999999997,
-0.46499999999999986,
-0.46399999999999997,
-0.4630000000000001,
-0.46199999999999997,
-0.4610000000000001,
-0.45999999999999996,
-0.4590000000000001,
-0.45799999999999996,
-0.4570000000000001,
-0.45599999999999996,
-0.45500000000000007,
-0.45399999999999996,
-0.45300000000000007,
-0.45199999999999996,
-0.45100000000000007,
-0.44999999999999996,
-0.44900000000000007,
-0.44799999999999995,
-0.44700000000000006,
-0.44599999999999995,
-0.44500000000000006,
-0.44399999999999995,
-0.44300000000000006,
-0.44199999999999995,
-0.44100000000000006,
-0.43999999999999995,
-0.43900000000000006,
-0.43799999999999994,
-0.43700000000000006,
-0.43599999999999994,
-0.43500000000000005,
-0.43399999999999994,
-0.43300000000000005,
-0.43199999999999994,
-0.43100000000000005,
-0.42999999999999994,
-0.42900000000000005,
-0.42799999999999994,
-0.42700000000000005,
-0.42599999999999993,
-0.42500000000000004,
-0.42399999999999993,
-0.42300000000000004,
-0.42199999999999993,
-0.42100000000000004,
-0.41999999999999993,
-0.41900000000000004,
-0.4179999999999999,
-0.41700000000000004,
-0.4159999999999999,
-0.41500000000000004,
-0.4139999999999999,
-0.41300000000000003,
-0.4119999999999999,
-0.41100000000000003,
-0.4099999999999999,
-0.40900000000000003,
-0.4079999999999999,
-0.40700000000000003,
-0.4059999999999999,
-0.405,
-0.4039999999999999,
-0.403,
-0.4019999999999999,
-0.401,
-0.3999999999999999,
-0.399,
-0.3979999999999999,
-0.397,
-0.3959999999999999,
-0.395,
-0.3939999999999999,
-0.393,
-0.3919999999999999,
-0.391,
-0.3899999999999999,
-0.389,
-0.3879999999999999,
-0.387,
-0.3859999999999999,
-0.385,
-0.3839999999999999,
-0.383,
-0.3819999999999999,
-0.381,
-0.3799999999999999,
-0.379,
-0.3779999999999999,
-0.377,
-0.3759999999999999,
-0.375,
-0.3739999999999999,
-0.373,
-0.3719999999999999,
-0.371,
-0.3699999999999999,
-0.369,
-0.3679999999999999,
-0.367,
-0.3659999999999999,
-0.365,
-0.3639999999999999,
-0.363,
-0.3619999999999999,
-0.361,
-0.3599999999999999,
-0.359,
-0.3579999999999999,
-0.357,
-0.35599999999999987,
-0.355,
-0.35399999999999987,
-0.353,
-0.35199999999999987,
-0.351,
-0.34999999999999987,
-0.349,
-0.34799999999999986,
-0.347,
-0.34599999999999986,
-0.345,
-0.34399999999999986,
-0.34299999999999997,
-0.34199999999999986,
-0.34099999999999997,
-0.33999999999999986,
-0.33899999999999997,
-0.33799999999999986,
-0.33699999999999997,
-0.33599999999999985,
-0.33499999999999996,
-0.3340000000000001,
-0.33299999999999996,
-0.3320000000000001,
-0.33099999999999996,
-0.33000000000000007,
-0.32899999999999996,
-0.32800000000000007,
-0.32699999999999996,
-0.32600000000000007,
-0.32499999999999996,
-0.32400000000000007,
-0.32299999999999995,
-0.32200000000000006,
-0.32099999999999995,
-0.32000000000000006,
-0.31899999999999995,
-0.31800000000000006,
-0.31699999999999995,
-0.31600000000000006,
-0.31499999999999995,
-0.31400000000000006,
-0.31299999999999994,
-0.31200000000000006,
-0.31099999999999994,
-0.31000000000000005,
-0.30899999999999994,
-0.30800000000000005,
-0.30699999999999994,
-0.30600000000000005,
-0.30499999999999994,
-0.30400000000000005,
-0.30299999999999994,
-0.30200000000000005,
-0.30099999999999993,
-0.30000000000000004,
-0.29899999999999993,
-0.29800000000000004,
-0.29699999999999993,
-0.29600000000000004,
-0.29499999999999993,
-0.29400000000000004,
-0.2929999999999999,
-0.29200000000000004,
-0.2909999999999999,
-0.29000000000000004,
-0.2889999999999999,
-0.28800000000000003,
-0.2869999999999999,
-0.28600000000000003,
-0.2849999999999999,
-0.28400000000000003,
-0.2829999999999999,
-0.28200000000000003,
-0.2809999999999999,
-0.28,
-0.2789999999999999,
-0.278,
-0.2769999999999999,
-0.276,
-0.2749999999999999,
-0.274,
-0.2729999999999999,
-0.272,
-0.2709999999999999,
-0.27,
-0.2689999999999999,
-0.268,
-0.2669999999999999,
-0.266,
-0.2649999999999999,
-0.264,
-0.2629999999999999,
-0.262,
-0.2609999999999999,
-0.26,
-0.2589999999999999,
-0.258,
-0.2569999999999999,
-0.256,
-0.2549999999999999,
-0.254,
-0.2529999999999999,
-0.252,
-0.2509999999999999,
-0.25,
-0.2489999999999999,
-0.248,
-0.2469999999999999,
-0.246,
-0.24499999999999988,
-0.244,
-0.24299999999999988,
-0.242,
-0.24099999999999988,
-0.24,
-0.23899999999999988,
-0.238,
-0.23699999999999988,
-0.236,
-0.23499999999999988,
-0.23399999999999999,
-0.23299999999999987,
-0.23199999999999998,
-0.23099999999999987,
-0.22999999999999998,
-0.22899999999999987,
-0.22799999999999998,
-0.22699999999999987,
-0.22599999999999998,
-0.22499999999999987,
-0.22399999999999998,
-0.22299999999999986,
-0.22199999999999998,
-0.22099999999999986,
-0.21999999999999997,
-0.21899999999999986,
-0.21799999999999997,
-0.21699999999999986,
-0.21599999999999997,
-0.21499999999999986,
-0.21399999999999997,
-0.21299999999999986,
-0.21199999999999997,
-0.21099999999999985,
-0.20999999999999996,
-0.20899999999999985,
-0.20799999999999996,
-0.20700000000000007,
-0.20599999999999996,
-0.20500000000000007,
-0.20399999999999996,
-0.20300000000000007,
-0.20199999999999996,
-0.20100000000000007,
-0.19999999999999996,
-0.19900000000000007,
-0.19799999999999995,
-0.19700000000000006,
-0.19599999999999995,
-0.19500000000000006,
-0.19399999999999995,
-0.19300000000000006,
-0.19199999999999995,
-0.19100000000000006,
-0.18999999999999995,
-0.18900000000000006,
-0.18799999999999994,
-0.18700000000000006,
-0.18599999999999994,
-0.18500000000000005,
-0.18399999999999994,
-0.18300000000000005,
-0.18199999999999994,
-0.18100000000000005,
-0.17999999999999994,
-0.17900000000000005,
-0.17799999999999994,
-0.17700000000000005,
-0.17599999999999993,
-0.17500000000000004,
-0.17399999999999993,
-0.17300000000000004,
-0.17199999999999993,
-0.17100000000000004,
-0.16999999999999993,
-0.16900000000000004,
-0.16799999999999993,
-0.16700000000000004,
-0.16599999999999993,
-0.16500000000000004,
-0.16399999999999992,
-0.16300000000000003,
-0.16199999999999992,
-0.16100000000000003,
-0.15999999999999992,
-0.15900000000000003,
-0.15799999999999992,
-0.15700000000000003,
-0.15599999999999992,
-0.15500000000000003,
-0.15399999999999991,
-0.15300000000000002,
-0.1519999999999999,
-0.15100000000000002,
-0.1499999999999999,
-0.14900000000000002,
-0.1479999999999999,
-0.14700000000000002,
-0.1459999999999999,
-0.14500000000000002,
-0.1439999999999999,
-0.14300000000000002,
-0.1419999999999999,
-0.14100000000000001,
-0.1399999999999999,
-0.139,
-0.1379999999999999,
-0.137,
-0.1359999999999999,
-0.135,
-0.1339999999999999,
-0.133,
-0.1319999999999999,
-0.131,
-0.1299999999999999,
-0.129,
-0.1279999999999999,
-0.127,
-0.1259999999999999,
-0.125,
-0.12399999999999989,
-0.123,
-0.12199999999999989,
-0.121,
-0.11999999999999988,
-0.119,
-0.11799999999999988,
-0.11699999999999999,
-0.11599999999999988,
-0.11499999999999999,
-0.11399999999999988,
-0.11299999999999999,
-0.11199999999999988,
-0.11099999999999999,
-0.10999999999999988,
-0.10899999999999999,
-0.10799999999999987,
-0.10699999999999998,
-0.10599999999999987,
-0.10499999999999998,
-0.10399999999999987,
-0.10299999999999998,
-0.10199999999999987,
-0.10099999999999998,
-0.09999999999999987,
-0.09899999999999998,
-0.09799999999999986,
-0.09699999999999998,
-0.09599999999999986,
-0.09499999999999997,
-0.09399999999999986,
-0.09299999999999997,
-0.09199999999999986,
-0.09099999999999997,
-0.08999999999999986,
-0.08899999999999997,
-0.08799999999999986,
-0.08699999999999997,
-0.08599999999999985,
-0.08499999999999996,
-0.08399999999999985,
-0.08299999999999996,
-0.08199999999999985,
-0.08099999999999996,
-0.08000000000000007,
-0.07899999999999996,
-0.07800000000000007,
-0.07699999999999996,
-0.07600000000000007,
-0.07499999999999996,
-0.07400000000000007,
-0.07299999999999995,
-0.07200000000000006,
-0.07099999999999995,
-0.07000000000000006,
-0.06899999999999995,
-0.06800000000000006,
-0.06699999999999995,
-0.06600000000000006,
-0.06499999999999995,
-0.06400000000000006,
-0.06299999999999994,
-0.062000000000000055,
-0.06099999999999994,
-0.06000000000000005,
-0.05899999999999994,
-0.05800000000000005,
-0.05699999999999994,
-0.05600000000000005,
-0.05499999999999994,
-0.05400000000000005,
-0.052999999999999936,
-0.052000000000000046,
-0.050999999999999934,
-0.050000000000000044,
-0.04899999999999993,
-0.04800000000000004,
-0.04699999999999993,
-0.04600000000000004,
-0.04499999999999993,
-0.04400000000000004,
-0.04299999999999993,
-0.04200000000000004,
-0.040999999999999925,
-0.040000000000000036,
-0.038999999999999924,
-0.038000000000000034,
-0.03699999999999992,
-0.03600000000000003,
-0.03499999999999992,
-0.03400000000000003,
-0.03299999999999992,
-0.03200000000000003,
-0.030999999999999917,
-0.030000000000000027,
-0.028999999999999915,
-0.028000000000000025,
-0.026999999999999913,
-0.026000000000000023,
-0.02499999999999991,
-0.02400000000000002,
-0.02299999999999991,
-0.02200000000000002,
-0.020999999999999908,
-0.020000000000000018,
-0.018999999999999906,
-0.018000000000000016,
-0.016999999999999904,
-0.016000000000000014,
-0.014999999999999902,
-0.014000000000000012,
-0.0129999999999999,
-0.01200000000000001,
-0.010999999999999899,
-0.010000000000000009,
-0.008999999999999897,
-0.008000000000000007,
-0.006999999999999895,
-0.006000000000000005,
-0.004999999999999893,
-0.0040000000000000036,
-0.0029999999999998916,
-0.0020000000000000018,
-0.0009999999999998899,
0.0,
0.0009999999999998899,
0.002000000000000224,
0.0030000000000001137,
0.0040000000000000036,
0.004999999999999893,
0.006000000000000227,
0.007000000000000117,
0.008000000000000007,
0.008999999999999897,
0.010000000000000231,
0.01100000000000012,
0.01200000000000001,
0.0129999999999999,
0.014000000000000234,
0.015000000000000124,
0.016000000000000014,
0.016999999999999904,
0.018000000000000238,
0.019000000000000128,
0.020000000000000018,
0.020999999999999908,
0.02200000000000024,
0.02300000000000013,
0.02400000000000002,
0.02499999999999991,
0.026000000000000245,
0.027000000000000135,
0.028000000000000025,
0.028999999999999915,
0.03000000000000025,
0.03100000000000014,
0.03200000000000003,
0.03299999999999992,
0.03400000000000025,
0.03500000000000014,
0.03600000000000003,
0.03699999999999992,
0.038000000000000256,
0.039000000000000146,
0.040000000000000036,
0.040999999999999925,
0.04200000000000026,
0.04300000000000015,
0.04400000000000004,
0.04499999999999993,
0.04600000000000026,
0.04700000000000015,
0.04800000000000004,
0.04899999999999993,
0.04999999999999982,
0.051000000000000156,
0.052000000000000046,
0.052999999999999936,
0.053999999999999826,
0.05500000000000016,
0.05600000000000005,
0.05699999999999994,
0.05799999999999983,
0.05900000000000016,
0.06000000000000005,
0.06099999999999994,
0.06199999999999983,
0.06300000000000017,
0.06400000000000006,
0.06499999999999995,
0.06599999999999984,
0.06700000000000017,
0.06800000000000006,
0.06899999999999995,
0.06999999999999984,
0.07100000000000017,
0.07200000000000006,
0.07299999999999995,
0.07399999999999984,
0.07500000000000018,
0.07600000000000007,
0.07699999999999996,
0.07799999999999985,
0.07900000000000018,
0.08000000000000007,
0.08099999999999996,
0.08199999999999985,
0.08300000000000018,
0.08400000000000007,
0.08499999999999996,
0.08599999999999985,
0.08700000000000019,
0.08800000000000008,
0.08899999999999997,
0.08999999999999986,
0.09100000000000019,
0.09200000000000008,
0.09299999999999997,
0.09399999999999986,
0.0950000000000002,
0.09600000000000009,
0.09699999999999998,
0.09799999999999986,
0.0990000000000002,
0.10000000000000009,
0.10099999999999998,
0.10199999999999987,
0.1030000000000002,
0.10400000000000009,
0.10499999999999998,
0.10599999999999987,
0.1070000000000002,
0.1080000000000001,
0.10899999999999999,
0.10999999999999988,
0.11100000000000021,
0.1120000000000001,
0.11299999999999999,
0.11399999999999988,
0.11500000000000021,
0.1160000000000001,
0.11699999999999999,
0.11799999999999988,
0.11900000000000022,
0.1200000000000001,
0.121,
0.12199999999999989,
0.12300000000000022,
0.12400000000000011,
0.125,
0.1259999999999999,
0.12700000000000022,
0.1280000000000001,
0.129,
0.1299999999999999,
0.13100000000000023,
0.13200000000000012,
0.133,
0.1339999999999999,
0.13500000000000023,
0.13600000000000012,
0.137,
0.1379999999999999,
0.13900000000000023,
0.14000000000000012,
0.14100000000000001,
0.1419999999999999,
0.14300000000000024,
0.14400000000000013,
0.14500000000000002,
0.1459999999999999,
0.14700000000000024,
0.14800000000000013,
0.14900000000000002,
0.1499999999999999,
0.15100000000000025,
0.15200000000000014,
0.15300000000000002,
0.15399999999999991,
0.15500000000000025,
0.15600000000000014,
0.15700000000000003,
0.15799999999999992,
0.15900000000000025,
0.16000000000000014,
0.16100000000000003,
0.16199999999999992,
0.16300000000000026,
0.16400000000000015,
0.16500000000000004,
0.16599999999999993,
0.16700000000000026,
0.16800000000000015,
0.16900000000000004,
0.16999999999999993,
0.17100000000000026,
0.17200000000000015,
0.17300000000000004,
0.17399999999999993,
0.17500000000000027,
0.17600000000000016,
0.17700000000000005,
0.17799999999999994,
0.17899999999999983,
0.18000000000000016,
0.18100000000000005,
0.18199999999999994,
0.18299999999999983,
0.18400000000000016,
0.18500000000000005,
0.18599999999999994,
0.18699999999999983,
0.18800000000000017,
0.18900000000000006,
0.18999999999999995,
0.19099999999999984,
0.19200000000000017,
0.19300000000000006,
0.19399999999999995,
0.19499999999999984,
0.19600000000000017,
0.19700000000000006,
0.19799999999999995,
0.19899999999999984,
0.20000000000000018,
0.20100000000000007,
0.20199999999999996,
0.20299999999999985,
0.20400000000000018,
0.20500000000000007,
0.20599999999999996,
0.20699999999999985,
0.20800000000000018,
0.20900000000000007,
0.20999999999999996,
0.21099999999999985,
0.2120000000000002,
0.21300000000000008,
0.21399999999999997,
0.21499999999999986,
0.2160000000000002,
0.21700000000000008,
0.21799999999999997,
0.21899999999999986,
0.2200000000000002,
0.22100000000000009,
0.22199999999999998,
0.22299999999999986,
0.2240000000000002,
0.2250000000000001,
0.22599999999999998,
0.22699999999999987,
0.2280000000000002,
0.2290000000000001,
0.22999999999999998,
0.23099999999999987,
0.2320000000000002,
0.2330000000000001,
0.23399999999999999,
0.23499999999999988,
0.2360000000000002,
0.2370000000000001,
0.238,
0.23899999999999988,
0.2400000000000002,
0.2410000000000001,
0.242,
0.24299999999999988,
0.24400000000000022,
0.2450000000000001,
0.246,
0.2469999999999999,
0.24800000000000022,
0.2490000000000001,
0.25,
0.2509999999999999,
0.2520000000000002,
0.2530000000000001,
0.254,
0.2549999999999999,
0.2560000000000002,
0.2570000000000001,
0.258,
0.2589999999999999,
0.26000000000000023,
0.2610000000000001,
0.262,
0.2629999999999999,
0.26400000000000023,
0.2650000000000001,
0.266,
0.2669999999999999,
0.26800000000000024,
0.26900000000000013,
0.27,
0.2709999999999999,
0.27200000000000024,
0.27300000000000013,
0.274,
0.2749999999999999,
0.27600000000000025,
0.27700000000000014,
0.278,
0.2789999999999999,
0.28000000000000025,
0.28100000000000014,
0.28200000000000003,
0.2829999999999999,
0.28400000000000025,
0.28500000000000014,
0.28600000000000003,
0.2869999999999999,
0.28800000000000026,
0.28900000000000015,
0.29000000000000004,
0.2909999999999999,
0.29200000000000026,
0.29300000000000015,
0.29400000000000004,
0.29499999999999993,
0.29600000000000026,
0.29700000000000015,
0.29800000000000004,
0.29899999999999993,
0.30000000000000027,
0.30100000000000016,
0.30200000000000005,
0.30299999999999994,
0.30400000000000027,
0.30500000000000016,
0.30600000000000005,
0.30699999999999994,
0.30799999999999983,
0.30900000000000016,
0.31000000000000005,
0.31099999999999994,
0.31199999999999983,
0.31300000000000017,
0.31400000000000006,
0.31499999999999995,
0.31599999999999984,
0.31700000000000017,
0.31800000000000006,
0.31899999999999995,
0.31999999999999984,
0.3210000000000002,
0.32200000000000006,
0.32299999999999995,
0.32399999999999984,
0.3250000000000002,
0.32600000000000007,
0.32699999999999996,
0.32799999999999985,
0.3290000000000002,
0.33000000000000007,
0.33099999999999996,
0.33199999999999985,
0.3330000000000002,
0.3340000000000001,
0.33499999999999996,
0.33599999999999985,
0.3370000000000002,
0.3380000000000001,
0.33899999999999997,
0.33999999999999986,
0.3410000000000002,
0.3420000000000001,
0.34299999999999997,
0.34399999999999986,
0.3450000000000002,
0.3460000000000001,
0.347,
0.34799999999999986,
0.3490000000000002,
0.3500000000000001,
0.351,
0.35199999999999987,
0.3530000000000002,
0.3540000000000001,
0.355,
0.35599999999999987,
0.3570000000000002,
0.3580000000000001,
0.359,
0.3599999999999999,
0.3610000000000002,
0.3620000000000001,
0.363,
0.3639999999999999,
0.3650000000000002,
0.3660000000000001,
0.367,
0.3679999999999999,
0.3690000000000002,
0.3700000000000001,
0.371,
0.3719999999999999,
0.3730000000000002,
0.3740000000000001,
0.375,
0.3759999999999999,
0.3770000000000002,
0.3780000000000001,
0.379,
0.3799999999999999,
0.3810000000000002,
0.3820000000000001,
0.383,
0.3839999999999999,
0.38500000000000023,
0.3860000000000001,
0.387,
0.3879999999999999,
0.38900000000000023,
0.3900000000000001,
0.391,
0.3919999999999999,
0.39300000000000024,
0.39400000000000013,
0.395,
0.3959999999999999,
0.39700000000000024,
0.39800000000000013,
0.399,
0.3999999999999999,
0.40100000000000025,
0.40200000000000014,
0.403,
0.4039999999999999,
0.40500000000000025,
0.40600000000000014,
0.40700000000000003,
0.4079999999999999,
0.40900000000000025,
0.41000000000000014,
0.41100000000000003,
0.4119999999999999,
0.41300000000000026,
0.41400000000000015,
0.41500000000000004,
0.4159999999999999,
0.41700000000000026,
0.41800000000000015,
0.41900000000000004,
0.41999999999999993,
0.42100000000000026,
0.42200000000000015,
0.42300000000000004,
0.42399999999999993,
0.42500000000000027,
0.42600000000000016,
0.42700000000000005,
0.42799999999999994,
0.42900000000000027,
0.43000000000000016,
0.43100000000000005,
0.43199999999999994,
0.43299999999999983,
0.43400000000000016,
0.43500000000000005,
0.43599999999999994,
0.43699999999999983,
0.43800000000000017,
0.43900000000000006,
0.43999999999999995,
0.44099999999999984,
0.44200000000000017,
0.44300000000000006,
0.44399999999999995,
0.44499999999999984,
0.4460000000000002,
0.44700000000000006,
0.44799999999999995,
0.44899999999999984,
0.4500000000000002,
0.45100000000000007,
0.45199999999999996,
0.45299999999999985,
0.4540000000000002,
0.45500000000000007,
0.45599999999999996,
0.45699999999999985,
0.4580000000000002,
0.4590000000000001,
0.45999999999999996,
0.46099999999999985,
0.4620000000000002,
0.4630000000000001,
0.46399999999999997,
0.46499999999999986,
0.4660000000000002,
0.4670000000000001,
0.46799999999999997,
0.46899999999999986,
0.4700000000000002,
0.4710000000000001,
0.472,
0.47299999999999986,
0.4740000000000002,
0.4750000000000001,
0.476,
0.47699999999999987,
0.4780000000000002,
0.4790000000000001,
0.48,
0.48099999999999987,
0.4820000000000002,
0.4830000000000001,
0.484,
0.4849999999999999,
0.4860000000000002,
0.4870000000000001,
0.488,
0.4889999999999999,
0.4900000000000002,
0.4910000000000001,
0.492,
0.4929999999999999,
0.4940000000000002,
0.4950000000000001,
0.496,
0.4969999999999999,
0.4980000000000002,
0.4990000000000001,
0.5,
0.5009999999999999,
0.5020000000000002,
0.5030000000000001,
0.504,
0.5049999999999999,
0.5060000000000002,
0.5070000000000001,
0.508,
0.5089999999999999,
0.5100000000000002,
0.5110000000000001,
0.512,
0.5129999999999999,
0.5140000000000002,
0.5150000000000001,
0.516,
0.5169999999999999,
0.5180000000000002,
0.5190000000000001,
0.52,
0.5209999999999999,
0.5220000000000002,
0.5230000000000001,
0.524,
0.5249999999999999,
0.5260000000000002,
0.5270000000000001,
0.528,
0.5289999999999999,
0.5300000000000002,
0.5310000000000001,
0.532,
0.5329999999999999,
0.5340000000000003,
0.5350000000000001,
0.536,
0.5369999999999999,
0.5380000000000003,
0.5390000000000001,
0.54,
0.5409999999999999,
0.5420000000000003,
0.5430000000000001,
0.544,
0.5449999999999999,
0.5460000000000003,
0.5470000000000002,
0.548,
0.5489999999999999,
0.5500000000000003,
0.5510000000000002,
0.552,
0.5529999999999999,
0.5540000000000003,
0.5550000000000002,
0.556,
0.5569999999999999,
0.5580000000000003,
0.5590000000000002,
0.56,
0.5609999999999999,
0.5619999999999998,
0.5630000000000002,
0.5640000000000001,
0.565,
0.5659999999999998,
0.5670000000000002,
0.5680000000000001,
0.569,
0.5699999999999998,
0.5710000000000002,
0.5720000000000001,
0.573,
0.5739999999999998,
0.5750000000000002,
0.5760000000000001,
0.577,
0.5779999999999998,
0.5790000000000002,
0.5800000000000001,
0.581,
0.5819999999999999,
0.5830000000000002,
0.5840000000000001,
0.585,
0.5859999999999999,
0.5870000000000002,
0.5880000000000001,
0.589,
0.5899999999999999,
0.5910000000000002,
0.5920000000000001,
0.593,
0.5939999999999999,
0.5950000000000002,
0.5960000000000001,
0.597,
0.5979999999999999,
0.5990000000000002,
0.6000000000000001,
0.601,
0.6019999999999999,
0.6030000000000002,
0.6040000000000001,
0.605,
0.6059999999999999,
0.6070000000000002,
0.6080000000000001,
0.609,
0.6099999999999999,
0.6110000000000002,
0.6120000000000001,
0.613,
0.6139999999999999,
0.6150000000000002,
0.6160000000000001,
0.617,
0.6179999999999999,
0.6190000000000002,
0.6200000000000001,
0.621,
0.6219999999999999,
0.6230000000000002,
0.6240000000000001,
0.625,
0.6259999999999999,
0.6270000000000002,
0.6280000000000001,
0.629,
0.6299999999999999,
0.6310000000000002,
0.6320000000000001,
0.633,
0.6339999999999999,
0.6350000000000002,
0.6360000000000001,
0.637,
0.6379999999999999,
0.6390000000000002,
0.6400000000000001,
0.641,
0.6419999999999999,
0.6430000000000002,
0.6440000000000001,
0.645,
0.6459999999999999,
0.6470000000000002,
0.6480000000000001,
0.649,
0.6499999999999999,
0.6510000000000002,
0.6520000000000001,
0.653,
0.6539999999999999,
0.6550000000000002,
0.6560000000000001,
0.657,
0.6579999999999999,
0.6590000000000003,
0.6600000000000001,
0.661,
0.6619999999999999,
0.6630000000000003,
0.6640000000000001,
0.665,
0.6659999999999999,
0.6670000000000003,
0.6680000000000001,
0.669,
0.6699999999999999,
0.6710000000000003,
0.6720000000000002,
0.673,
0.6739999999999999,
0.6750000000000003,
0.6760000000000002,
0.677,
0.6779999999999999,
0.6790000000000003,
0.6800000000000002,
0.681,
0.6819999999999999,
0.6830000000000003,
0.6840000000000002,
0.685,
0.6859999999999999,
0.6870000000000003,
0.6880000000000002,
0.6890000000000001,
0.69,
0.6909999999999998,
0.6920000000000002,
0.6930000000000001,
0.694,
0.6949999999999998,
0.6960000000000002,
0.6970000000000001,
0.698,
0.6989999999999998,
0.7000000000000002,
0.7010000000000001,
0.702,
0.7029999999999998,
0.7040000000000002,
0.7050000000000001,
0.706,
0.7069999999999999,
0.7080000000000002,
0.7090000000000001,
0.71,
0.7109999999999999,
0.7120000000000002,
0.7130000000000001,
0.714,
0.7149999999999999,
0.7160000000000002,
0.7170000000000001,
0.718,
0.7189999999999999,
0.7200000000000002,
0.7210000000000001,
0.722,
0.7229999999999999,
0.7240000000000002,
0.7250000000000001,
0.726,
0.7269999999999999,
0.7280000000000002,
0.7290000000000001,
0.73,
0.7309999999999999,
0.7320000000000002,
0.7330000000000001,
0.734,
0.7349999999999999,
0.7360000000000002,
0.7370000000000001,
0.738,
0.7389999999999999,
0.7400000000000002,
0.7410000000000001,
0.742,
0.7429999999999999,
0.7440000000000002,
0.7450000000000001,
0.746,
0.7469999999999999,
0.7480000000000002,
0.7490000000000001,
0.75,
0.7509999999999999,
0.7520000000000002,
0.7530000000000001,
0.754,
0.7549999999999999,
0.7560000000000002,
0.7570000000000001,
0.758,
0.7589999999999999,
0.7600000000000002,
0.7610000000000001,
0.762,
0.7629999999999999,
0.7640000000000002,
0.7650000000000001,
0.766,
0.7669999999999999,
0.7680000000000002,
0.7690000000000001,
0.77,
0.7709999999999999,
0.7720000000000002,
0.7730000000000001,
0.774,
0.7749999999999999,
0.7760000000000002,
0.7770000000000001,
0.778,
0.7789999999999999,
0.7800000000000002,
0.7810000000000001,
0.782,
0.7829999999999999,
0.7840000000000003,
0.7850000000000001,
0.786,
0.7869999999999999,
0.7880000000000003,
0.7890000000000001,
0.79,
0.7909999999999999,
0.7920000000000003,
0.7930000000000001,
0.794,
0.7949999999999999,
0.7960000000000003,
0.7970000000000002,
0.798,
0.7989999999999999,
0.8000000000000003,
0.8010000000000002,
0.802,
0.8029999999999999,
0.8040000000000003,
0.8050000000000002,
0.806,
0.8069999999999999,
0.8080000000000003,
0.8090000000000002,
0.81,
0.8109999999999999,
0.8120000000000003,
0.8130000000000002,
0.8140000000000001,
0.815,
0.8159999999999998,
0.8170000000000002,
0.8180000000000001,
0.819,
0.8199999999999998,
0.8210000000000002,
0.8220000000000001,
0.823,
0.8239999999999998,
0.8250000000000002,
0.8260000000000001,
0.827,
0.8279999999999998,
0.8290000000000002,
0.8300000000000001,
0.831,
0.8319999999999999,
0.8330000000000002,
0.8340000000000001,
0.835,
0.8359999999999999,
0.8370000000000002,
0.8380000000000001,
0.839,
0.8399999999999999,
0.8410000000000002,
0.8420000000000001,
0.843,
0.8439999999999999,
0.8450000000000002,
0.8460000000000001,
0.847,
0.8479999999999999,
0.8490000000000002,
0.8500000000000001,
0.851,
0.8519999999999999,
0.8530000000000002,
0.8540000000000001,
0.855,
0.8559999999999999,
0.8570000000000002,
0.8580000000000001,
0.859,
0.8599999999999999,
0.8610000000000002,
0.8620000000000001,
0.863,
0.8639999999999999,
0.8650000000000002,
0.8660000000000001,
0.867,
0.8679999999999999,
0.8690000000000002,
0.8700000000000001,
0.871,
0.8719999999999999,
0.8730000000000002,
0.8740000000000001,
0.875,
0.8759999999999999,
0.8770000000000002,
0.8780000000000001,
0.879,
0.8799999999999999,
0.8810000000000002,
0.8820000000000001,
0.883,
0.8839999999999999,
0.8850000000000002,
0.8860000000000001,
0.887,
0.8879999999999999,
0.8890000000000002,
0.8900000000000001,
0.891,
0.8919999999999999,
0.8930000000000002,
0.8940000000000001,
0.895,
0.8959999999999999,
0.8970000000000002,
0.8980000000000001,
0.899,
0.8999999999999999,
0.9010000000000002,
0.9020000000000001,
0.903,
0.9039999999999999,
0.9050000000000002,
0.9060000000000001,
0.907,
0.9079999999999999,
0.9090000000000003,
0.9100000000000001,
0.911,
0.9119999999999999,
0.9130000000000003,
0.9140000000000001,
0.915,
0.9159999999999999,
0.9170000000000003,
0.9180000000000001,
0.919,
0.9199999999999999,
0.9210000000000003,
0.9220000000000002,
0.923,
0.9239999999999999,
0.9250000000000003,
0.9260000000000002,
0.927,
0.9279999999999999,
0.9290000000000003,
0.9300000000000002,
0.931,
0.9319999999999999,
0.9330000000000003,
0.9340000000000002,
0.935,
0.9359999999999999,
0.9370000000000003,
0.9380000000000002,
0.9390000000000001,
0.94,
0.9410000000000003,
0.9420000000000002,
0.9430000000000001,
0.944,
0.9449999999999998,
0.9460000000000002,
0.9470000000000001,
0.948,
0.9489999999999998,
0.9500000000000002,
0.9510000000000001,
0.952,
0.9529999999999998,
0.9540000000000002,
0.9550000000000001,
0.956,
0.9569999999999999,
0.9580000000000002,
0.9590000000000001,
0.96,
0.9609999999999999,
0.9620000000000002,
0.9630000000000001,
0.964,
0.9649999999999999,
0.9660000000000002,
0.9670000000000001,
0.968,
0.9689999999999999,
0.9700000000000002,
0.9710000000000001,
0.972,
0.9729999999999999,
0.9740000000000002,
0.9750000000000001,
0.976,
0.9769999999999999,
0.9780000000000002,
0.9790000000000001,
0.98,
0.9809999999999999,
0.9820000000000002,
0.9830000000000001,
0.984,
0.9849999999999999,
0.9860000000000002,
0.9870000000000001,
0.988,
0.9889999999999999,
0.9900000000000002,
0.9910000000000001,
0.992,
0.9929999999999999,
0.9940000000000002,
0.9950000000000001,
0.996,
0.9969999999999999,
0.9980000000000002,
0.9990000000000001,
1.0,
1.001,
1.0020000000000002,
1.0030000000000001,
1.004,
1.005,
1.0060000000000002,
1.0070000000000001,
1.008,
1.009,
1.0100000000000002,
1.0110000000000001,
1.012,
1.013,
1.0140000000000002,
1.0150000000000001,
1.016,
1.017,
1.0180000000000002,
1.0190000000000001,
1.02,
1.021,
1.0220000000000002,
1.0230000000000001,
1.024,
1.025,
1.0260000000000002,
1.0270000000000001,
1.028,
1.029,
1.0300000000000002,
1.0310000000000001,
1.032,
1.033,
1.0340000000000003,
1.0350000000000001,
1.036,
1.037,
1.0380000000000003,
1.0390000000000001,
1.04,
1.041,
1.0420000000000003,
1.0430000000000001,
1.044,
1.045,
1.0460000000000003,
1.0470000000000002,
1.048,
1.049,
1.0500000000000003,
1.0510000000000002,
1.052,
1.053,
1.0540000000000003,
1.0550000000000002,
1.056,
1.057,
1.0580000000000003,
1.0590000000000002,
1.06,
1.061,
1.0620000000000003,
1.0630000000000002,
1.064,
1.065,
1.0660000000000003,
1.0670000000000002,
1.068,
1.069,
1.0700000000000003,
1.0710000000000002,
1.072,
1.073,
1.0739999999999998,
1.0750000000000002,
1.076,
1.077,
1.0779999999999998,
1.0790000000000002,
1.08,
1.081,
1.0819999999999999,
1.0830000000000002,
1.084,
1.085,
1.0859999999999999,
1.0870000000000002,
1.088,
1.089,
1.0899999999999999,
1.0910000000000002,
1.092,
1.093,
1.0939999999999999,
1.0950000000000002,
1.096,
1.097,
1.0979999999999999,
1.0990000000000002,
1.1,
1.101,
1.1019999999999999,
1.1030000000000002,
1.104,
1.105,
1.1059999999999999,
1.1070000000000002,
1.108,
1.109,
1.1099999999999999,
1.1110000000000002,
1.112,
1.113,
1.1139999999999999,
1.1150000000000002,
1.116,
1.117,
1.1179999999999999,
1.1190000000000002,
1.12,
1.121,
1.1219999999999999,
1.1230000000000002,
1.124,
1.125,
1.126,
1.1270000000000002,
1.1280000000000001,
1.129,
1.13,
1.1310000000000002,
1.1320000000000001,
1.133,
1.134,
1.1350000000000002,
1.1360000000000001,
1.137,
1.138,
1.1390000000000002,
1.1400000000000001,
1.141,
1.142,
1.1430000000000002,
1.1440000000000001,
1.145,
1.146,
1.1470000000000002,
1.1480000000000001,
1.149,
1.15,
1.1510000000000002,
1.1520000000000001,
1.153,
1.154,
1.1550000000000002,
1.1560000000000001,
1.157,
1.158,
1.1590000000000003,
1.1600000000000001,
1.161,
1.162,
1.1630000000000003,
1.1640000000000001,
1.165,
1.166,
1.1670000000000003,
1.1680000000000001,
1.169,
1.17,
1.1710000000000003,
1.1720000000000002,
1.173,
1.174,
1.1750000000000003,
1.1760000000000002,
1.177,
1.178,
1.1790000000000003,
1.1800000000000002,
1.181,
1.182,
1.1830000000000003,
1.1840000000000002,
1.185,
1.186,
1.1870000000000003,
1.1880000000000002,
1.189,
1.19,
1.1910000000000003,
1.1920000000000002,
1.193,
1.194,
1.1950000000000003,
1.1960000000000002,
1.197,
1.198,
1.1990000000000003,
1.2000000000000002,
1.201,
1.202,
1.2029999999999998,
1.2040000000000002,
1.205,
1.206,
1.2069999999999999,
1.2080000000000002,
1.209,
1.21,
1.2109999999999999,
1.2120000000000002,
1.213,
1.214,
1.2149999999999999,
1.2160000000000002,
1.217,
1.218,
1.2189999999999999,
1.2200000000000002,
1.221,
1.222,
1.2229999999999999,
1.2240000000000002,
1.225,
1.226,
1.2269999999999999,
1.2280000000000002,
1.229,
1.23,
1.2309999999999999,
1.2320000000000002,
1.233,
1.234,
1.2349999999999999,
1.2360000000000002,
1.237,
1.238,
1.2389999999999999,
1.2400000000000002,
1.241,
1.242,
1.2429999999999999,
1.2440000000000002,
1.245,
1.246,
1.2469999999999999,
1.2480000000000002,
1.249,
1.25,
1.251,
1.2520000000000002,
1.2530000000000001,
1.254,
1.255,
1.2560000000000002,
1.2570000000000001,
1.258,
1.259,
1.2600000000000002,
1.2610000000000001,
1.262,
1.263,
1.2640000000000002,
1.2650000000000001,
1.266,
1.267,
1.2680000000000002,
1.2690000000000001,
1.27,
1.271,
1.2720000000000002,
1.2730000000000001,
1.274,
1.275,
1.2760000000000002,
1.2770000000000001,
1.278,
1.279,
1.2800000000000002,
1.2810000000000001,
1.282,
1.283,
1.2840000000000003,
1.2850000000000001,
1.286,
1.287,
1.2880000000000003,
1.2890000000000001,
1.29,
1.291,
1.2920000000000003,
1.2930000000000001,
1.294,
1.295,
1.2960000000000003,
1.2970000000000002,
1.298,
1.299,
1.3000000000000003,
1.3010000000000002,
1.302,
1.303,
1.3040000000000003,
1.3050000000000002,
1.306,
1.307,
1.3080000000000003,
1.3090000000000002,
1.31,
1.311,
1.3120000000000003,
1.3130000000000002,
1.314,
1.315,
1.3160000000000003,
1.3170000000000002,
1.318,
1.319,
1.3200000000000003,
1.3210000000000002,
1.322,
1.323,
1.3240000000000003,
1.3250000000000002,
1.326,
1.327,
1.3280000000000003,
1.3290000000000002,
1.33,
1.331,
1.3319999999999999,
1.3330000000000002,
1.334,
1.335,
1.3359999999999999,
1.3370000000000002,
1.338,
1.339,
1.3399999999999999,
1.3410000000000002,
1.342,
1.343,
1.3439999999999999,
1.3450000000000002,
1.346,
1.347,
1.3479999999999999,
1.3490000000000002,
1.35,
1.351,
1.3519999999999999,
1.3530000000000002,
1.354,
1.355,
1.3559999999999999,
1.3570000000000002,
1.358,
1.359,
1.3599999999999999,
1.3610000000000002,
1.362,
1.363,
1.3639999999999999,
1.3650000000000002,
1.366,
1.367,
1.3679999999999999,
1.3690000000000002,
1.37,
1.371,
1.3719999999999999,
1.3730000000000002,
1.374,
1.375,
1.376,
1.3770000000000002,
1.3780000000000001,
1.379,
1.38,
1.3810000000000002,
1.3820000000000001,
1.383,
1.384,
1.3850000000000002,
1.3860000000000001,
1.387,
1.388,
1.3890000000000002,
1.3900000000000001,
1.391,
1.392,
1.3930000000000002,
1.3940000000000001,
1.395,
1.396,
1.3970000000000002,
1.3980000000000001,
1.399,
1.4,
1.4010000000000002,
1.4020000000000001,
1.403,
1.404,
1.4050000000000002,
1.4060000000000001,
1.407,
1.408,
1.4090000000000003,
1.4100000000000001,
1.411,
1.412,
1.4130000000000003,
1.4140000000000001,
1.415,
1.416,
1.4170000000000003,
1.4180000000000001,
1.419,
1.42,
1.4210000000000003,
1.4220000000000002,
1.423,
1.424,
1.4250000000000003,
1.4260000000000002,
1.427,
1.428,
1.4290000000000003,
1.4300000000000002,
1.431,
1.432,
1.4330000000000003,
1.4340000000000002,
1.435,
1.436,
1.4370000000000003,
1.4380000000000002,
1.439,
1.44,
1.4410000000000003,
1.4420000000000002,
1.443,
1.444,
1.4450000000000003,
1.4460000000000002,
1.447,
1.448,
1.4490000000000003,
1.4500000000000002,
1.451,
1.452,
1.4530000000000003,
1.4540000000000002,
1.455,
1.456,
1.4569999999999999,
1.4580000000000002,
1.459,
1.46,
1.4609999999999999,
1.4620000000000002,
1.463,
1.464,
1.4649999999999999,
1.4660000000000002,
1.467,
1.468,
1.4689999999999999,
1.4700000000000002,
1.471,
1.472,
1.4729999999999999,
1.4740000000000002,
1.475,
1.476,
1.4769999999999999,
1.4780000000000002,
1.479,
1.48,
1.4809999999999999,
1.4820000000000002,
1.483,
1.484,
1.4849999999999999,
1.4860000000000002,
1.487,
1.488,
1.4889999999999999,
1.4900000000000002,
1.491,
1.492,
1.4929999999999999,
1.4940000000000002,
1.495,
1.496,
1.4969999999999999,
1.4980000000000002,
1.499,
1.5,
1.501,
1.5020000000000002,
1.5030000000000001,
1.504,
1.505,
1.5060000000000002,
1.5070000000000001,
1.508,
1.509,
1.5100000000000002,
1.5110000000000001,
1.512,
1.513,
1.5140000000000002,
1.5150000000000001,
1.516,
1.517,
1.5180000000000002,
1.5190000000000001,
1.52,
1.521,
1.5220000000000002,
1.5230000000000001,
1.524,
1.525,
1.5260000000000002,
1.5270000000000001,
1.528,
1.529,
1.5300000000000002,
1.5310000000000001,
1.532,
1.533,
1.5340000000000003,
1.5350000000000001,
1.536,
1.537,
1.5380000000000003,
1.5390000000000001,
1.54,
1.541,
1.5420000000000003,
1.5430000000000001,
1.544,
1.545,
1.5460000000000003,
1.5470000000000002,
1.548,
1.549,
1.5500000000000003,
1.5510000000000002,
1.552,
1.553,
1.5540000000000003,
1.5550000000000002,
1.556,
1.557,
1.5580000000000003,
1.5590000000000002,
1.56,
1.561,
1.5620000000000003,
1.5630000000000002,
1.564,
1.565,
1.5660000000000003,
1.5670000000000002,
1.568,
1.569,
1.5700000000000003,
1.5710000000000002,
1.572,
1.573,
1.5740000000000003,
1.5750000000000002,
1.576,
1.577,
1.5780000000000003,
1.5790000000000002,
1.58,
1.581,
1.5820000000000003,
1.5830000000000002,
1.584,
1.585,
1.5859999999999999,
1.5870000000000002,
1.588,
1.589,
1.5899999999999999,
1.5910000000000002,
1.592,
1.593,
1.5939999999999999,
1.5950000000000002,
1.596,
1.597,
1.5979999999999999,
1.5990000000000002,
1.6,
1.601,
1.6019999999999999,
1.6030000000000002,
1.604,
1.605,
1.6059999999999999,
1.6070000000000002,
1.608,
1.609,
1.6099999999999999,
1.6110000000000002,
1.612,
1.613,
1.6139999999999999,
1.6150000000000002,
1.616,
1.617,
1.6179999999999999,
1.6190000000000002,
1.62,
1.621,
1.6219999999999999,
1.6230000000000002,
1.624,
1.625,
1.626,
1.6270000000000002,
1.6280000000000001,
1.629,
1.63,
1.6310000000000002,
1.6320000000000001,
1.633,
1.634,
1.6350000000000002,
1.6360000000000001,
1.637,
1.638,
1.6390000000000002,
1.6400000000000001,
1.641,
1.642,
1.6430000000000002,
1.6440000000000001,
1.645,
1.646,
1.6470000000000002,
1.6480000000000001,
1.649,
1.65,
1.6510000000000002,
1.6520000000000001,
1.653,
1.654,
1.6550000000000002,
1.6560000000000001,
1.657,
1.658,
1.6590000000000003,
1.6600000000000001,
1.661,
1.662,
1.6630000000000003,
1.6640000000000001,
1.665,
1.666,
1.6670000000000003,
1.6680000000000001,
1.669,
1.67,
1.6710000000000003,
1.6720000000000002,
1.673,
1.674,
1.6750000000000003,
1.6760000000000002,
1.677,
1.678,
1.6790000000000003,
1.6800000000000002,
1.681,
1.682,
1.6830000000000003,
1.6840000000000002,
1.685,
1.686,
1.6870000000000003,
1.6880000000000002,
1.689,
1.69,
1.6910000000000003,
1.6920000000000002,
1.693,
1.694,
1.6950000000000003,
1.6960000000000002,
1.697,
1.698,
1.6990000000000003,
1.7000000000000002,
1.701,
1.702,
1.7030000000000003,
1.7040000000000002,
1.705,
1.706,
1.7070000000000003,
1.7080000000000002,
1.709,
1.71,
1.7110000000000003,
1.7120000000000002,
1.713,
1.714,
1.7149999999999999,
1.7160000000000002,
1.717,
1.718,
1.7189999999999999,
1.7200000000000002,
1.721,
1.722,
1.7229999999999999,
1.7240000000000002,
1.725,
1.726,
1.7269999999999999,
1.7280000000000002,
1.729,
1.73,
1.7309999999999999,
1.7320000000000002,
1.733,
1.734,
1.7349999999999999,
1.7360000000000002,
1.737,
1.738,
1.7389999999999999,
1.7400000000000002,
1.741,
1.742,
1.7429999999999999,
1.7440000000000002,
1.745,
1.746,
1.7469999999999999,
1.7480000000000002,
1.749,
1.75,
1.751,
1.7520000000000002,
1.7530000000000001,
1.754,
1.755,
1.7560000000000002,
1.7570000000000001,
1.758,
1.759,
1.7600000000000002,
1.7610000000000001,
1.762,
1.763,
1.7640000000000002,
1.7650000000000001,
1.766,
1.767,
1.7680000000000002,
1.7690000000000001,
1.77,
1.771,
1.7720000000000002,
1.7730000000000001,
1.774,
1.775,
1.7760000000000002,
1.7770000000000001,
1.778,
1.779,
1.7800000000000002,
1.7810000000000001,
1.782,
1.783,
1.7840000000000003,
1.7850000000000001,
1.786,
1.787,
1.7880000000000003,
1.7890000000000001,
1.79,
1.791,
1.7920000000000003,
1.7930000000000001,
1.794,
1.795,
1.7960000000000003,
1.7970000000000002,
1.798,
1.799,
1.8000000000000003,
1.8010000000000002,
1.802,
1.803,
1.8040000000000003,
1.8050000000000002,
1.806,
1.807,
1.8080000000000003,
1.8090000000000002,
1.81,
1.811,
1.8120000000000003,
1.8130000000000002,
1.814,
1.815,
1.8160000000000003,
1.8170000000000002,
1.818,
1.819,
1.8200000000000003,
1.8210000000000002,
1.822,
1.823,
1.8240000000000003,
1.8250000000000002,
1.826,
1.827,
1.8280000000000003,
1.8290000000000002,
1.83,
1.831,
1.8320000000000003,
1.8330000000000002,
1.834,
1.835,
1.8360000000000003,
1.8370000000000002,
1.838,
1.839,
1.8399999999999999,
1.8410000000000002,
1.842,
1.843,
1.8439999999999999,
1.8450000000000002,
1.846,
1.847,
1.8479999999999999,
1.8490000000000002,
1.85,
1.851,
1.8519999999999999,
1.8530000000000002,
1.854,
1.855,
1.8559999999999999,
1.8570000000000002,
1.858,
1.859,
1.8599999999999999,
1.8610000000000002,
1.862,
1.863,
1.8639999999999999,
1.8650000000000002,
1.866,
1.867,
1.8679999999999999,
1.8690000000000002,
1.87,
1.871,
1.8719999999999999,
1.8730000000000002,
1.874,
1.875,
1.876,
1.8770000000000002,
1.8780000000000001,
1.879,
1.88,
1.8810000000000002,
1.8820000000000001,
1.883,
1.884,
1.8850000000000002,
1.8860000000000001,
1.887,
1.888,
1.8890000000000002,
1.8900000000000001,
1.891,
1.892,
1.8930000000000002,
1.8940000000000001,
1.895,
1.896,
1.8970000000000002,
1.8980000000000001,
1.899,
1.9,
1.9010000000000002,
1.9020000000000001,
1.903,
1.904,
1.9050000000000002,
1.9060000000000001,
1.907,
1.908,
1.9090000000000003,
1.9100000000000001,
1.911,
1.912,
1.9130000000000003,
1.9140000000000001,
1.915,
1.916,
1.9170000000000003,
1.9180000000000001,
1.919,
1.92,
1.9210000000000003,
1.9220000000000002,
1.923,
1.924,
1.9250000000000003,
1.9260000000000002,
1.927,
1.928,
1.9290000000000003,
1.9300000000000002,
1.931,
1.932,
1.9330000000000003,
1.9340000000000002,
1.935,
1.936,
1.9370000000000003,
1.9380000000000002,
1.939,
1.94,
1.9410000000000003,
1.9420000000000002,
1.943,
1.944,
1.9450000000000003,
1.9460000000000002,
1.947,
1.948,
1.9490000000000003,
1.9500000000000002,
1.951,
1.952,
1.9530000000000003,
1.9540000000000002,
1.955,
1.956,
1.9570000000000003,
1.9580000000000002,
1.959,
1.96,
1.9610000000000003,
1.9620000000000002,
1.963,
1.964,
1.9650000000000003,
1.9660000000000002,
1.967,
1.968,
1.9689999999999999,
1.9700000000000002,
1.971,
1.972,
1.9729999999999999,
1.9740000000000002,
1.975,
1.976,
1.9769999999999999,
1.9780000000000002,
1.979,
1.98,
1.9809999999999999,
1.9820000000000002,
1.983,
1.984,
1.9849999999999999,
1.9860000000000002,
1.987,
1.988,
1.9889999999999999,
1.9900000000000002,
1.991,
1.992,
1.9929999999999999,
1.9940000000000002,
1.995,
1.996,
1.9969999999999999,
1.9980000000000002,
1.999,
2.0,
