In2 ,/Out (V)
-2.000,40.42E-15
-1.999,39.92E-15
-1.998,39.41E-15
-1.997,38.91E-15
-1.996,38.40E-15
-1.995,37.90E-15
-1.994,37.39E-15
-1.993,36.89E-15
-1.992,36.38E-15
-1.991,35.88E-15
-1.990,35.37E-15
-1.989,34.87E-15
-1.988,34.36E-15
-1.987,33.86E-15
-1.986,33.35E-15
-1.985,32.85E-15
-1.984,32.35E-15
-1.983,31.84E-15
-1.982,31.34E-15
-1.981,30.83E-15
-1.980,30.33E-15
-1.979,29.82E-15
-1.978,29.32E-15
-1.977,28.81E-15
-1.976,28.31E-15
-1.975,27.80E-15
-1.974,27.30E-15
-1.973,26.79E-15
-1.972,26.29E-15
-1.971,25.78E-15
-1.970,25.28E-15
-1.969,24.77E-15
-1.968,24.27E-15
-1.967,23.77E-15
-1.966,23.26E-15
-1.965,22.76E-15
-1.964,22.25E-15
-1.963,21.75E-15
-1.962,21.24E-15
-1.961,20.74E-15
-1.960,20.23E-15
-1.959,19.73E-15
-1.958,19.22E-15
-1.957,18.72E-15
-1.956,18.21E-15
-1.955,17.71E-15
-1.954,17.20E-15
-1.953,16.70E-15
-1.952,16.20E-15
-1.951,15.69E-15
-1.950,15.19E-15
-1.949,14.68E-15
-1.948,14.18E-15
-1.947,13.67E-15
-1.946,13.17E-15
-1.945,12.66E-15
-1.944,12.16E-15
-1.943,11.65E-15
-1.942,11.15E-15
-1.941,10.64E-15
-1.940,10.14E-15
-1.939,9.634E-15
-1.938,9.129E-15
-1.937,8.625E-15
-1.936,8.120E-15
-1.935,7.615E-15
-1.934,7.110E-15
-1.933,6.606E-15
-1.932,6.101E-15
-1.931,5.596E-15
-1.930,5.092E-15
-1.929,4.587E-15
-1.928,4.082E-15
-1.927,3.578E-15
-1.926,3.073E-15
-1.925,2.568E-15
-1.924,2.063E-15
-1.923,1.559E-15
-1.922,1.054E-15
-1.921,549.4E-18
-1.920,44.71E-18
-1.919,46.29E-18
-1.918,47.86E-18
-1.917,49.44E-18
-1.916,51.01E-18
-1.915,52.58E-18
-1.914,54.16E-18
-1.913,55.73E-18
-1.912,57.31E-18
-1.911,58.88E-18
-1.910,60.45E-18
-1.909,62.03E-18
-1.908,63.60E-18
-1.907,65.18E-18
-1.906,66.75E-18
-1.905,68.32E-18
-1.904,69.90E-18
-1.903,71.47E-18
-1.902,73.05E-18
-1.901,74.62E-18
-1.900,76.19E-18
-1.899,77.77E-18
-1.898,79.34E-18
-1.897,80.92E-18
-1.896,82.49E-18
-1.895,84.06E-18
-1.894,85.64E-18
-1.893,87.21E-18
-1.892,88.79E-18
-1.891,90.36E-18
-1.890,91.93E-18
-1.889,93.51E-18
-1.888,95.08E-18
-1.887,96.66E-18
-1.886,98.23E-18
-1.885,99.81E-18
-1.884,101.4E-18
-1.883,103.0E-18
-1.882,104.5E-18
-1.881,106.1E-18
-1.880,107.7E-18
-1.879,109.2E-18
-1.878,110.8E-18
-1.877,112.4E-18
-1.876,114.0E-18
-1.875,115.5E-18
-1.874,117.1E-18
-1.873,118.7E-18
-1.872,120.3E-18
-1.871,121.8E-18
-1.870,123.4E-18
-1.869,125.0E-18
-1.868,126.6E-18
-1.867,128.1E-18
-1.866,129.7E-18
-1.865,131.3E-18
-1.864,132.9E-18
-1.863,134.4E-18
-1.862,136.0E-18
-1.861,137.6E-18
-1.860,139.2E-18
-1.859,140.7E-18
-1.858,142.3E-18
-1.857,143.9E-18
-1.856,145.5E-18
-1.855,147.0E-18
-1.854,148.6E-18
-1.853,150.2E-18
-1.852,151.7E-18
-1.851,153.3E-18
-1.850,154.9E-18
-1.849,156.5E-18
-1.848,158.0E-18
-1.847,159.6E-18
-1.846,161.2E-18
-1.845,162.8E-18
-1.844,164.3E-18
-1.843,165.9E-18
-1.842,167.5E-18
-1.841,169.1E-18
-1.840,170.6E-18
-1.839,178.7E-18
-1.838,186.7E-18
-1.837,194.8E-18
-1.836,202.9E-18
-1.835,210.9E-18
-1.834,219.0E-18
-1.833,227.0E-18
-1.832,235.1E-18
-1.831,243.1E-18
-1.830,251.2E-18
-1.829,259.2E-18
-1.828,267.3E-18
-1.827,275.4E-18
-1.826,283.4E-18
-1.825,291.5E-18
-1.824,299.5E-18
-1.823,307.6E-18
-1.822,315.6E-18
-1.821,323.7E-18
-1.820,331.7E-18
-1.819,339.8E-18
-1.818,347.9E-18
-1.817,355.9E-18
-1.816,364.0E-18
-1.815,372.0E-18
-1.814,380.1E-18
-1.813,388.1E-18
-1.812,396.2E-18
-1.811,404.2E-18
-1.810,412.3E-18
-1.809,420.4E-18
-1.808,428.4E-18
-1.807,436.5E-18
-1.806,444.5E-18
-1.805,452.6E-18
-1.804,460.6E-18
-1.803,468.7E-18
-1.802,476.8E-18
-1.801,484.8E-18
-1.800,492.9E-18
-1.799,500.9E-18
-1.798,509.0E-18
-1.797,517.0E-18
-1.796,525.1E-18
-1.795,533.1E-18
-1.794,541.2E-18
-1.793,549.3E-18
-1.792,557.3E-18
-1.791,565.4E-18
-1.790,573.4E-18
-1.789,581.5E-18
-1.788,589.5E-18
-1.787,597.6E-18
-1.786,605.6E-18
-1.785,613.7E-18
-1.784,621.8E-18
-1.783,629.8E-18
-1.782,637.9E-18
-1.781,645.9E-18
-1.780,654.0E-18
-1.779,662.0E-18
-1.778,670.1E-18
-1.777,678.1E-18
-1.776,686.2E-18
-1.775,694.3E-18
-1.774,702.3E-18
-1.773,710.4E-18
-1.772,718.4E-18
-1.771,726.5E-18
-1.770,734.5E-18
-1.769,742.6E-18
-1.768,750.6E-18
-1.767,758.7E-18
-1.766,766.8E-18
-1.765,774.8E-18
-1.764,782.9E-18
-1.763,790.9E-18
-1.762,799.0E-18
-1.761,807.0E-18
-1.760,815.1E-18
-1.759,849.5E-18
-1.758,883.9E-18
-1.757,918.3E-18
-1.756,952.7E-18
-1.755,987.1E-18
-1.754,1.022E-15
-1.753,1.056E-15
-1.752,1.090E-15
-1.751,1.125E-15
-1.750,1.159E-15
-1.749,1.194E-15
-1.748,1.228E-15
-1.747,1.262E-15
-1.746,1.297E-15
-1.745,1.331E-15
-1.744,1.366E-15
-1.743,1.400E-15
-1.742,1.434E-15
-1.741,1.469E-15
-1.740,1.503E-15
-1.739,1.538E-15
-1.738,1.572E-15
-1.737,1.606E-15
-1.736,1.641E-15
-1.735,1.675E-15
-1.734,1.710E-15
-1.733,1.744E-15
-1.732,1.779E-15
-1.731,1.813E-15
-1.730,1.847E-15
-1.729,1.882E-15
-1.728,1.916E-15
-1.727,1.951E-15
-1.726,1.985E-15
-1.725,2.019E-15
-1.724,2.054E-15
-1.723,2.088E-15
-1.722,2.123E-15
-1.721,2.157E-15
-1.720,2.191E-15
-1.719,2.226E-15
-1.718,2.260E-15
-1.717,2.295E-15
-1.716,2.329E-15
-1.715,2.363E-15
-1.714,2.398E-15
-1.713,2.432E-15
-1.712,2.467E-15
-1.711,2.501E-15
-1.710,2.536E-15
-1.709,2.570E-15
-1.708,2.604E-15
-1.707,2.639E-15
-1.706,2.673E-15
-1.705,2.708E-15
-1.704,2.742E-15
-1.703,2.776E-15
-1.702,2.811E-15
-1.701,2.845E-15
-1.700,2.880E-15
-1.699,2.914E-15
-1.698,2.948E-15
-1.697,2.983E-15
-1.696,3.017E-15
-1.695,3.052E-15
-1.694,3.086E-15
-1.693,3.120E-15
-1.692,3.155E-15
-1.691,3.189E-15
-1.690,3.224E-15
-1.689,3.258E-15
-1.688,3.292E-15
-1.687,3.327E-15
-1.686,3.361E-15
-1.685,3.396E-15
-1.684,3.430E-15
-1.683,3.465E-15
-1.682,3.499E-15
-1.681,3.533E-15
-1.680,3.568E-15
-1.679,3.721E-15
-1.678,3.874E-15
-1.677,4.027E-15
-1.676,4.180E-15
-1.675,4.333E-15
-1.674,4.486E-15
-1.673,4.639E-15
-1.672,4.792E-15
-1.671,4.945E-15
-1.670,5.098E-15
-1.669,5.251E-15
-1.668,5.404E-15
-1.667,5.557E-15
-1.666,5.710E-15
-1.665,5.863E-15
-1.664,6.016E-15
-1.663,6.169E-15
-1.662,6.322E-15
-1.661,6.475E-15
-1.660,6.628E-15
-1.659,6.781E-15
-1.658,6.935E-15
-1.657,7.088E-15
-1.656,7.241E-15
-1.655,7.394E-15
-1.654,7.547E-15
-1.653,7.700E-15
-1.652,7.853E-15
-1.651,8.006E-15
-1.650,8.159E-15
-1.649,8.312E-15
-1.648,8.465E-15
-1.647,8.618E-15
-1.646,8.771E-15
-1.645,8.924E-15
-1.644,9.077E-15
-1.643,9.230E-15
-1.642,9.383E-15
-1.641,9.536E-15
-1.640,9.689E-15
-1.639,9.842E-15
-1.638,9.995E-15
-1.637,10.15E-15
-1.636,10.30E-15
-1.635,10.45E-15
-1.634,10.61E-15
-1.633,10.76E-15
-1.632,10.91E-15
-1.631,11.07E-15
-1.630,11.22E-15
-1.629,11.37E-15
-1.628,11.53E-15
-1.627,11.68E-15
-1.626,11.83E-15
-1.625,11.98E-15
-1.624,12.14E-15
-1.623,12.29E-15
-1.622,12.44E-15
-1.621,12.60E-15
-1.620,12.75E-15
-1.619,12.90E-15
-1.618,13.06E-15
-1.617,13.21E-15
-1.616,13.36E-15
-1.615,13.52E-15
-1.614,13.67E-15
-1.613,13.82E-15
-1.612,13.97E-15
-1.611,14.13E-15
-1.610,14.28E-15
-1.609,14.43E-15
-1.608,14.59E-15
-1.607,14.74E-15
-1.606,14.89E-15
-1.605,15.05E-15
-1.604,15.20E-15
-1.603,15.35E-15
-1.602,15.50E-15
-1.601,15.66E-15
-1.600,15.81E-15
-1.599,16.49E-15
-1.598,17.17E-15
-1.597,17.85E-15
-1.596,18.53E-15
-1.595,19.20E-15
-1.594,19.88E-15
-1.593,20.56E-15
-1.592,21.24E-15
-1.591,21.92E-15
-1.590,22.60E-15
-1.589,23.28E-15
-1.588,23.96E-15
-1.587,24.63E-15
-1.586,25.31E-15
-1.585,25.99E-15
-1.584,26.67E-15
-1.583,27.35E-15
-1.582,28.03E-15
-1.581,28.71E-15
-1.580,29.39E-15
-1.579,30.06E-15
-1.578,30.74E-15
-1.577,31.42E-15
-1.576,32.10E-15
-1.575,32.78E-15
-1.574,33.46E-15
-1.573,34.14E-15
-1.572,34.82E-15
-1.571,35.49E-15
-1.570,36.17E-15
-1.569,36.85E-15
-1.568,37.53E-15
-1.567,38.21E-15
-1.566,38.89E-15
-1.565,39.57E-15
-1.564,40.25E-15
-1.563,40.92E-15
-1.562,41.60E-15
-1.561,42.28E-15
-1.560,42.96E-15
-1.559,43.64E-15
-1.558,44.32E-15
-1.557,45.00E-15
-1.556,45.68E-15
-1.555,46.35E-15
-1.554,47.03E-15
-1.553,47.71E-15
-1.552,48.39E-15
-1.551,49.07E-15
-1.550,49.75E-15
-1.549,50.43E-15
-1.548,51.11E-15
-1.547,51.78E-15
-1.546,52.46E-15
-1.545,53.14E-15
-1.544,53.82E-15
-1.543,54.50E-15
-1.542,55.18E-15
-1.541,55.86E-15
-1.540,56.54E-15
-1.539,57.21E-15
-1.538,57.89E-15
-1.537,58.57E-15
-1.536,59.25E-15
-1.535,59.93E-15
-1.534,60.61E-15
-1.533,61.29E-15
-1.532,61.97E-15
-1.531,62.64E-15
-1.530,63.32E-15
-1.529,64.00E-15
-1.528,64.68E-15
-1.527,65.36E-15
-1.526,66.04E-15
-1.525,66.72E-15
-1.524,67.40E-15
-1.523,68.07E-15
-1.522,68.75E-15
-1.521,69.43E-15
-1.520,70.11E-15
-1.519,73.12E-15
-1.518,76.13E-15
-1.517,79.13E-15
-1.516,82.14E-15
-1.515,85.15E-15
-1.514,88.16E-15
-1.513,91.17E-15
-1.512,94.18E-15
-1.511,97.18E-15
-1.510,100.2E-15
-1.509,103.2E-15
-1.508,106.2E-15
-1.507,109.2E-15
-1.506,112.2E-15
-1.505,115.2E-15
-1.504,118.2E-15
-1.503,121.2E-15
-1.502,124.3E-15
-1.501,127.3E-15
-1.500,130.3E-15
-1.499,133.3E-15
-1.498,136.3E-15
-1.497,139.3E-15
-1.496,142.3E-15
-1.495,145.3E-15
-1.494,148.3E-15
-1.493,151.3E-15
-1.492,154.3E-15
-1.491,157.3E-15
-1.490,160.4E-15
-1.489,163.4E-15
-1.488,166.4E-15
-1.487,169.4E-15
-1.486,172.4E-15
-1.485,175.4E-15
-1.484,178.4E-15
-1.483,181.4E-15
-1.482,184.4E-15
-1.481,187.4E-15
-1.480,190.4E-15
-1.479,193.4E-15
-1.478,196.5E-15
-1.477,199.5E-15
-1.476,202.5E-15
-1.475,205.5E-15
-1.474,208.5E-15
-1.473,211.5E-15
-1.472,214.5E-15
-1.471,217.5E-15
-1.470,220.5E-15
-1.469,223.5E-15
-1.468,226.5E-15
-1.467,229.5E-15
-1.466,232.5E-15
-1.465,235.6E-15
-1.464,238.6E-15
-1.463,241.6E-15
-1.462,244.6E-15
-1.461,247.6E-15
-1.460,250.6E-15
-1.459,253.6E-15
-1.458,256.6E-15
-1.457,259.6E-15
-1.456,262.6E-15
-1.455,265.6E-15
-1.454,268.6E-15
-1.453,271.7E-15
-1.452,274.7E-15
-1.451,277.7E-15
-1.450,280.7E-15
-1.449,283.7E-15
-1.448,286.7E-15
-1.447,289.7E-15
-1.446,292.7E-15
-1.445,295.7E-15
-1.444,298.7E-15
-1.443,301.7E-15
-1.442,304.7E-15
-1.441,307.8E-15
-1.440,310.8E-15
-1.439,324.1E-15
-1.438,337.4E-15
-1.437,350.8E-15
-1.436,364.1E-15
-1.435,377.4E-15
-1.434,390.8E-15
-1.433,404.1E-15
-1.432,417.4E-15
-1.431,430.8E-15
-1.430,444.1E-15
-1.429,457.4E-15
-1.428,470.8E-15
-1.427,484.1E-15
-1.426,497.4E-15
-1.425,510.8E-15
-1.424,524.1E-15
-1.423,537.5E-15
-1.422,550.8E-15
-1.421,564.1E-15
-1.420,577.5E-15
-1.419,590.8E-15
-1.418,604.1E-15
-1.417,617.5E-15
-1.416,630.8E-15
-1.415,644.1E-15
-1.414,657.5E-15
-1.413,670.8E-15
-1.412,684.1E-15
-1.411,697.5E-15
-1.410,710.8E-15
-1.409,724.1E-15
-1.408,737.5E-15
-1.407,750.8E-15
-1.406,764.2E-15
-1.405,777.5E-15
-1.404,790.8E-15
-1.403,804.2E-15
-1.402,817.5E-15
-1.401,830.8E-15
-1.400,844.2E-15
-1.399,857.5E-15
-1.398,870.8E-15
-1.397,884.2E-15
-1.396,897.5E-15
-1.395,910.8E-15
-1.394,924.2E-15
-1.393,937.5E-15
-1.392,950.8E-15
-1.391,964.2E-15
-1.390,977.5E-15
-1.389,990.8E-15
-1.388,1.004E-12
-1.387,1.018E-12
-1.386,1.031E-12
-1.385,1.044E-12
-1.384,1.058E-12
-1.383,1.071E-12
-1.382,1.084E-12
-1.381,1.098E-12
-1.380,1.111E-12
-1.379,1.124E-12
-1.378,1.138E-12
-1.377,1.151E-12
-1.376,1.164E-12
-1.375,1.178E-12
-1.374,1.191E-12
-1.373,1.204E-12
-1.372,1.218E-12
-1.371,1.231E-12
-1.370,1.244E-12
-1.369,1.258E-12
-1.368,1.271E-12
-1.367,1.284E-12
-1.366,1.298E-12
-1.365,1.311E-12
-1.364,1.324E-12
-1.363,1.338E-12
-1.362,1.351E-12
-1.361,1.364E-12
-1.360,1.378E-12
-1.359,1.437E-12
-1.358,1.496E-12
-1.357,1.555E-12
-1.356,1.614E-12
-1.355,1.673E-12
-1.354,1.732E-12
-1.353,1.791E-12
-1.352,1.850E-12
-1.351,1.910E-12
-1.350,1.969E-12
-1.349,2.028E-12
-1.348,2.087E-12
-1.347,2.146E-12
-1.346,2.205E-12
-1.345,2.264E-12
-1.344,2.323E-12
-1.343,2.382E-12
-1.342,2.442E-12
-1.341,2.501E-12
-1.340,2.560E-12
-1.339,2.619E-12
-1.338,2.678E-12
-1.337,2.737E-12
-1.336,2.796E-12
-1.335,2.855E-12
-1.334,2.914E-12
-1.333,2.974E-12
-1.332,3.033E-12
-1.331,3.092E-12
-1.330,3.151E-12
-1.329,3.210E-12
-1.328,3.269E-12
-1.327,3.328E-12
-1.326,3.387E-12
-1.325,3.446E-12
-1.324,3.506E-12
-1.323,3.565E-12
-1.322,3.624E-12
-1.321,3.683E-12
-1.320,3.742E-12
-1.319,3.801E-12
-1.318,3.860E-12
-1.317,3.919E-12
-1.316,3.978E-12
-1.315,4.037E-12
-1.314,4.097E-12
-1.313,4.156E-12
-1.312,4.215E-12
-1.311,4.274E-12
-1.310,4.333E-12
-1.309,4.392E-12
-1.308,4.451E-12
-1.307,4.510E-12
-1.306,4.569E-12
-1.305,4.629E-12
-1.304,4.688E-12
-1.303,4.747E-12
-1.302,4.806E-12
-1.301,4.865E-12
-1.300,4.924E-12
-1.299,4.983E-12
-1.298,5.042E-12
-1.297,5.101E-12
-1.296,5.161E-12
-1.295,5.220E-12
-1.294,5.279E-12
-1.293,5.338E-12
-1.292,5.397E-12
-1.291,5.456E-12
-1.290,5.515E-12
-1.289,5.574E-12
-1.288,5.633E-12
-1.287,5.693E-12
-1.286,5.752E-12
-1.285,5.811E-12
-1.284,5.870E-12
-1.283,5.929E-12
-1.282,5.988E-12
-1.281,6.047E-12
-1.280,6.106E-12
-1.279,6.368E-12
-1.278,6.630E-12
-1.277,6.892E-12
-1.276,7.154E-12
-1.275,7.416E-12
-1.274,7.678E-12
-1.273,7.940E-12
-1.272,8.203E-12
-1.271,8.465E-12
-1.270,8.727E-12
-1.269,8.989E-12
-1.268,9.251E-12
-1.267,9.513E-12
-1.266,9.775E-12
-1.265,10.04E-12
-1.264,10.30E-12
-1.263,10.56E-12
-1.262,10.82E-12
-1.261,11.08E-12
-1.260,11.35E-12
-1.259,11.61E-12
-1.258,11.87E-12
-1.257,12.13E-12
-1.256,12.39E-12
-1.255,12.66E-12
-1.254,12.92E-12
-1.253,13.18E-12
-1.252,13.44E-12
-1.251,13.70E-12
-1.250,13.97E-12
-1.249,14.23E-12
-1.248,14.49E-12
-1.247,14.75E-12
-1.246,15.02E-12
-1.245,15.28E-12
-1.244,15.54E-12
-1.243,15.80E-12
-1.242,16.06E-12
-1.241,16.33E-12
-1.240,16.59E-12
-1.239,16.85E-12
-1.238,17.11E-12
-1.237,17.37E-12
-1.236,17.64E-12
-1.235,17.90E-12
-1.234,18.16E-12
-1.233,18.42E-12
-1.232,18.68E-12
-1.231,18.95E-12
-1.230,19.21E-12
-1.229,19.47E-12
-1.228,19.73E-12
-1.227,19.99E-12
-1.226,20.26E-12
-1.225,20.52E-12
-1.224,20.78E-12
-1.223,21.04E-12
-1.222,21.30E-12
-1.221,21.57E-12
-1.220,21.83E-12
-1.219,22.09E-12
-1.218,22.35E-12
-1.217,22.61E-12
-1.216,22.88E-12
-1.215,23.14E-12
-1.214,23.40E-12
-1.213,23.66E-12
-1.212,23.92E-12
-1.211,24.19E-12
-1.210,24.45E-12
-1.209,24.71E-12
-1.208,24.97E-12
-1.207,25.23E-12
-1.206,25.50E-12
-1.205,25.76E-12
-1.204,26.02E-12
-1.203,26.28E-12
-1.202,26.54E-12
-1.201,26.81E-12
-1.200,27.07E-12
-1.199,28.23E-12
-1.198,29.39E-12
-1.197,30.55E-12
-1.196,31.71E-12
-1.195,32.88E-12
-1.194,34.04E-12
-1.193,35.20E-12
-1.192,36.36E-12
-1.191,37.52E-12
-1.190,38.68E-12
-1.189,39.84E-12
-1.188,41.01E-12
-1.187,42.17E-12
-1.186,43.33E-12
-1.185,44.49E-12
-1.184,45.65E-12
-1.183,46.81E-12
-1.182,47.97E-12
-1.181,49.14E-12
-1.180,50.30E-12
-1.179,51.46E-12
-1.178,52.62E-12
-1.177,53.78E-12
-1.176,54.94E-12
-1.175,56.11E-12
-1.174,57.27E-12
-1.173,58.43E-12
-1.172,59.59E-12
-1.171,60.75E-12
-1.170,61.91E-12
-1.169,63.07E-12
-1.168,64.24E-12
-1.167,65.40E-12
-1.166,66.56E-12
-1.165,67.72E-12
-1.164,68.88E-12
-1.163,70.04E-12
-1.162,71.20E-12
-1.161,72.37E-12
-1.160,73.53E-12
-1.159,74.69E-12
-1.158,75.85E-12
-1.157,77.01E-12
-1.156,78.17E-12
-1.155,79.33E-12
-1.154,80.50E-12
-1.153,81.66E-12
-1.152,82.82E-12
-1.151,83.98E-12
-1.150,85.14E-12
-1.149,86.30E-12
-1.148,87.46E-12
-1.147,88.63E-12
-1.146,89.79E-12
-1.145,90.95E-12
-1.144,92.11E-12
-1.143,93.27E-12
-1.142,94.43E-12
-1.141,95.60E-12
-1.140,96.76E-12
-1.139,97.92E-12
-1.138,99.08E-12
-1.137,100.2E-12
-1.136,101.4E-12
-1.135,102.6E-12
-1.134,103.7E-12
-1.133,104.9E-12
-1.132,106.0E-12
-1.131,107.2E-12
-1.130,108.4E-12
-1.129,109.5E-12
-1.128,110.7E-12
-1.127,111.9E-12
-1.126,113.0E-12
-1.125,114.2E-12
-1.124,115.3E-12
-1.123,116.5E-12
-1.122,117.7E-12
-1.121,118.8E-12
-1.120,120.0E-12
-1.119,125.1E-12
-1.118,130.3E-12
-1.117,135.4E-12
-1.116,140.6E-12
-1.115,145.7E-12
-1.114,150.9E-12
-1.113,156.0E-12
-1.112,161.2E-12
-1.111,166.3E-12
-1.110,171.5E-12
-1.109,176.6E-12
-1.108,181.8E-12
-1.107,186.9E-12
-1.106,192.1E-12
-1.105,197.2E-12
-1.104,202.4E-12
-1.103,207.5E-12
-1.102,212.7E-12
-1.101,217.8E-12
-1.100,223.0E-12
-1.099,228.1E-12
-1.098,233.3E-12
-1.097,238.4E-12
-1.096,243.6E-12
-1.095,248.7E-12
-1.094,253.8E-12
-1.093,259.0E-12
-1.092,264.1E-12
-1.091,269.3E-12
-1.090,274.4E-12
-1.089,279.6E-12
-1.088,284.7E-12
-1.087,289.9E-12
-1.086,295.0E-12
-1.085,300.2E-12
-1.084,305.3E-12
-1.083,310.5E-12
-1.082,315.6E-12
-1.081,320.8E-12
-1.080,325.9E-12
-1.079,331.1E-12
-1.078,336.2E-12
-1.077,341.4E-12
-1.076,346.5E-12
-1.075,351.7E-12
-1.074,356.8E-12
-1.073,362.0E-12
-1.072,367.1E-12
-1.071,372.3E-12
-1.070,377.4E-12
-1.069,382.6E-12
-1.068,387.7E-12
-1.067,392.9E-12
-1.066,398.0E-12
-1.065,403.2E-12
-1.064,408.3E-12
-1.063,413.5E-12
-1.062,418.6E-12
-1.061,423.8E-12
-1.060,428.9E-12
-1.059,434.0E-12
-1.058,439.2E-12
-1.057,444.3E-12
-1.056,449.5E-12
-1.055,454.6E-12
-1.054,459.8E-12
-1.053,464.9E-12
-1.052,470.1E-12
-1.051,475.2E-12
-1.050,480.4E-12
-1.049,485.5E-12
-1.048,490.7E-12
-1.047,495.8E-12
-1.046,501.0E-12
-1.045,506.1E-12
-1.044,511.3E-12
-1.043,516.4E-12
-1.042,521.6E-12
-1.041,526.7E-12
-1.040,531.9E-12
-1.039,554.7E-12
-1.038,577.5E-12
-1.037,600.3E-12
-1.036,623.2E-12
-1.035,646.0E-12
-1.034,668.8E-12
-1.033,691.6E-12
-1.032,714.5E-12
-1.031,737.3E-12
-1.030,760.1E-12
-1.029,782.9E-12
-1.028,805.7E-12
-1.027,828.6E-12
-1.026,851.4E-12
-1.025,874.2E-12
-1.024,897.0E-12
-1.023,919.9E-12
-1.022,942.7E-12
-1.021,965.5E-12
-1.020,988.3E-12
-1.019,1.011E-9
-1.018,1.034E-9
-1.017,1.057E-9
-1.016,1.080E-9
-1.015,1.102E-9
-1.014,1.125E-9
-1.013,1.148E-9
-1.012,1.171E-9
-1.011,1.194E-9
-1.010,1.217E-9
-1.009,1.239E-9
-1.008,1.262E-9
-1.007,1.285E-9
-1.006,1.308E-9
-1.005,1.331E-9
-1.004,1.353E-9
-1.003,1.376E-9
-1.002,1.399E-9
-1.001,1.422E-9
-1.000,1.445E-9
-999.0E-3,1.468E-9
-998.0E-3,1.490E-9
-997.0E-3,1.513E-9
-996.0E-3,1.536E-9
-995.0E-3,1.559E-9
-994.0E-3,1.582E-9
-993.0E-3,1.605E-9
-992.0E-3,1.627E-9
-991.0E-3,1.650E-9
-990.0E-3,1.673E-9
-989.0E-3,1.696E-9
-988.0E-3,1.719E-9
-987.0E-3,1.741E-9
-986.0E-3,1.764E-9
-985.0E-3,1.787E-9
-984.0E-3,1.810E-9
-983.0E-3,1.833E-9
-982.0E-3,1.856E-9
-981.0E-3,1.878E-9
-980.0E-3,1.901E-9
-979.0E-3,1.924E-9
-978.0E-3,1.947E-9
-977.0E-3,1.970E-9
-976.0E-3,1.993E-9
-975.0E-3,2.015E-9
-974.0E-3,2.038E-9
-973.0E-3,2.061E-9
-972.0E-3,2.084E-9
-971.0E-3,2.107E-9
-970.0E-3,2.129E-9
-969.0E-3,2.152E-9
-968.0E-3,2.175E-9
-967.0E-3,2.198E-9
-966.0E-3,2.221E-9
-965.0E-3,2.244E-9
-964.0E-3,2.266E-9
-963.0E-3,2.289E-9
-962.0E-3,2.312E-9
-961.0E-3,2.335E-9
-960.0E-3,2.358E-9
-959.0E-3,2.459E-9
-958.0E-3,2.560E-9
-957.0E-3,2.661E-9
-956.0E-3,2.762E-9
-955.0E-3,2.864E-9
-954.0E-3,2.965E-9
-953.0E-3,3.066E-9
-952.0E-3,3.167E-9
-951.0E-3,3.268E-9
-950.0E-3,3.369E-9
-949.0E-3,3.471E-9
-948.0E-3,3.572E-9
-947.0E-3,3.673E-9
-946.0E-3,3.774E-9
-945.0E-3,3.875E-9
-944.0E-3,3.976E-9
-943.0E-3,4.078E-9
-942.0E-3,4.179E-9
-941.0E-3,4.280E-9
-940.0E-3,4.381E-9
-939.0E-3,4.482E-9
-938.0E-3,4.583E-9
-937.0E-3,4.685E-9
-936.0E-3,4.786E-9
-935.0E-3,4.887E-9
-934.0E-3,4.988E-9
-933.0E-3,5.089E-9
-932.0E-3,5.190E-9
-931.0E-3,5.292E-9
-930.0E-3,5.393E-9
-929.0E-3,5.494E-9
-928.0E-3,5.595E-9
-927.0E-3,5.696E-9
-926.0E-3,5.797E-9
-925.0E-3,5.899E-9
-924.0E-3,6.000E-9
-923.0E-3,6.101E-9
-922.0E-3,6.202E-9
-921.0E-3,6.303E-9
-920.0E-3,6.404E-9
-919.0E-3,6.506E-9
-918.0E-3,6.607E-9
-917.0E-3,6.708E-9
-916.0E-3,6.809E-9
-915.0E-3,6.910E-9
-914.0E-3,7.011E-9
-913.0E-3,7.113E-9
-912.0E-3,7.214E-9
-911.0E-3,7.315E-9
-910.0E-3,7.416E-9
-909.0E-3,7.517E-9
-908.0E-3,7.618E-9
-907.0E-3,7.720E-9
-906.0E-3,7.821E-9
-905.0E-3,7.922E-9
-904.0E-3,8.023E-9
-903.0E-3,8.124E-9
-902.0E-3,8.225E-9
-901.0E-3,8.327E-9
-900.0E-3,8.428E-9
-899.0E-3,8.529E-9
-898.0E-3,8.630E-9
-897.0E-3,8.731E-9
-896.0E-3,8.832E-9
-895.0E-3,8.934E-9
-894.0E-3,9.035E-9
-893.0E-3,9.136E-9
-892.0E-3,9.237E-9
-891.0E-3,9.338E-9
-890.0E-3,9.439E-9
-889.0E-3,9.541E-9
-888.0E-3,9.642E-9
-887.0E-3,9.743E-9
-886.0E-3,9.844E-9
-885.0E-3,9.945E-9
-884.0E-3,10.05E-9
-883.0E-3,10.15E-9
-882.0E-3,10.25E-9
-881.0E-3,10.35E-9
-880.0E-3,10.45E-9
-879.0E-3,10.90E-9
-878.0E-3,11.35E-9
-877.0E-3,11.80E-9
-876.0E-3,12.24E-9
-875.0E-3,12.69E-9
-874.0E-3,13.14E-9
-873.0E-3,13.59E-9
-872.0E-3,14.04E-9
-871.0E-3,14.49E-9
-870.0E-3,14.94E-9
-869.0E-3,15.38E-9
-868.0E-3,15.83E-9
-867.0E-3,16.28E-9
-866.0E-3,16.73E-9
-865.0E-3,17.18E-9
-864.0E-3,17.63E-9
-863.0E-3,18.07E-9
-862.0E-3,18.52E-9
-861.0E-3,18.97E-9
-860.0E-3,19.42E-9
-859.0E-3,19.87E-9
-858.0E-3,20.32E-9
-857.0E-3,20.77E-9
-856.0E-3,21.21E-9
-855.0E-3,21.66E-9
-854.0E-3,22.11E-9
-853.0E-3,22.56E-9
-852.0E-3,23.01E-9
-851.0E-3,23.46E-9
-850.0E-3,23.90E-9
-849.0E-3,24.35E-9
-848.0E-3,24.80E-9
-847.0E-3,25.25E-9
-846.0E-3,25.70E-9
-845.0E-3,26.15E-9
-844.0E-3,26.60E-9
-843.0E-3,27.04E-9
-842.0E-3,27.49E-9
-841.0E-3,27.94E-9
-840.0E-3,28.39E-9
-839.0E-3,28.84E-9
-838.0E-3,29.29E-9
-837.0E-3,29.73E-9
-836.0E-3,30.18E-9
-835.0E-3,30.63E-9
-834.0E-3,31.08E-9
-833.0E-3,31.53E-9
-832.0E-3,31.98E-9
-831.0E-3,32.43E-9
-830.0E-3,32.87E-9
-829.0E-3,33.32E-9
-828.0E-3,33.77E-9
-827.0E-3,34.22E-9
-826.0E-3,34.67E-9
-825.0E-3,35.12E-9
-824.0E-3,35.56E-9
-823.0E-3,36.01E-9
-822.0E-3,36.46E-9
-821.0E-3,36.91E-9
-820.0E-3,37.36E-9
-819.0E-3,37.81E-9
-818.0E-3,38.25E-9
-817.0E-3,38.70E-9
-816.0E-3,39.15E-9
-815.0E-3,39.60E-9
-814.0E-3,40.05E-9
-813.0E-3,40.50E-9
-812.0E-3,40.95E-9
-811.0E-3,41.39E-9
-810.0E-3,41.84E-9
-809.0E-3,42.29E-9
-808.0E-3,42.74E-9
-807.0E-3,43.19E-9
-806.0E-3,43.64E-9
-805.0E-3,44.08E-9
-804.0E-3,44.53E-9
-803.0E-3,44.98E-9
-802.0E-3,45.43E-9
-801.0E-3,45.88E-9
-800.0E-3,46.33E-9
-799.0E-3,48.31E-9
-798.0E-3,50.30E-9
-797.0E-3,52.29E-9
-796.0E-3,54.28E-9
-795.0E-3,56.27E-9
-794.0E-3,58.25E-9
-793.0E-3,60.24E-9
-792.0E-3,62.23E-9
-791.0E-3,64.22E-9
-790.0E-3,66.21E-9
-789.0E-3,68.19E-9
-788.0E-3,70.18E-9
-787.0E-3,72.17E-9
-786.0E-3,74.16E-9
-785.0E-3,76.14E-9
-784.0E-3,78.13E-9
-783.0E-3,80.12E-9
-782.0E-3,82.11E-9
-781.0E-3,84.10E-9
-780.0E-3,86.08E-9
-779.0E-3,88.07E-9
-778.0E-3,90.06E-9
-777.0E-3,92.05E-9
-776.0E-3,94.04E-9
-775.0E-3,96.02E-9
-774.0E-3,98.01E-9
-773.0E-3,100.0E-9
-772.0E-3,102.0E-9
-771.0E-3,104.0E-9
-770.0E-3,106.0E-9
-769.0E-3,108.0E-9
-768.0E-3,109.9E-9
-767.0E-3,111.9E-9
-766.0E-3,113.9E-9
-765.0E-3,115.9E-9
-764.0E-3,117.9E-9
-763.0E-3,119.9E-9
-762.0E-3,121.9E-9
-761.0E-3,123.9E-9
-760.0E-3,125.8E-9
-759.0E-3,127.8E-9
-758.0E-3,129.8E-9
-757.0E-3,131.8E-9
-756.0E-3,133.8E-9
-755.0E-3,135.8E-9
-754.0E-3,137.8E-9
-753.0E-3,139.8E-9
-752.0E-3,141.7E-9
-751.0E-3,143.7E-9
-750.0E-3,145.7E-9
-749.0E-3,147.7E-9
-748.0E-3,149.7E-9
-747.0E-3,151.7E-9
-746.0E-3,153.7E-9
-745.0E-3,155.7E-9
-744.0E-3,157.6E-9
-743.0E-3,159.6E-9
-742.0E-3,161.6E-9
-741.0E-3,163.6E-9
-740.0E-3,165.6E-9
-739.0E-3,167.6E-9
-738.0E-3,169.6E-9
-737.0E-3,171.6E-9
-736.0E-3,173.6E-9
-735.0E-3,175.5E-9
-734.0E-3,177.5E-9
-733.0E-3,179.5E-9
-732.0E-3,181.5E-9
-731.0E-3,183.5E-9
-730.0E-3,185.5E-9
-729.0E-3,187.5E-9
-728.0E-3,189.5E-9
-727.0E-3,191.4E-9
-726.0E-3,193.4E-9
-725.0E-3,195.4E-9
-724.0E-3,197.4E-9
-723.0E-3,199.4E-9
-722.0E-3,201.4E-9
-721.0E-3,203.4E-9
-720.0E-3,205.4E-9
-719.0E-3,214.2E-9
-718.0E-3,223.0E-9
-717.0E-3,231.8E-9
-716.0E-3,240.6E-9
-715.0E-3,249.4E-9
-714.0E-3,258.2E-9
-713.0E-3,267.0E-9
-712.0E-3,275.8E-9
-711.0E-3,284.7E-9
-710.0E-3,293.5E-9
-709.0E-3,302.3E-9
-708.0E-3,311.1E-9
-707.0E-3,319.9E-9
-706.0E-3,328.7E-9
-705.0E-3,337.5E-9
-704.0E-3,346.3E-9
-703.0E-3,355.2E-9
-702.0E-3,364.0E-9
-701.0E-3,372.8E-9
-700.0E-3,381.6E-9
-699.0E-3,390.4E-9
-698.0E-3,399.2E-9
-697.0E-3,408.0E-9
-696.0E-3,416.8E-9
-695.0E-3,425.6E-9
-694.0E-3,434.5E-9
-693.0E-3,443.3E-9
-692.0E-3,452.1E-9
-691.0E-3,460.9E-9
-690.0E-3,469.7E-9
-689.0E-3,478.5E-9
-688.0E-3,487.3E-9
-687.0E-3,496.1E-9
-686.0E-3,504.9E-9
-685.0E-3,513.8E-9
-684.0E-3,522.6E-9
-683.0E-3,531.4E-9
-682.0E-3,540.2E-9
-681.0E-3,549.0E-9
-680.0E-3,557.8E-9
-679.0E-3,566.6E-9
-678.0E-3,575.4E-9
-677.0E-3,584.3E-9
-676.0E-3,593.1E-9
-675.0E-3,601.9E-9
-674.0E-3,610.7E-9
-673.0E-3,619.5E-9
-672.0E-3,628.3E-9
-671.0E-3,637.1E-9
-670.0E-3,645.9E-9
-669.0E-3,654.7E-9
-668.0E-3,663.6E-9
-667.0E-3,672.4E-9
-666.0E-3,681.2E-9
-665.0E-3,690.0E-9
-664.0E-3,698.8E-9
-663.0E-3,707.6E-9
-662.0E-3,716.4E-9
-661.0E-3,725.2E-9
-660.0E-3,734.0E-9
-659.0E-3,742.9E-9
-658.0E-3,751.7E-9
-657.0E-3,760.5E-9
-656.0E-3,769.3E-9
-655.0E-3,778.1E-9
-654.0E-3,786.9E-9
-653.0E-3,795.7E-9
-652.0E-3,804.5E-9
-651.0E-3,813.4E-9
-650.0E-3,822.2E-9
-649.0E-3,831.0E-9
-648.0E-3,839.8E-9
-647.0E-3,848.6E-9
-646.0E-3,857.4E-9
-645.0E-3,866.2E-9
-644.0E-3,875.0E-9
-643.0E-3,883.8E-9
-642.0E-3,892.7E-9
-641.0E-3,901.5E-9
-640.0E-3,910.3E-9
-639.0E-3,949.3E-9
-638.0E-3,988.4E-9
-637.0E-3,1.027E-6
-636.0E-3,1.066E-6
-635.0E-3,1.106E-6
-634.0E-3,1.145E-6
-633.0E-3,1.184E-6
-632.0E-3,1.223E-6
-631.0E-3,1.262E-6
-630.0E-3,1.301E-6
-629.0E-3,1.340E-6
-628.0E-3,1.379E-6
-627.0E-3,1.418E-6
-626.0E-3,1.457E-6
-625.0E-3,1.496E-6
-624.0E-3,1.535E-6
-623.0E-3,1.574E-6
-622.0E-3,1.613E-6
-621.0E-3,1.652E-6
-620.0E-3,1.691E-6
-619.0E-3,1.730E-6
-618.0E-3,1.769E-6
-617.0E-3,1.809E-6
-616.0E-3,1.848E-6
-615.0E-3,1.887E-6
-614.0E-3,1.926E-6
-613.0E-3,1.965E-6
-612.0E-3,2.004E-6
-611.0E-3,2.043E-6
-610.0E-3,2.082E-6
-609.0E-3,2.121E-6
-608.0E-3,2.160E-6
-607.0E-3,2.199E-6
-606.0E-3,2.238E-6
-605.0E-3,2.277E-6
-604.0E-3,2.316E-6
-603.0E-3,2.355E-6
-602.0E-3,2.394E-6
-601.0E-3,2.433E-6
-600.0E-3,2.472E-6
-599.0E-3,2.512E-6
-598.0E-3,2.551E-6
-597.0E-3,2.590E-6
-596.0E-3,2.629E-6
-595.0E-3,2.668E-6
-594.0E-3,2.707E-6
-593.0E-3,2.746E-6
-592.0E-3,2.785E-6
-591.0E-3,2.824E-6
-590.0E-3,2.863E-6
-589.0E-3,2.902E-6
-588.0E-3,2.941E-6
-587.0E-3,2.980E-6
-586.0E-3,3.019E-6
-585.0E-3,3.058E-6
-584.0E-3,3.097E-6
-583.0E-3,3.136E-6
-582.0E-3,3.175E-6
-581.0E-3,3.215E-6
-580.0E-3,3.254E-6
-579.0E-3,3.293E-6
-578.0E-3,3.332E-6
-577.0E-3,3.371E-6
-576.0E-3,3.410E-6
-575.0E-3,3.449E-6
-574.0E-3,3.488E-6
-573.0E-3,3.527E-6
-572.0E-3,3.566E-6
-571.0E-3,3.605E-6
-570.0E-3,3.644E-6
-569.0E-3,3.683E-6
-568.0E-3,3.722E-6
-567.0E-3,3.761E-6
-566.0E-3,3.800E-6
-565.0E-3,3.839E-6
-564.0E-3,3.878E-6
-563.0E-3,3.918E-6
-562.0E-3,3.957E-6
-561.0E-3,3.996E-6
-560.0E-3,4.035E-6
-559.0E-3,4.208E-6
-558.0E-3,4.381E-6
-557.0E-3,4.554E-6
-556.0E-3,4.727E-6
-555.0E-3,4.900E-6
-554.0E-3,5.073E-6
-553.0E-3,5.246E-6
-552.0E-3,5.419E-6
-551.0E-3,5.592E-6
-550.0E-3,5.765E-6
-549.0E-3,5.938E-6
-548.0E-3,6.111E-6
-547.0E-3,6.284E-6
-546.0E-3,6.457E-6
-545.0E-3,6.630E-6
-544.0E-3,6.804E-6
-543.0E-3,6.977E-6
-542.0E-3,7.150E-6
-541.0E-3,7.323E-6
-540.0E-3,7.496E-6
-539.0E-3,7.669E-6
-538.0E-3,7.842E-6
-537.0E-3,8.015E-6
-536.0E-3,8.188E-6
-535.0E-3,8.361E-6
-534.0E-3,8.534E-6
-533.0E-3,8.707E-6
-532.0E-3,8.880E-6
-531.0E-3,9.053E-6
-530.0E-3,9.226E-6
-529.0E-3,9.399E-6
-528.0E-3,9.572E-6
-527.0E-3,9.745E-6
-526.0E-3,9.918E-6
-525.0E-3,10.09E-6
-524.0E-3,10.26E-6
-523.0E-3,10.44E-6
-522.0E-3,10.61E-6
-521.0E-3,10.78E-6
-520.0E-3,10.96E-6
-519.0E-3,11.13E-6
-518.0E-3,11.30E-6
-517.0E-3,11.48E-6
-516.0E-3,11.65E-6
-515.0E-3,11.82E-6
-514.0E-3,12.00E-6
-513.0E-3,12.17E-6
-512.0E-3,12.34E-6
-511.0E-3,12.51E-6
-510.0E-3,12.69E-6
-509.0E-3,12.86E-6
-508.0E-3,13.03E-6
-507.0E-3,13.21E-6
-506.0E-3,13.38E-6
-505.0E-3,13.55E-6
-504.0E-3,13.73E-6
-503.0E-3,13.90E-6
-502.0E-3,14.07E-6
-501.0E-3,14.24E-6
-500.0E-3,14.42E-6
-499.0E-3,14.59E-6
-498.0E-3,14.76E-6
-497.0E-3,14.94E-6
-496.0E-3,15.11E-6
-495.0E-3,15.28E-6
-494.0E-3,15.46E-6
-493.0E-3,15.63E-6
-492.0E-3,15.80E-6
-491.0E-3,15.98E-6
-490.0E-3,16.15E-6
-489.0E-3,16.32E-6
-488.0E-3,16.49E-6
-487.0E-3,16.67E-6
-486.0E-3,16.84E-6
-485.0E-3,17.01E-6
-484.0E-3,17.19E-6
-483.0E-3,17.36E-6
-482.0E-3,17.53E-6
-481.0E-3,17.71E-6
-480.0E-3,17.88E-6
-479.0E-3,18.64E-6
-478.0E-3,19.41E-6
-477.0E-3,20.18E-6
-476.0E-3,20.94E-6
-475.0E-3,21.71E-6
-474.0E-3,22.47E-6
-473.0E-3,23.24E-6
-472.0E-3,24.00E-6
-471.0E-3,24.77E-6
-470.0E-3,25.54E-6
-469.0E-3,26.30E-6
-468.0E-3,27.07E-6
-467.0E-3,27.83E-6
-466.0E-3,28.60E-6
-465.0E-3,29.36E-6
-464.0E-3,30.13E-6
-463.0E-3,30.90E-6
-462.0E-3,31.66E-6
-461.0E-3,32.43E-6
-460.0E-3,33.19E-6
-459.0E-3,33.96E-6
-458.0E-3,34.73E-6
-457.0E-3,35.49E-6
-456.0E-3,36.26E-6
-455.0E-3,37.02E-6
-454.0E-3,37.79E-6
-453.0E-3,38.55E-6
-452.0E-3,39.32E-6
-451.0E-3,40.09E-6
-450.0E-3,40.85E-6
-449.0E-3,41.62E-6
-448.0E-3,42.38E-6
-447.0E-3,43.15E-6
-446.0E-3,43.91E-6
-445.0E-3,44.68E-6
-444.0E-3,45.45E-6
-443.0E-3,46.21E-6
-442.0E-3,46.98E-6
-441.0E-3,47.74E-6
-440.0E-3,48.51E-6
-439.0E-3,49.27E-6
-438.0E-3,50.04E-6
-437.0E-3,50.81E-6
-436.0E-3,51.57E-6
-435.0E-3,52.34E-6
-434.0E-3,53.10E-6
-433.0E-3,53.87E-6
-432.0E-3,54.63E-6
-431.0E-3,55.40E-6
-430.0E-3,56.17E-6
-429.0E-3,56.93E-6
-428.0E-3,57.70E-6
-427.0E-3,58.46E-6
-426.0E-3,59.23E-6
-425.0E-3,59.99E-6
-424.0E-3,60.76E-6
-423.0E-3,61.53E-6
-422.0E-3,62.29E-6
-421.0E-3,63.06E-6
-420.0E-3,63.82E-6
-419.0E-3,64.59E-6
-418.0E-3,65.36E-6
-417.0E-3,66.12E-6
-416.0E-3,66.89E-6
-415.0E-3,67.65E-6
-414.0E-3,68.42E-6
-413.0E-3,69.18E-6
-412.0E-3,69.95E-6
-411.0E-3,70.72E-6
-410.0E-3,71.48E-6
-409.0E-3,72.25E-6
-408.0E-3,73.01E-6
-407.0E-3,73.78E-6
-406.0E-3,74.54E-6
-405.0E-3,75.31E-6
-404.0E-3,76.08E-6
-403.0E-3,76.84E-6
-402.0E-3,77.61E-6
-401.0E-3,78.37E-6
-400.0E-3,79.14E-6
-399.0E-3,82.51E-6
-398.0E-3,85.88E-6
-397.0E-3,89.25E-6
-396.0E-3,92.62E-6
-395.0E-3,95.99E-6
-394.0E-3,99.36E-6
-393.0E-3,102.7E-6
-392.0E-3,106.1E-6
-391.0E-3,109.5E-6
-390.0E-3,112.8E-6
-389.0E-3,116.2E-6
-388.0E-3,119.6E-6
-387.0E-3,122.9E-6
-386.0E-3,126.3E-6
-385.0E-3,129.7E-6
-384.0E-3,133.1E-6
-383.0E-3,136.4E-6
-382.0E-3,139.8E-6
-381.0E-3,143.2E-6
-380.0E-3,146.5E-6
-379.0E-3,149.9E-6
-378.0E-3,153.3E-6
-377.0E-3,156.6E-6
-376.0E-3,160.0E-6
-375.0E-3,163.4E-6
-374.0E-3,166.7E-6
-373.0E-3,170.1E-6
-372.0E-3,173.5E-6
-371.0E-3,176.9E-6
-370.0E-3,180.2E-6
-369.0E-3,183.6E-6
-368.0E-3,187.0E-6
-367.0E-3,190.3E-6
-366.0E-3,193.7E-6
-365.0E-3,197.1E-6
-364.0E-3,200.4E-6
-363.0E-3,203.8E-6
-362.0E-3,207.2E-6
-361.0E-3,210.6E-6
-360.0E-3,213.9E-6
-359.0E-3,217.3E-6
-358.0E-3,220.7E-6
-357.0E-3,224.0E-6
-356.0E-3,227.4E-6
-355.0E-3,230.8E-6
-354.0E-3,234.1E-6
-353.0E-3,237.5E-6
-352.0E-3,240.9E-6
-351.0E-3,244.2E-6
-350.0E-3,247.6E-6
-349.0E-3,251.0E-6
-348.0E-3,254.4E-6
-347.0E-3,257.7E-6
-346.0E-3,261.1E-6
-345.0E-3,264.5E-6
-344.0E-3,267.8E-6
-343.0E-3,271.2E-6
-342.0E-3,274.6E-6
-341.0E-3,277.9E-6
-340.0E-3,281.3E-6
-339.0E-3,284.7E-6
-338.0E-3,288.1E-6
-337.0E-3,291.4E-6
-336.0E-3,294.8E-6
-335.0E-3,298.2E-6
-334.0E-3,301.5E-6
-333.0E-3,304.9E-6
-332.0E-3,308.3E-6
-331.0E-3,311.6E-6
-330.0E-3,315.0E-6
-329.0E-3,318.4E-6
-328.0E-3,321.8E-6
-327.0E-3,325.1E-6
-326.0E-3,328.5E-6
-325.0E-3,331.9E-6
-324.0E-3,335.2E-6
-323.0E-3,338.6E-6
-322.0E-3,342.0E-6
-321.0E-3,345.3E-6
-320.0E-3,348.7E-6
-319.0E-3,363.2E-6
-318.0E-3,377.7E-6
-317.0E-3,392.2E-6
-316.0E-3,406.7E-6
-315.0E-3,421.2E-6
-314.0E-3,435.6E-6
-313.0E-3,450.1E-6
-312.0E-3,464.6E-6
-311.0E-3,479.1E-6
-310.0E-3,493.6E-6
-309.0E-3,508.1E-6
-308.0E-3,522.6E-6
-307.0E-3,537.1E-6
-306.0E-3,551.6E-6
-305.0E-3,566.0E-6
-304.0E-3,580.5E-6
-303.0E-3,595.0E-6
-302.0E-3,609.5E-6
-301.0E-3,624.0E-6
-300.0E-3,638.5E-6
-299.0E-3,653.0E-6
-298.0E-3,667.5E-6
-297.0E-3,682.0E-6
-296.0E-3,696.4E-6
-295.0E-3,710.9E-6
-294.0E-3,725.4E-6
-293.0E-3,739.9E-6
-292.0E-3,754.4E-6
-291.0E-3,768.9E-6
-290.0E-3,783.4E-6
-289.0E-3,797.9E-6
-288.0E-3,812.4E-6
-287.0E-3,826.9E-6
-286.0E-3,841.3E-6
-285.0E-3,855.8E-6
-284.0E-3,870.3E-6
-283.0E-3,884.8E-6
-282.0E-3,899.3E-6
-281.0E-3,913.8E-6
-280.0E-3,928.3E-6
-279.0E-3,942.8E-6
-278.0E-3,957.3E-6
-277.0E-3,971.7E-6
-276.0E-3,986.2E-6
-275.0E-3,1.001E-3
-274.0E-3,1.015E-3
-273.0E-3,1.030E-3
-272.0E-3,1.044E-3
-271.0E-3,1.059E-3
-270.0E-3,1.073E-3
-269.0E-3,1.088E-3
-268.0E-3,1.102E-3
-267.0E-3,1.117E-3
-266.0E-3,1.131E-3
-265.0E-3,1.146E-3
-264.0E-3,1.160E-3
-263.0E-3,1.175E-3
-262.0E-3,1.189E-3
-261.0E-3,1.204E-3
-260.0E-3,1.218E-3
-259.0E-3,1.233E-3
-258.0E-3,1.247E-3
-257.0E-3,1.262E-3
-256.0E-3,1.276E-3
-255.0E-3,1.291E-3
-254.0E-3,1.305E-3
-253.0E-3,1.319E-3
-252.0E-3,1.334E-3
-251.0E-3,1.348E-3
-250.0E-3,1.363E-3
-249.0E-3,1.377E-3
-248.0E-3,1.392E-3
-247.0E-3,1.406E-3
-246.0E-3,1.421E-3
-245.0E-3,1.435E-3
-244.0E-3,1.450E-3
-243.0E-3,1.464E-3
-242.0E-3,1.479E-3
-241.0E-3,1.493E-3
-240.0E-3,1.508E-3
-239.0E-3,1.565E-3
-238.0E-3,1.622E-3
-237.0E-3,1.679E-3
-236.0E-3,1.736E-3
-235.0E-3,1.793E-3
-234.0E-3,1.851E-3
-233.0E-3,1.908E-3
-232.0E-3,1.965E-3
-231.0E-3,2.022E-3
-230.0E-3,2.079E-3
-229.0E-3,2.136E-3
-228.0E-3,2.193E-3
-227.0E-3,2.250E-3
-226.0E-3,2.308E-3
-225.0E-3,2.365E-3
-224.0E-3,2.422E-3
-223.0E-3,2.479E-3
-222.0E-3,2.536E-3
-221.0E-3,2.593E-3
-220.0E-3,2.650E-3
-219.0E-3,2.707E-3
-218.0E-3,2.765E-3
-217.0E-3,2.822E-3
-216.0E-3,2.879E-3
-215.0E-3,2.936E-3
-214.0E-3,2.993E-3
-213.0E-3,3.050E-3
-212.0E-3,3.107E-3
-211.0E-3,3.164E-3
-210.0E-3,3.222E-3
-209.0E-3,3.279E-3
-208.0E-3,3.336E-3
-207.0E-3,3.393E-3
-206.0E-3,3.450E-3
-205.0E-3,3.507E-3
-204.0E-3,3.564E-3
-203.0E-3,3.621E-3
-202.0E-3,3.679E-3
-201.0E-3,3.736E-3
-200.0E-3,3.793E-3
-199.0E-3,3.850E-3
-198.0E-3,3.907E-3
-197.0E-3,3.964E-3
-196.0E-3,4.021E-3
-195.0E-3,4.078E-3
-194.0E-3,4.136E-3
-193.0E-3,4.193E-3
-192.0E-3,4.250E-3
-191.0E-3,4.307E-3
-190.0E-3,4.364E-3
-189.0E-3,4.421E-3
-188.0E-3,4.478E-3
-187.0E-3,4.536E-3
-186.0E-3,4.593E-3
-185.0E-3,4.650E-3
-184.0E-3,4.707E-3
-183.0E-3,4.764E-3
-182.0E-3,4.821E-3
-181.0E-3,4.878E-3
-180.0E-3,4.935E-3
-179.0E-3,4.993E-3
-178.0E-3,5.050E-3
-177.0E-3,5.107E-3
-176.0E-3,5.164E-3
-175.0E-3,5.221E-3
-174.0E-3,5.278E-3
-173.0E-3,5.335E-3
-172.0E-3,5.392E-3
-171.0E-3,5.450E-3
-170.0E-3,5.507E-3
-169.0E-3,5.564E-3
-168.0E-3,5.621E-3
-167.0E-3,5.678E-3
-166.0E-3,5.735E-3
-165.0E-3,5.792E-3
-164.0E-3,5.849E-3
-163.0E-3,5.907E-3
-162.0E-3,5.964E-3
-161.0E-3,6.021E-3
-160.0E-3,6.078E-3
-159.0E-3,6.254E-3
-158.0E-3,6.431E-3
-157.0E-3,6.607E-3
-156.0E-3,6.784E-3
-155.0E-3,6.960E-3
-154.0E-3,7.137E-3
-153.0E-3,7.313E-3
-152.0E-3,7.490E-3
-151.0E-3,7.666E-3
-150.0E-3,7.843E-3
-149.0E-3,8.019E-3
-148.0E-3,8.196E-3
-147.0E-3,8.372E-3
-146.0E-3,8.549E-3
-145.0E-3,8.725E-3
-144.0E-3,8.902E-3
-143.0E-3,9.078E-3
-142.0E-3,9.254E-3
-141.0E-3,9.431E-3
-140.0E-3,9.607E-3
-139.0E-3,9.784E-3
-138.0E-3,9.960E-3
-137.0E-3,10.14E-3
-136.0E-3,10.31E-3
-135.0E-3,10.49E-3
-134.0E-3,10.67E-3
-133.0E-3,10.84E-3
-132.0E-3,11.02E-3
-131.0E-3,11.20E-3
-130.0E-3,11.37E-3
-129.0E-3,11.55E-3
-128.0E-3,11.73E-3
-127.0E-3,11.90E-3
-126.0E-3,12.08E-3
-125.0E-3,12.25E-3
-124.0E-3,12.43E-3
-123.0E-3,12.61E-3
-122.0E-3,12.78E-3
-121.0E-3,12.96E-3
-120.0E-3,13.14E-3
-119.0E-3,13.31E-3
-118.0E-3,13.49E-3
-117.0E-3,13.67E-3
-116.0E-3,13.84E-3
-115.0E-3,14.02E-3
-114.0E-3,14.20E-3
-113.0E-3,14.37E-3
-112.0E-3,14.55E-3
-111.0E-3,14.73E-3
-110.0E-3,14.90E-3
-109.0E-3,15.08E-3
-108.0E-3,15.25E-3
-107.0E-3,15.43E-3
-106.0E-3,15.61E-3
-105.0E-3,15.78E-3
-104.0E-3,15.96E-3
-103.0E-3,16.14E-3
-102.0E-3,16.31E-3
-101.0E-3,16.49E-3
-100.0E-3,16.67E-3
-99.00E-3,16.84E-3
-98.00E-3,17.02E-3
-97.00E-3,17.20E-3
-96.00E-3,17.37E-3
-95.00E-3,17.55E-3
-94.00E-3,17.73E-3
-93.00E-3,17.90E-3
-92.00E-3,18.08E-3
-91.00E-3,18.25E-3
-90.00E-3,18.43E-3
-89.00E-3,18.61E-3
-88.00E-3,18.78E-3
-87.00E-3,18.96E-3
-86.00E-3,19.14E-3
-85.00E-3,19.31E-3
-84.00E-3,19.49E-3
-83.00E-3,19.67E-3
-82.00E-3,19.84E-3
-81.00E-3,20.02E-3
-80.00E-3,20.20E-3
-79.00E-3,20.56E-3
-78.00E-3,20.93E-3
-77.00E-3,21.30E-3
-76.00E-3,21.66E-3
-75.00E-3,22.03E-3
-74.00E-3,22.40E-3
-73.00E-3,22.76E-3
-72.00E-3,23.13E-3
-71.00E-3,23.50E-3
-70.00E-3,23.86E-3
-69.00E-3,24.23E-3
-68.00E-3,24.60E-3
-67.00E-3,24.96E-3
-66.00E-3,25.33E-3
-65.00E-3,25.70E-3
-64.00E-3,26.06E-3
-63.00E-3,26.43E-3
-62.00E-3,26.80E-3
-61.00E-3,27.16E-3
-60.00E-3,27.53E-3
-59.00E-3,27.90E-3
-58.00E-3,28.26E-3
-57.00E-3,28.63E-3
-56.00E-3,29.00E-3
-55.00E-3,29.36E-3
-54.00E-3,29.73E-3
-53.00E-3,30.10E-3
-52.00E-3,30.46E-3
-51.00E-3,30.83E-3
-50.00E-3,31.20E-3
-49.00E-3,31.56E-3
-48.00E-3,31.93E-3
-47.00E-3,32.30E-3
-46.00E-3,32.66E-3
-45.00E-3,33.03E-3
-44.00E-3,33.40E-3
-43.00E-3,33.76E-3
-42.00E-3,34.13E-3
-41.00E-3,34.50E-3
-40.00E-3,34.86E-3
-39.00E-3,35.23E-3
-38.00E-3,35.60E-3
-37.00E-3,35.96E-3
-36.00E-3,36.33E-3
-35.00E-3,36.70E-3
-34.00E-3,37.07E-3
-33.00E-3,37.43E-3
-32.00E-3,37.80E-3
-31.00E-3,38.17E-3
-30.00E-3,38.53E-3
-29.00E-3,38.90E-3
-28.00E-3,39.27E-3
-27.00E-3,39.63E-3
-26.00E-3,40.00E-3
-25.00E-3,40.37E-3
-24.00E-3,40.73E-3
-23.00E-3,41.10E-3
-22.00E-3,41.47E-3
-21.00E-3,41.83E-3
-20.00E-3,42.20E-3
-19.00E-3,42.57E-3
-18.00E-3,42.93E-3
-17.00E-3,43.30E-3
-16.00E-3,43.67E-3
-15.00E-3,44.03E-3
-14.00E-3,44.40E-3
-13.00E-3,44.77E-3
-12.00E-3,45.13E-3
-11.00E-3,45.50E-3
-10.00E-3,45.87E-3
-9.000E-3,46.23E-3
-8.000E-3,46.60E-3
-7.000E-3,46.97E-3
-6.000E-3,47.33E-3
-5.000E-3,47.70E-3
-4.000E-3,48.07E-3
-3.000E-3,48.43E-3
-2.000E-3,48.80E-3
-1.000E-3,49.17E-3
-109.3E-15,49.53E-3
1.000E-3,50.07E-3
2.000E-3,50.61E-3
3.000E-3,51.15E-3
4.000E-3,51.69E-3
5.000E-3,52.23E-3
6.000E-3,52.77E-3
7.000E-3,53.30E-3
8.000E-3,53.84E-3
9.000E-3,54.38E-3
10.00E-3,54.92E-3
11.00E-3,55.46E-3
12.00E-3,56.00E-3
13.00E-3,56.54E-3
14.00E-3,57.08E-3
15.00E-3,57.61E-3
16.00E-3,58.15E-3
17.00E-3,58.69E-3
18.00E-3,59.23E-3
19.00E-3,59.77E-3
20.00E-3,60.31E-3
21.00E-3,60.85E-3
22.00E-3,61.39E-3
23.00E-3,61.92E-3
24.00E-3,62.46E-3
25.00E-3,63.00E-3
26.00E-3,63.54E-3
27.00E-3,64.08E-3
28.00E-3,64.62E-3
29.00E-3,65.16E-3
30.00E-3,65.70E-3
31.00E-3,66.23E-3
32.00E-3,66.77E-3
33.00E-3,67.31E-3
34.00E-3,67.85E-3
35.00E-3,68.39E-3
36.00E-3,68.93E-3
37.00E-3,69.47E-3
38.00E-3,70.01E-3
39.00E-3,70.54E-3
40.00E-3,71.08E-3
41.00E-3,71.62E-3
42.00E-3,72.16E-3
43.00E-3,72.70E-3
44.00E-3,73.24E-3
45.00E-3,73.78E-3
46.00E-3,74.32E-3
47.00E-3,74.85E-3
48.00E-3,75.39E-3
49.00E-3,75.93E-3
50.00E-3,76.47E-3
51.00E-3,77.01E-3
52.00E-3,77.55E-3
53.00E-3,78.09E-3
54.00E-3,78.63E-3
55.00E-3,79.16E-3
56.00E-3,79.70E-3
57.00E-3,80.24E-3
58.00E-3,80.78E-3
59.00E-3,81.32E-3
60.00E-3,81.86E-3
61.00E-3,82.40E-3
62.00E-3,82.94E-3
63.00E-3,83.47E-3
64.00E-3,84.01E-3
65.00E-3,84.55E-3
66.00E-3,85.09E-3
67.00E-3,85.63E-3
68.00E-3,86.17E-3
69.00E-3,86.71E-3
70.00E-3,87.25E-3
71.00E-3,87.78E-3
72.00E-3,88.32E-3
73.00E-3,88.86E-3
74.00E-3,89.40E-3
75.00E-3,89.94E-3
76.00E-3,90.48E-3
77.00E-3,91.02E-3
78.00E-3,91.56E-3
79.00E-3,92.09E-3
80.00E-3,92.63E-3
81.00E-3,93.29E-3
82.00E-3,93.94E-3
83.00E-3,94.59E-3
84.00E-3,95.25E-3
85.00E-3,95.90E-3
86.00E-3,96.55E-3
87.00E-3,97.21E-3
88.00E-3,97.86E-3
89.00E-3,98.51E-3
90.00E-3,99.17E-3
91.00E-3,99.82E-3
92.00E-3,100.5E-3
93.00E-3,101.1E-3
94.00E-3,101.8E-3
95.00E-3,102.4E-3
96.00E-3,103.1E-3
97.00E-3,103.7E-3
98.00E-3,104.4E-3
99.00E-3,105.0E-3
100.0E-3,105.7E-3
101.0E-3,106.4E-3
102.0E-3,107.0E-3
103.0E-3,107.7E-3
104.0E-3,108.3E-3
105.0E-3,109.0E-3
106.0E-3,109.6E-3
107.0E-3,110.3E-3
108.0E-3,110.9E-3
109.0E-3,111.6E-3
110.0E-3,112.2E-3
111.0E-3,112.9E-3
112.0E-3,113.5E-3
113.0E-3,114.2E-3
114.0E-3,114.9E-3
115.0E-3,115.5E-3
116.0E-3,116.2E-3
117.0E-3,116.8E-3
118.0E-3,117.5E-3
119.0E-3,118.1E-3
120.0E-3,118.8E-3
121.0E-3,119.4E-3
122.0E-3,120.1E-3
123.0E-3,120.7E-3
124.0E-3,121.4E-3
125.0E-3,122.0E-3
126.0E-3,122.7E-3
127.0E-3,123.3E-3
128.0E-3,124.0E-3
129.0E-3,124.7E-3
130.0E-3,125.3E-3
131.0E-3,126.0E-3
132.0E-3,126.6E-3
133.0E-3,127.3E-3
134.0E-3,127.9E-3
135.0E-3,128.6E-3
136.0E-3,129.2E-3
137.0E-3,129.9E-3
138.0E-3,130.5E-3
139.0E-3,131.2E-3
140.0E-3,131.8E-3
141.0E-3,132.5E-3
142.0E-3,133.1E-3
143.0E-3,133.8E-3
144.0E-3,134.5E-3
145.0E-3,135.1E-3
146.0E-3,135.8E-3
147.0E-3,136.4E-3
148.0E-3,137.1E-3
149.0E-3,137.7E-3
150.0E-3,138.4E-3
151.0E-3,139.0E-3
152.0E-3,139.7E-3
153.0E-3,140.3E-3
154.0E-3,141.0E-3
155.0E-3,141.6E-3
156.0E-3,142.3E-3
157.0E-3,143.0E-3
158.0E-3,143.6E-3
159.0E-3,144.3E-3
160.0E-3,144.9E-3
161.0E-3,145.6E-3
162.0E-3,146.4E-3
163.0E-3,147.1E-3
164.0E-3,147.8E-3
165.0E-3,148.5E-3
166.0E-3,149.3E-3
167.0E-3,150.0E-3
168.0E-3,150.7E-3
169.0E-3,151.4E-3
170.0E-3,152.2E-3
171.0E-3,152.9E-3
172.0E-3,153.6E-3
173.0E-3,154.3E-3
174.0E-3,155.1E-3
175.0E-3,155.8E-3
176.0E-3,156.5E-3
177.0E-3,157.2E-3
178.0E-3,158.0E-3
179.0E-3,158.7E-3
180.0E-3,159.4E-3
181.0E-3,160.1E-3
182.0E-3,160.9E-3
183.0E-3,161.6E-3
184.0E-3,162.3E-3
185.0E-3,163.0E-3
186.0E-3,163.8E-3
187.0E-3,164.5E-3
188.0E-3,165.2E-3
189.0E-3,165.9E-3
190.0E-3,166.7E-3
191.0E-3,167.4E-3
192.0E-3,168.1E-3
193.0E-3,168.8E-3
194.0E-3,169.6E-3
195.0E-3,170.3E-3
196.0E-3,171.0E-3
197.0E-3,171.7E-3
198.0E-3,172.5E-3
199.0E-3,173.2E-3
200.0E-3,173.9E-3
201.0E-3,174.6E-3
202.0E-3,175.4E-3
203.0E-3,176.1E-3
204.0E-3,176.8E-3
205.0E-3,177.5E-3
206.0E-3,178.3E-3
207.0E-3,179.0E-3
208.0E-3,179.7E-3
209.0E-3,180.4E-3
210.0E-3,181.2E-3
211.0E-3,181.9E-3
212.0E-3,182.6E-3
213.0E-3,183.3E-3
214.0E-3,184.1E-3
215.0E-3,184.8E-3
216.0E-3,185.5E-3
217.0E-3,186.2E-3
218.0E-3,187.0E-3
219.0E-3,187.7E-3
220.0E-3,188.4E-3
221.0E-3,189.1E-3
222.0E-3,189.9E-3
223.0E-3,190.6E-3
224.0E-3,191.3E-3
225.0E-3,192.0E-3
226.0E-3,192.8E-3
227.0E-3,193.5E-3
228.0E-3,194.2E-3
229.0E-3,194.9E-3
230.0E-3,195.7E-3
231.0E-3,196.4E-3
232.0E-3,197.1E-3
233.0E-3,197.8E-3
234.0E-3,198.6E-3
235.0E-3,199.3E-3
236.0E-3,200.0E-3
237.0E-3,200.7E-3
238.0E-3,201.5E-3
239.0E-3,202.2E-3
240.0E-3,202.9E-3
241.0E-3,203.7E-3
242.0E-3,204.5E-3
243.0E-3,205.2E-3
244.0E-3,206.0E-3
245.0E-3,206.8E-3
246.0E-3,207.6E-3
247.0E-3,208.3E-3
248.0E-3,209.1E-3
249.0E-3,209.9E-3
250.0E-3,210.7E-3
251.0E-3,211.4E-3
252.0E-3,212.2E-3
253.0E-3,213.0E-3
254.0E-3,213.7E-3
255.0E-3,214.5E-3
256.0E-3,215.3E-3
257.0E-3,216.1E-3
258.0E-3,216.8E-3
259.0E-3,217.6E-3
260.0E-3,218.4E-3
261.0E-3,219.2E-3
262.0E-3,219.9E-3
263.0E-3,220.7E-3
264.0E-3,221.5E-3
265.0E-3,222.2E-3
266.0E-3,223.0E-3
267.0E-3,223.8E-3
268.0E-3,224.6E-3
269.0E-3,225.3E-3
270.0E-3,226.1E-3
271.0E-3,226.9E-3
272.0E-3,227.7E-3
273.0E-3,228.4E-3
274.0E-3,229.2E-3
275.0E-3,230.0E-3
276.0E-3,230.7E-3
277.0E-3,231.5E-3
278.0E-3,232.3E-3
279.0E-3,233.1E-3
280.0E-3,233.8E-3
281.0E-3,234.6E-3
282.0E-3,235.4E-3
283.0E-3,236.2E-3
284.0E-3,236.9E-3
285.0E-3,237.7E-3
286.0E-3,238.5E-3
287.0E-3,239.2E-3
288.0E-3,240.0E-3
289.0E-3,240.8E-3
290.0E-3,241.6E-3
291.0E-3,242.3E-3
292.0E-3,243.1E-3
293.0E-3,243.9E-3
294.0E-3,244.7E-3
295.0E-3,245.4E-3
296.0E-3,246.2E-3
297.0E-3,247.0E-3
298.0E-3,247.7E-3
299.0E-3,248.5E-3
300.0E-3,249.3E-3
301.0E-3,250.1E-3
302.0E-3,250.8E-3
303.0E-3,251.6E-3
304.0E-3,252.4E-3
305.0E-3,253.2E-3
306.0E-3,253.9E-3
307.0E-3,254.7E-3
308.0E-3,255.5E-3
309.0E-3,256.2E-3
310.0E-3,257.0E-3
311.0E-3,257.8E-3
312.0E-3,258.6E-3
313.0E-3,259.3E-3
314.0E-3,260.1E-3
315.0E-3,260.9E-3
316.0E-3,261.7E-3
317.0E-3,262.4E-3
318.0E-3,263.2E-3
319.0E-3,264.0E-3
320.0E-3,264.7E-3
321.0E-3,265.6E-3
322.0E-3,266.4E-3
323.0E-3,267.2E-3
324.0E-3,268.0E-3
325.0E-3,268.8E-3
326.0E-3,269.6E-3
327.0E-3,270.4E-3
328.0E-3,271.2E-3
329.0E-3,272.0E-3
330.0E-3,272.8E-3
331.0E-3,273.6E-3
332.0E-3,274.4E-3
333.0E-3,275.2E-3
334.0E-3,276.0E-3
335.0E-3,276.8E-3
336.0E-3,277.6E-3
337.0E-3,278.4E-3
338.0E-3,279.2E-3
339.0E-3,280.0E-3
340.0E-3,280.8E-3
341.0E-3,281.6E-3
342.0E-3,282.5E-3
343.0E-3,283.3E-3
344.0E-3,284.1E-3
345.0E-3,284.9E-3
346.0E-3,285.7E-3
347.0E-3,286.5E-3
348.0E-3,287.3E-3
349.0E-3,288.1E-3
350.0E-3,288.9E-3
351.0E-3,289.7E-3
352.0E-3,290.5E-3
353.0E-3,291.3E-3
354.0E-3,292.1E-3
355.0E-3,292.9E-3
356.0E-3,293.7E-3
357.0E-3,294.5E-3
358.0E-3,295.3E-3
359.0E-3,296.1E-3
360.0E-3,296.9E-3
361.0E-3,297.7E-3
362.0E-3,298.6E-3
363.0E-3,299.4E-3
364.0E-3,300.2E-3
365.0E-3,301.0E-3
366.0E-3,301.8E-3
367.0E-3,302.6E-3
368.0E-3,303.4E-3
369.0E-3,304.2E-3
370.0E-3,305.0E-3
371.0E-3,305.8E-3
372.0E-3,306.6E-3
373.0E-3,307.4E-3
374.0E-3,308.2E-3
375.0E-3,309.0E-3
376.0E-3,309.8E-3
377.0E-3,310.6E-3
378.0E-3,311.4E-3
379.0E-3,312.2E-3
380.0E-3,313.0E-3
381.0E-3,313.8E-3
382.0E-3,314.6E-3
383.0E-3,315.5E-3
384.0E-3,316.3E-3
385.0E-3,317.1E-3
386.0E-3,317.9E-3
387.0E-3,318.7E-3
388.0E-3,319.5E-3
389.0E-3,320.3E-3
390.0E-3,321.1E-3
391.0E-3,321.9E-3
392.0E-3,322.7E-3
393.0E-3,323.5E-3
394.0E-3,324.3E-3
395.0E-3,325.1E-3
396.0E-3,325.9E-3
397.0E-3,326.7E-3
398.0E-3,327.5E-3
399.0E-3,328.3E-3
400.0E-3,329.1E-3
401.0E-3,330.0E-3
402.0E-3,330.8E-3
403.0E-3,331.6E-3
404.0E-3,332.4E-3
405.0E-3,333.3E-3
406.0E-3,334.1E-3
407.0E-3,334.9E-3
408.0E-3,335.8E-3
409.0E-3,336.6E-3
410.0E-3,337.4E-3
411.0E-3,338.2E-3
412.0E-3,339.1E-3
413.0E-3,339.9E-3
414.0E-3,340.7E-3
415.0E-3,341.6E-3
416.0E-3,342.4E-3
417.0E-3,343.2E-3
418.0E-3,344.0E-3
419.0E-3,344.9E-3
420.0E-3,345.7E-3
421.0E-3,346.5E-3
422.0E-3,347.4E-3
423.0E-3,348.2E-3
424.0E-3,349.0E-3
425.0E-3,349.8E-3
426.0E-3,350.7E-3
427.0E-3,351.5E-3
428.0E-3,352.3E-3
429.0E-3,353.1E-3
430.0E-3,354.0E-3
431.0E-3,354.8E-3
432.0E-3,355.6E-3
433.0E-3,356.5E-3
434.0E-3,357.3E-3
435.0E-3,358.1E-3
436.0E-3,358.9E-3
437.0E-3,359.8E-3
438.0E-3,360.6E-3
439.0E-3,361.4E-3
440.0E-3,362.3E-3
441.0E-3,363.1E-3
442.0E-3,363.9E-3
443.0E-3,364.7E-3
444.0E-3,365.6E-3
445.0E-3,366.4E-3
446.0E-3,367.2E-3
447.0E-3,368.1E-3
448.0E-3,368.9E-3
449.0E-3,369.7E-3
450.0E-3,370.5E-3
451.0E-3,371.4E-3
452.0E-3,372.2E-3
453.0E-3,373.0E-3
454.0E-3,373.9E-3
455.0E-3,374.7E-3
456.0E-3,375.5E-3
457.0E-3,376.3E-3
458.0E-3,377.2E-3
459.0E-3,378.0E-3
460.0E-3,378.8E-3
461.0E-3,379.6E-3
462.0E-3,380.5E-3
463.0E-3,381.3E-3
464.0E-3,382.1E-3
465.0E-3,383.0E-3
466.0E-3,383.8E-3
467.0E-3,384.6E-3
468.0E-3,385.4E-3
469.0E-3,386.3E-3
470.0E-3,387.1E-3
471.0E-3,387.9E-3
472.0E-3,388.8E-3
473.0E-3,389.6E-3
474.0E-3,390.4E-3
475.0E-3,391.2E-3
476.0E-3,392.1E-3
477.0E-3,392.9E-3
478.0E-3,393.7E-3
479.0E-3,394.6E-3
480.0E-3,395.4E-3
481.0E-3,396.2E-3
482.0E-3,397.1E-3
483.0E-3,397.9E-3
484.0E-3,398.8E-3
485.0E-3,399.6E-3
486.0E-3,400.5E-3
487.0E-3,401.3E-3
488.0E-3,402.1E-3
489.0E-3,403.0E-3
490.0E-3,403.8E-3
491.0E-3,404.7E-3
492.0E-3,405.5E-3
493.0E-3,406.4E-3
494.0E-3,407.2E-3
495.0E-3,408.1E-3
496.0E-3,408.9E-3
497.0E-3,409.8E-3
498.0E-3,410.6E-3
499.0E-3,411.4E-3
500.0E-3,412.3E-3
501.0E-3,413.1E-3
502.0E-3,414.0E-3
503.0E-3,414.8E-3
504.0E-3,415.7E-3
505.0E-3,416.5E-3
506.0E-3,417.4E-3
507.0E-3,418.2E-3
508.0E-3,419.1E-3
509.0E-3,419.9E-3
510.0E-3,420.7E-3
511.0E-3,421.6E-3
512.0E-3,422.4E-3
513.0E-3,423.3E-3
514.0E-3,424.1E-3
515.0E-3,425.0E-3
516.0E-3,425.8E-3
517.0E-3,426.7E-3
518.0E-3,427.5E-3
519.0E-3,428.4E-3
520.0E-3,429.2E-3
521.0E-3,430.0E-3
522.0E-3,430.9E-3
523.0E-3,431.7E-3
524.0E-3,432.6E-3
525.0E-3,433.4E-3
526.0E-3,434.3E-3
527.0E-3,435.1E-3
528.0E-3,436.0E-3
529.0E-3,436.8E-3
530.0E-3,437.7E-3
531.0E-3,438.5E-3
532.0E-3,439.3E-3
533.0E-3,440.2E-3
534.0E-3,441.0E-3
535.0E-3,441.9E-3
536.0E-3,442.7E-3
537.0E-3,443.6E-3
538.0E-3,444.4E-3
539.0E-3,445.3E-3
540.0E-3,446.1E-3
541.0E-3,447.0E-3
542.0E-3,447.8E-3
543.0E-3,448.6E-3
544.0E-3,449.5E-3
545.0E-3,450.3E-3
546.0E-3,451.2E-3
547.0E-3,452.0E-3
548.0E-3,452.9E-3
549.0E-3,453.7E-3
550.0E-3,454.6E-3
551.0E-3,455.4E-3
552.0E-3,456.3E-3
553.0E-3,457.1E-3
554.0E-3,457.9E-3
555.0E-3,458.8E-3
556.0E-3,459.6E-3
557.0E-3,460.5E-3
558.0E-3,461.3E-3
559.0E-3,462.2E-3
560.0E-3,463.0E-3
561.0E-3,463.9E-3
562.0E-3,464.7E-3
563.0E-3,465.6E-3
564.0E-3,466.5E-3
565.0E-3,467.3E-3
566.0E-3,468.2E-3
567.0E-3,469.0E-3
568.0E-3,469.9E-3
569.0E-3,470.8E-3
570.0E-3,471.6E-3
571.0E-3,472.5E-3
572.0E-3,473.3E-3
573.0E-3,474.2E-3
574.0E-3,475.0E-3
575.0E-3,475.9E-3
576.0E-3,476.8E-3
577.0E-3,477.6E-3
578.0E-3,478.5E-3
579.0E-3,479.3E-3
580.0E-3,480.2E-3
581.0E-3,481.1E-3
582.0E-3,481.9E-3
583.0E-3,482.8E-3
584.0E-3,483.6E-3
585.0E-3,484.5E-3
586.0E-3,485.4E-3
587.0E-3,486.2E-3
588.0E-3,487.1E-3
589.0E-3,487.9E-3
590.0E-3,488.8E-3
591.0E-3,489.6E-3
592.0E-3,490.5E-3
593.0E-3,491.4E-3
594.0E-3,492.2E-3
595.0E-3,493.1E-3
596.0E-3,493.9E-3
597.0E-3,494.8E-3
598.0E-3,495.7E-3
599.0E-3,496.5E-3
600.0E-3,497.4E-3
601.0E-3,498.2E-3
602.0E-3,499.1E-3
603.0E-3,500.0E-3
604.0E-3,500.8E-3
605.0E-3,501.7E-3
606.0E-3,502.5E-3
607.0E-3,503.4E-3
608.0E-3,504.2E-3
609.0E-3,505.1E-3
610.0E-3,506.0E-3
611.0E-3,506.8E-3
612.0E-3,507.7E-3
613.0E-3,508.5E-3
614.0E-3,509.4E-3
615.0E-3,510.3E-3
616.0E-3,511.1E-3
617.0E-3,512.0E-3
618.0E-3,512.8E-3
619.0E-3,513.7E-3
620.0E-3,514.6E-3
621.0E-3,515.4E-3
622.0E-3,516.3E-3
623.0E-3,517.1E-3
624.0E-3,518.0E-3
625.0E-3,518.8E-3
626.0E-3,519.7E-3
627.0E-3,520.6E-3
628.0E-3,521.4E-3
629.0E-3,522.3E-3
630.0E-3,523.1E-3
631.0E-3,524.0E-3
632.0E-3,524.9E-3
633.0E-3,525.7E-3
634.0E-3,526.6E-3
635.0E-3,527.4E-3
636.0E-3,528.3E-3
637.0E-3,529.2E-3
638.0E-3,530.0E-3
639.0E-3,530.9E-3
640.0E-3,531.7E-3
641.0E-3,532.6E-3
642.0E-3,533.5E-3
643.0E-3,534.3E-3
644.0E-3,535.2E-3
645.0E-3,536.1E-3
646.0E-3,536.9E-3
647.0E-3,537.8E-3
648.0E-3,538.7E-3
649.0E-3,539.6E-3
650.0E-3,540.4E-3
651.0E-3,541.3E-3
652.0E-3,542.2E-3
653.0E-3,543.0E-3
654.0E-3,543.9E-3
655.0E-3,544.8E-3
656.0E-3,545.6E-3
657.0E-3,546.5E-3
658.0E-3,547.4E-3
659.0E-3,548.3E-3
660.0E-3,549.1E-3
661.0E-3,550.0E-3
662.0E-3,550.9E-3
663.0E-3,551.7E-3
664.0E-3,552.6E-3
665.0E-3,553.5E-3
666.0E-3,554.3E-3
667.0E-3,555.2E-3
668.0E-3,556.1E-3
669.0E-3,556.9E-3
670.0E-3,557.8E-3
671.0E-3,558.7E-3
672.0E-3,559.6E-3
673.0E-3,560.4E-3
674.0E-3,561.3E-3
675.0E-3,562.2E-3
676.0E-3,563.0E-3
677.0E-3,563.9E-3
678.0E-3,564.8E-3
679.0E-3,565.6E-3
680.0E-3,566.5E-3
681.0E-3,567.4E-3
682.0E-3,568.2E-3
683.0E-3,569.1E-3
684.0E-3,570.0E-3
685.0E-3,570.9E-3
686.0E-3,571.7E-3
687.0E-3,572.6E-3
688.0E-3,573.5E-3
689.0E-3,574.3E-3
690.0E-3,575.2E-3
691.0E-3,576.1E-3
692.0E-3,576.9E-3
693.0E-3,577.8E-3
694.0E-3,578.7E-3
695.0E-3,579.5E-3
696.0E-3,580.4E-3
697.0E-3,581.3E-3
698.0E-3,582.2E-3
699.0E-3,583.0E-3
700.0E-3,583.9E-3
701.0E-3,584.8E-3
702.0E-3,585.6E-3
703.0E-3,586.5E-3
704.0E-3,587.4E-3
705.0E-3,588.2E-3
706.0E-3,589.1E-3
707.0E-3,590.0E-3
708.0E-3,590.8E-3
709.0E-3,591.7E-3
710.0E-3,592.6E-3
711.0E-3,593.5E-3
712.0E-3,594.3E-3
713.0E-3,595.2E-3
714.0E-3,596.1E-3
715.0E-3,596.9E-3
716.0E-3,597.8E-3
717.0E-3,598.7E-3
718.0E-3,599.5E-3
719.0E-3,600.4E-3
720.0E-3,601.3E-3
721.0E-3,602.2E-3
722.0E-3,603.0E-3
723.0E-3,603.9E-3
724.0E-3,604.8E-3
725.0E-3,605.7E-3
726.0E-3,606.5E-3
727.0E-3,607.4E-3
728.0E-3,608.3E-3
729.0E-3,609.2E-3
730.0E-3,610.0E-3
731.0E-3,610.9E-3
732.0E-3,611.8E-3
733.0E-3,612.7E-3
734.0E-3,613.5E-3
735.0E-3,614.4E-3
736.0E-3,615.3E-3
737.0E-3,616.2E-3
738.0E-3,617.0E-3
739.0E-3,617.9E-3
740.0E-3,618.8E-3
741.0E-3,619.7E-3
742.0E-3,620.5E-3
743.0E-3,621.4E-3
744.0E-3,622.3E-3
745.0E-3,623.2E-3
746.0E-3,624.0E-3
747.0E-3,624.9E-3
748.0E-3,625.8E-3
749.0E-3,626.7E-3
750.0E-3,627.5E-3
751.0E-3,628.4E-3
752.0E-3,629.3E-3
753.0E-3,630.2E-3
754.0E-3,631.0E-3
755.0E-3,631.9E-3
756.0E-3,632.8E-3
757.0E-3,633.7E-3
758.0E-3,634.5E-3
759.0E-3,635.4E-3
760.0E-3,636.3E-3
761.0E-3,637.2E-3
762.0E-3,638.1E-3
763.0E-3,638.9E-3
764.0E-3,639.8E-3
765.0E-3,640.7E-3
766.0E-3,641.6E-3
767.0E-3,642.4E-3
768.0E-3,643.3E-3
769.0E-3,644.2E-3
770.0E-3,645.1E-3
771.0E-3,645.9E-3
772.0E-3,646.8E-3
773.0E-3,647.7E-3
774.0E-3,648.6E-3
775.0E-3,649.4E-3
776.0E-3,650.3E-3
777.0E-3,651.2E-3
778.0E-3,652.1E-3
779.0E-3,652.9E-3
780.0E-3,653.8E-3
781.0E-3,654.7E-3
782.0E-3,655.6E-3
783.0E-3,656.4E-3
784.0E-3,657.3E-3
785.0E-3,658.2E-3
786.0E-3,659.1E-3
787.0E-3,659.9E-3
788.0E-3,660.8E-3
789.0E-3,661.7E-3
790.0E-3,662.6E-3
791.0E-3,663.4E-3
792.0E-3,664.3E-3
793.0E-3,665.2E-3
794.0E-3,666.1E-3
795.0E-3,666.9E-3
796.0E-3,667.8E-3
797.0E-3,668.7E-3
798.0E-3,669.6E-3
799.0E-3,670.4E-3
800.0E-3,671.3E-3
801.0E-3,672.2E-3
802.0E-3,673.1E-3
803.0E-3,673.9E-3
804.0E-3,674.8E-3
805.0E-3,675.7E-3
806.0E-3,676.5E-3
807.0E-3,677.4E-3
808.0E-3,678.3E-3
809.0E-3,679.1E-3
810.0E-3,680.0E-3
811.0E-3,680.9E-3
812.0E-3,681.7E-3
813.0E-3,682.6E-3
814.0E-3,683.5E-3
815.0E-3,684.3E-3
816.0E-3,685.2E-3
817.0E-3,686.0E-3
818.0E-3,686.9E-3
819.0E-3,687.8E-3
820.0E-3,688.6E-3
821.0E-3,689.5E-3
822.0E-3,690.4E-3
823.0E-3,691.2E-3
824.0E-3,692.1E-3
825.0E-3,693.0E-3
826.0E-3,693.8E-3
827.0E-3,694.7E-3
828.0E-3,695.6E-3
829.0E-3,696.4E-3
830.0E-3,697.3E-3
831.0E-3,698.2E-3
832.0E-3,699.0E-3
833.0E-3,699.9E-3
834.0E-3,700.8E-3
835.0E-3,701.6E-3
836.0E-3,702.5E-3
837.0E-3,703.4E-3
838.0E-3,704.2E-3
839.0E-3,705.1E-3
840.0E-3,706.0E-3
841.0E-3,706.8E-3
842.0E-3,707.7E-3
843.0E-3,708.6E-3
844.0E-3,709.4E-3
845.0E-3,710.3E-3
846.0E-3,711.2E-3
847.0E-3,712.0E-3
848.0E-3,712.9E-3
849.0E-3,713.8E-3
850.0E-3,714.6E-3
851.0E-3,715.5E-3
852.0E-3,716.4E-3
853.0E-3,717.2E-3
854.0E-3,718.1E-3
855.0E-3,719.0E-3
856.0E-3,719.8E-3
857.0E-3,720.7E-3
858.0E-3,721.6E-3
859.0E-3,722.4E-3
860.0E-3,723.3E-3
861.0E-3,724.2E-3
862.0E-3,725.0E-3
863.0E-3,725.9E-3
864.0E-3,726.8E-3
865.0E-3,727.6E-3
866.0E-3,728.5E-3
867.0E-3,729.4E-3
868.0E-3,730.2E-3
869.0E-3,731.1E-3
870.0E-3,732.0E-3
871.0E-3,732.8E-3
872.0E-3,733.7E-3
873.0E-3,734.6E-3
874.0E-3,735.4E-3
875.0E-3,736.3E-3
876.0E-3,737.2E-3
877.0E-3,738.0E-3
878.0E-3,738.9E-3
879.0E-3,739.8E-3
880.0E-3,740.6E-3
881.0E-3,741.4E-3
882.0E-3,742.2E-3
883.0E-3,743.0E-3
884.0E-3,743.8E-3
885.0E-3,744.6E-3
886.0E-3,745.4E-3
887.0E-3,746.2E-3
888.0E-3,747.0E-3
889.0E-3,747.8E-3
890.0E-3,748.6E-3
891.0E-3,749.4E-3
892.0E-3,750.2E-3
893.0E-3,751.0E-3
894.0E-3,751.8E-3
895.0E-3,752.6E-3
896.0E-3,753.4E-3
897.0E-3,754.2E-3
898.0E-3,755.0E-3
899.0E-3,755.8E-3
900.0E-3,756.6E-3
901.0E-3,757.4E-3
902.0E-3,758.2E-3
903.0E-3,759.0E-3
904.0E-3,759.8E-3
905.0E-3,760.6E-3
906.0E-3,761.4E-3
907.0E-3,762.2E-3
908.0E-3,763.0E-3
909.0E-3,763.8E-3
910.0E-3,764.6E-3
911.0E-3,765.4E-3
912.0E-3,766.2E-3
913.0E-3,767.0E-3
914.0E-3,767.8E-3
915.0E-3,768.6E-3
916.0E-3,769.4E-3
917.0E-3,770.2E-3
918.0E-3,771.0E-3
919.0E-3,771.8E-3
920.0E-3,772.6E-3
921.0E-3,773.4E-3
922.0E-3,774.2E-3
923.0E-3,775.0E-3
924.0E-3,775.8E-3
925.0E-3,776.6E-3
926.0E-3,777.4E-3
927.0E-3,778.2E-3
928.0E-3,779.0E-3
929.0E-3,779.8E-3
930.0E-3,780.6E-3
931.0E-3,781.4E-3
932.0E-3,782.2E-3
933.0E-3,783.0E-3
934.0E-3,783.8E-3
935.0E-3,784.6E-3
936.0E-3,785.4E-3
937.0E-3,786.2E-3
938.0E-3,787.0E-3
939.0E-3,787.8E-3
940.0E-3,788.6E-3
941.0E-3,789.4E-3
942.0E-3,790.2E-3
943.0E-3,791.0E-3
944.0E-3,791.8E-3
945.0E-3,792.6E-3
946.0E-3,793.4E-3
947.0E-3,794.2E-3
948.0E-3,795.0E-3
949.0E-3,795.8E-3
950.0E-3,796.6E-3
951.0E-3,797.4E-3
952.0E-3,798.2E-3
953.0E-3,799.0E-3
954.0E-3,799.8E-3
955.0E-3,800.6E-3
956.0E-3,801.4E-3
957.0E-3,802.2E-3
958.0E-3,803.0E-3
959.0E-3,803.8E-3
960.0E-3,804.6E-3
961.0E-3,805.3E-3
962.0E-3,806.0E-3
963.0E-3,806.6E-3
964.0E-3,807.3E-3
965.0E-3,808.0E-3
966.0E-3,808.7E-3
967.0E-3,809.4E-3
968.0E-3,810.0E-3
969.0E-3,810.7E-3
970.0E-3,811.4E-3
971.0E-3,812.1E-3
972.0E-3,812.8E-3
973.0E-3,813.4E-3
974.0E-3,814.1E-3
975.0E-3,814.8E-3
976.0E-3,815.5E-3
977.0E-3,816.2E-3
978.0E-3,816.8E-3
979.0E-3,817.5E-3
980.0E-3,818.2E-3
981.0E-3,818.9E-3
982.0E-3,819.5E-3
983.0E-3,820.2E-3
984.0E-3,820.9E-3
985.0E-3,821.6E-3
986.0E-3,822.3E-3
987.0E-3,822.9E-3
988.0E-3,823.6E-3
989.0E-3,824.3E-3
990.0E-3,825.0E-3
991.0E-3,825.7E-3
992.0E-3,826.3E-3
993.0E-3,827.0E-3
994.0E-3,827.7E-3
995.0E-3,828.4E-3
996.0E-3,829.1E-3
997.0E-3,829.7E-3
998.0E-3,830.4E-3
999.0E-3,831.1E-3
1.000,831.8E-3
1.001,832.5E-3
1.002,833.1E-3
1.003,833.8E-3
1.004,834.5E-3
1.005,835.2E-3
1.006,835.9E-3
1.007,836.5E-3
1.008,837.2E-3
1.009,837.9E-3
1.010,838.6E-3
1.011,839.3E-3
1.012,839.9E-3
1.013,840.6E-3
1.014,841.3E-3
1.015,842.0E-3
1.016,842.6E-3
1.017,843.3E-3
1.018,844.0E-3
1.019,844.7E-3
1.020,845.4E-3
1.021,846.0E-3
1.022,846.7E-3
1.023,847.4E-3
1.024,848.1E-3
1.025,848.8E-3
1.026,849.4E-3
1.027,850.1E-3
1.028,850.8E-3
1.029,851.5E-3
1.030,852.2E-3
1.031,852.8E-3
1.032,853.5E-3
1.033,854.2E-3
1.034,854.9E-3
1.035,855.6E-3
1.036,856.2E-3
1.037,856.9E-3
1.038,857.6E-3
1.039,858.3E-3
1.040,859.0E-3
1.041,859.5E-3
1.042,860.1E-3
1.043,860.6E-3
1.044,861.2E-3
1.045,861.8E-3
1.046,862.3E-3
1.047,862.9E-3
1.048,863.4E-3
1.049,864.0E-3
1.050,864.6E-3
1.051,865.1E-3
1.052,865.7E-3
1.053,866.2E-3
1.054,866.8E-3
1.055,867.4E-3
1.056,867.9E-3
1.057,868.5E-3
1.058,869.0E-3
1.059,869.6E-3
1.060,870.2E-3
1.061,870.7E-3
1.062,871.3E-3
1.063,871.8E-3
1.064,872.4E-3
1.065,873.0E-3
1.066,873.5E-3
1.067,874.1E-3
1.068,874.6E-3
1.069,875.2E-3
1.070,875.8E-3
1.071,876.3E-3
1.072,876.9E-3
1.073,877.4E-3
1.074,878.0E-3
1.075,878.6E-3
1.076,879.1E-3
1.077,879.7E-3
1.078,880.2E-3
1.079,880.8E-3
1.080,881.4E-3
1.081,881.9E-3
1.082,882.5E-3
1.083,883.0E-3
1.084,883.6E-3
1.085,884.2E-3
1.086,884.7E-3
1.087,885.3E-3
1.088,885.8E-3
1.089,886.4E-3
1.090,887.0E-3
1.091,887.5E-3
1.092,888.1E-3
1.093,888.7E-3
1.094,889.2E-3
1.095,889.8E-3
1.096,890.3E-3
1.097,890.9E-3
1.098,891.5E-3
1.099,892.0E-3
1.100,892.6E-3
1.101,893.1E-3
1.102,893.7E-3
1.103,894.3E-3
1.104,894.8E-3
1.105,895.4E-3
1.106,895.9E-3
1.107,896.5E-3
1.108,897.1E-3
1.109,897.6E-3
1.110,898.2E-3
1.111,898.7E-3
1.112,899.3E-3
1.113,899.9E-3
1.114,900.4E-3
1.115,901.0E-3
1.116,901.5E-3
1.117,902.1E-3
1.118,902.7E-3
1.119,903.2E-3
1.120,903.8E-3
1.121,904.2E-3
1.122,904.5E-3
1.123,904.9E-3
1.124,905.3E-3
1.125,905.7E-3
1.126,906.1E-3
1.127,906.4E-3
1.128,906.8E-3
1.129,907.2E-3
1.130,907.6E-3
1.131,907.9E-3
1.132,908.3E-3
1.133,908.7E-3
1.134,909.1E-3
1.135,909.5E-3
1.136,909.8E-3
1.137,910.2E-3
1.138,910.6E-3
1.139,911.0E-3
1.140,911.4E-3
1.141,911.7E-3
1.142,912.1E-3
1.143,912.5E-3
1.144,912.9E-3
1.145,913.3E-3
1.146,913.6E-3
1.147,914.0E-3
1.148,914.4E-3
1.149,914.8E-3
1.150,915.2E-3
1.151,915.5E-3
1.152,915.9E-3
1.153,916.3E-3
1.154,916.7E-3
1.155,917.0E-3
1.156,917.4E-3
1.157,917.8E-3
1.158,918.2E-3
1.159,918.6E-3
1.160,918.9E-3
1.161,919.3E-3
1.162,919.7E-3
1.163,920.1E-3
1.164,920.5E-3
1.165,920.8E-3
1.166,921.2E-3
1.167,921.6E-3
1.168,922.0E-3
1.169,922.4E-3
1.170,922.7E-3
1.171,923.1E-3
1.172,923.5E-3
1.173,923.9E-3
1.174,924.2E-3
1.175,924.6E-3
1.176,925.0E-3
1.177,925.4E-3
1.178,925.8E-3
1.179,926.1E-3
1.180,926.5E-3
1.181,926.9E-3
1.182,927.3E-3
1.183,927.7E-3
1.184,928.0E-3
1.185,928.4E-3
1.186,928.8E-3
1.187,929.2E-3
1.188,929.6E-3
1.189,929.9E-3
1.190,930.3E-3
1.191,930.7E-3
1.192,931.1E-3
1.193,931.5E-3
1.194,931.8E-3
1.195,932.2E-3
1.196,932.6E-3
1.197,933.0E-3
1.198,933.3E-3
1.199,933.7E-3
1.200,934.1E-3
1.201,934.3E-3
1.202,934.5E-3
1.203,934.7E-3
1.204,934.9E-3
1.205,935.1E-3
1.206,935.3E-3
1.207,935.4E-3
1.208,935.6E-3
1.209,935.8E-3
1.210,936.0E-3
1.211,936.2E-3
1.212,936.4E-3
1.213,936.6E-3
1.214,936.8E-3
1.215,937.0E-3
1.216,937.2E-3
1.217,937.4E-3
1.218,937.6E-3
1.219,937.8E-3
1.220,937.9E-3
1.221,938.1E-3
1.222,938.3E-3
1.223,938.5E-3
1.224,938.7E-3
1.225,938.9E-3
1.226,939.1E-3
1.227,939.3E-3
1.228,939.5E-3
1.229,939.7E-3
1.230,939.9E-3
1.231,940.1E-3
1.232,940.3E-3
1.233,940.5E-3
1.234,940.6E-3
1.235,940.8E-3
1.236,941.0E-3
1.237,941.2E-3
1.238,941.4E-3
1.239,941.6E-3
1.240,941.8E-3
1.241,942.0E-3
1.242,942.2E-3
1.243,942.4E-3
1.244,942.6E-3
1.245,942.8E-3
1.246,943.0E-3
1.247,943.1E-3
1.248,943.3E-3
1.249,943.5E-3
1.250,943.7E-3
1.251,943.9E-3
1.252,944.1E-3
1.253,944.3E-3
1.254,944.5E-3
1.255,944.7E-3
1.256,944.9E-3
1.257,945.1E-3
1.258,945.3E-3
1.259,945.5E-3
1.260,945.6E-3
1.261,945.8E-3
1.262,946.0E-3
1.263,946.2E-3
1.264,946.4E-3
1.265,946.6E-3
1.266,946.8E-3
1.267,947.0E-3
1.268,947.2E-3
1.269,947.4E-3
1.270,947.6E-3
1.271,947.8E-3
1.272,948.0E-3
1.273,948.1E-3
1.274,948.3E-3
1.275,948.5E-3
1.276,948.7E-3
1.277,948.9E-3
1.278,949.1E-3
1.279,949.3E-3
1.280,949.5E-3
1.281,949.6E-3
1.282,949.7E-3
1.283,949.8E-3
1.284,949.9E-3
1.285,949.9E-3
1.286,950.0E-3
1.287,950.1E-3
1.288,950.2E-3
1.289,950.3E-3
1.290,950.4E-3
1.291,950.5E-3
1.292,950.6E-3
1.293,950.7E-3
1.294,950.8E-3
1.295,950.9E-3
1.296,951.0E-3
1.297,951.1E-3
1.298,951.1E-3
1.299,951.2E-3
1.300,951.3E-3
1.301,951.4E-3
1.302,951.5E-3
1.303,951.6E-3
1.304,951.7E-3
1.305,951.8E-3
1.306,951.9E-3
1.307,952.0E-3
1.308,952.1E-3
1.309,952.2E-3
1.310,952.2E-3
1.311,952.3E-3
1.312,952.4E-3
1.313,952.5E-3
1.314,952.6E-3
1.315,952.7E-3
1.316,952.8E-3
1.317,952.9E-3
1.318,953.0E-3
1.319,953.1E-3
1.320,953.2E-3
1.321,953.3E-3
1.322,953.3E-3
1.323,953.4E-3
1.324,953.5E-3
1.325,953.6E-3
1.326,953.7E-3
1.327,953.8E-3
1.328,953.9E-3
1.329,954.0E-3
1.330,954.1E-3
1.331,954.2E-3
1.332,954.3E-3
1.333,954.4E-3
1.334,954.5E-3
1.335,954.5E-3
1.336,954.6E-3
1.337,954.7E-3
1.338,954.8E-3
1.339,954.9E-3
1.340,955.0E-3
1.341,955.1E-3
1.342,955.2E-3
1.343,955.3E-3
1.344,955.4E-3
1.345,955.5E-3
1.346,955.6E-3
1.347,955.6E-3
1.348,955.7E-3
1.349,955.8E-3
1.350,955.9E-3
1.351,956.0E-3
1.352,956.1E-3
1.353,956.2E-3
1.354,956.3E-3
1.355,956.4E-3
1.356,956.5E-3
1.357,956.6E-3
1.358,956.7E-3
1.359,956.8E-3
1.360,956.8E-3
1.361,956.9E-3
1.362,956.9E-3
1.363,957.0E-3
1.364,957.0E-3
1.365,957.1E-3
1.366,957.1E-3
1.367,957.2E-3
1.368,957.2E-3
1.369,957.3E-3
1.370,957.3E-3
1.371,957.4E-3
1.372,957.4E-3
1.373,957.5E-3
1.374,957.5E-3
1.375,957.6E-3
1.376,957.6E-3
1.377,957.7E-3
1.378,957.7E-3
1.379,957.8E-3
1.380,957.8E-3
1.381,957.9E-3
1.382,957.9E-3
1.383,958.0E-3
1.384,958.0E-3
1.385,958.1E-3
1.386,958.1E-3
1.387,958.2E-3
1.388,958.2E-3
1.389,958.3E-3
1.390,958.3E-3
1.391,958.4E-3
1.392,958.4E-3
1.393,958.5E-3
1.394,958.5E-3
1.395,958.6E-3
1.396,958.6E-3
1.397,958.7E-3
1.398,958.8E-3
1.399,958.8E-3
1.400,958.9E-3
1.401,958.9E-3
1.402,959.0E-3
1.403,959.0E-3
1.404,959.1E-3
1.405,959.1E-3
1.406,959.2E-3
1.407,959.2E-3
1.408,959.3E-3
1.409,959.3E-3
1.410,959.4E-3
1.411,959.4E-3
1.412,959.5E-3
1.413,959.5E-3
1.414,959.6E-3
1.415,959.6E-3
1.416,959.7E-3
1.417,959.7E-3
1.418,959.8E-3
1.419,959.8E-3
1.420,959.9E-3
1.421,959.9E-3
1.422,960.0E-3
1.423,960.0E-3
1.424,960.1E-3
1.425,960.1E-3
1.426,960.2E-3
1.427,960.2E-3
1.428,960.3E-3
1.429,960.3E-3
1.430,960.4E-3
1.431,960.4E-3
1.432,960.5E-3
1.433,960.5E-3
1.434,960.6E-3
1.435,960.6E-3
1.436,960.7E-3
1.437,960.7E-3
1.438,960.8E-3
1.439,960.8E-3
1.440,960.9E-3
1.441,960.9E-3
1.442,960.9E-3
1.443,961.0E-3
1.444,961.0E-3
1.445,961.0E-3
1.446,961.1E-3
1.447,961.1E-3
1.448,961.1E-3
1.449,961.1E-3
1.450,961.2E-3
1.451,961.2E-3
1.452,961.2E-3
1.453,961.3E-3
1.454,961.3E-3
1.455,961.3E-3
1.456,961.4E-3
1.457,961.4E-3
1.458,961.4E-3
1.459,961.5E-3
1.460,961.5E-3
1.461,961.5E-3
1.462,961.6E-3
1.463,961.6E-3
1.464,961.6E-3
1.465,961.7E-3
1.466,961.7E-3
1.467,961.7E-3
1.468,961.8E-3
1.469,961.8E-3
1.470,961.8E-3
1.471,961.9E-3
1.472,961.9E-3
1.473,961.9E-3
1.474,962.0E-3
1.475,962.0E-3
1.476,962.0E-3
1.477,962.1E-3
1.478,962.1E-3
1.479,962.1E-3
1.480,962.1E-3
1.481,962.2E-3
1.482,962.2E-3
1.483,962.2E-3
1.484,962.3E-3
1.485,962.3E-3
1.486,962.3E-3
1.487,962.4E-3
1.488,962.4E-3
1.489,962.4E-3
1.490,962.5E-3
1.491,962.5E-3
1.492,962.5E-3
1.493,962.6E-3
1.494,962.6E-3
1.495,962.6E-3
1.496,962.7E-3
1.497,962.7E-3
1.498,962.7E-3
1.499,962.8E-3
1.500,962.8E-3
1.501,962.8E-3
1.502,962.9E-3
1.503,962.9E-3
1.504,962.9E-3
1.505,963.0E-3
1.506,963.0E-3
1.507,963.0E-3
1.508,963.1E-3
1.509,963.1E-3
1.510,963.1E-3
1.511,963.2E-3
1.512,963.2E-3
1.513,963.2E-3
1.514,963.2E-3
1.515,963.3E-3
1.516,963.3E-3
1.517,963.3E-3
1.518,963.4E-3
1.519,963.4E-3
1.520,963.4E-3
1.521,963.5E-3
1.522,963.5E-3
1.523,963.5E-3
1.524,963.5E-3
1.525,963.6E-3
1.526,963.6E-3
1.527,963.6E-3
1.528,963.6E-3
1.529,963.7E-3
1.530,963.7E-3
1.531,963.7E-3
1.532,963.7E-3
1.533,963.7E-3
1.534,963.8E-3
1.535,963.8E-3
1.536,963.8E-3
1.537,963.8E-3
1.538,963.9E-3
1.539,963.9E-3
1.540,963.9E-3
1.541,963.9E-3
1.542,964.0E-3
1.543,964.0E-3
1.544,964.0E-3
1.545,964.0E-3
1.546,964.1E-3
1.547,964.1E-3
1.548,964.1E-3
1.549,964.1E-3
1.550,964.1E-3
1.551,964.2E-3
1.552,964.2E-3
1.553,964.2E-3
1.554,964.2E-3
1.555,964.3E-3
1.556,964.3E-3
1.557,964.3E-3
1.558,964.3E-3
1.559,964.4E-3
1.560,964.4E-3
1.561,964.4E-3
1.562,964.4E-3
1.563,964.5E-3
1.564,964.5E-3
1.565,964.5E-3
1.566,964.5E-3
1.567,964.5E-3
1.568,964.6E-3
1.569,964.6E-3
1.570,964.6E-3
1.571,964.6E-3
1.572,964.7E-3
1.573,964.7E-3
1.574,964.7E-3
1.575,964.7E-3
1.576,964.8E-3
1.577,964.8E-3
1.578,964.8E-3
1.579,964.8E-3
1.580,964.9E-3
1.581,964.9E-3
1.582,964.9E-3
1.583,964.9E-3
1.584,964.9E-3
1.585,965.0E-3
1.586,965.0E-3
1.587,965.0E-3
1.588,965.0E-3
1.589,965.1E-3
1.590,965.1E-3
1.591,965.1E-3
1.592,965.1E-3
1.593,965.2E-3
1.594,965.2E-3
1.595,965.2E-3
1.596,965.2E-3
1.597,965.3E-3
1.598,965.3E-3
1.599,965.3E-3
1.600,965.3E-3
1.601,965.3E-3
1.602,965.4E-3
1.603,965.4E-3
1.604,965.4E-3
1.605,965.4E-3
1.606,965.4E-3
1.607,965.5E-3
1.608,965.5E-3
1.609,965.5E-3
1.610,965.5E-3
1.611,965.5E-3
1.612,965.5E-3
1.613,965.6E-3
1.614,965.6E-3
1.615,965.6E-3
1.616,965.6E-3
1.617,965.6E-3
1.618,965.7E-3
1.619,965.7E-3
1.620,965.7E-3
1.621,965.7E-3
1.622,965.7E-3
1.623,965.8E-3
1.624,965.8E-3
1.625,965.8E-3
1.626,965.8E-3
1.627,965.8E-3
1.628,965.8E-3
1.629,965.9E-3
1.630,965.9E-3
1.631,965.9E-3
1.632,965.9E-3
1.633,965.9E-3
1.634,966.0E-3
1.635,966.0E-3
1.636,966.0E-3
1.637,966.0E-3
1.638,966.0E-3
1.639,966.1E-3
1.640,966.1E-3
1.641,966.1E-3
1.642,966.1E-3
1.643,966.1E-3
1.644,966.1E-3
1.645,966.2E-3
1.646,966.2E-3
1.647,966.2E-3
1.648,966.2E-3
1.649,966.2E-3
1.650,966.3E-3
1.651,966.3E-3
1.652,966.3E-3
1.653,966.3E-3
1.654,966.3E-3
1.655,966.3E-3
1.656,966.4E-3
1.657,966.4E-3
1.658,966.4E-3
1.659,966.4E-3
1.660,966.4E-3
1.661,966.5E-3
1.662,966.5E-3
1.663,966.5E-3
1.664,966.5E-3
1.665,966.5E-3
1.666,966.6E-3
1.667,966.6E-3
1.668,966.6E-3
1.669,966.6E-3
1.670,966.6E-3
1.671,966.6E-3
1.672,966.7E-3
1.673,966.7E-3
1.674,966.7E-3
1.675,966.7E-3
1.676,966.7E-3
1.677,966.8E-3
1.678,966.8E-3
1.679,966.8E-3
1.680,966.8E-3
1.681,966.8E-3
1.682,966.8E-3
1.683,966.9E-3
1.684,966.9E-3
1.685,966.9E-3
1.686,966.9E-3
1.687,966.9E-3
1.688,966.9E-3
1.689,967.0E-3
1.690,967.0E-3
1.691,967.0E-3
1.692,967.0E-3
1.693,967.0E-3
1.694,967.0E-3
1.695,967.0E-3
1.696,967.1E-3
1.697,967.1E-3
1.698,967.1E-3
1.699,967.1E-3
1.700,967.1E-3
1.701,967.1E-3
1.702,967.1E-3
1.703,967.2E-3
1.704,967.2E-3
1.705,967.2E-3
1.706,967.2E-3
1.707,967.2E-3
1.708,967.2E-3
1.709,967.3E-3
1.710,967.3E-3
1.711,967.3E-3
1.712,967.3E-3
1.713,967.3E-3
1.714,967.3E-3
1.715,967.3E-3
1.716,967.4E-3
1.717,967.4E-3
1.718,967.4E-3
1.719,967.4E-3
1.720,967.4E-3
1.721,967.4E-3
1.722,967.5E-3
1.723,967.5E-3
1.724,967.5E-3
1.725,967.5E-3
1.726,967.5E-3
1.727,967.5E-3
1.728,967.5E-3
1.729,967.6E-3
1.730,967.6E-3
1.731,967.6E-3
1.732,967.6E-3
1.733,967.6E-3
1.734,967.6E-3
1.735,967.7E-3
1.736,967.7E-3
1.737,967.7E-3
1.738,967.7E-3
1.739,967.7E-3
1.740,967.7E-3
1.741,967.7E-3
1.742,967.8E-3
1.743,967.8E-3
1.744,967.8E-3
1.745,967.8E-3
1.746,967.8E-3
1.747,967.8E-3
1.748,967.9E-3
1.749,967.9E-3
1.750,967.9E-3
1.751,967.9E-3
1.752,967.9E-3
1.753,967.9E-3
1.754,967.9E-3
1.755,968.0E-3
1.756,968.0E-3
1.757,968.0E-3
1.758,968.0E-3
1.759,968.0E-3
1.760,968.0E-3
1.761,968.1E-3
1.762,968.1E-3
1.763,968.1E-3
1.764,968.1E-3
1.765,968.1E-3
1.766,968.1E-3
1.767,968.1E-3
1.768,968.1E-3
1.769,968.2E-3
1.770,968.2E-3
1.771,968.2E-3
1.772,968.2E-3
1.773,968.2E-3
1.774,968.2E-3
1.775,968.2E-3
1.776,968.2E-3
1.777,968.3E-3
1.778,968.3E-3
1.779,968.3E-3
1.780,968.3E-3
1.781,968.3E-3
1.782,968.3E-3
1.783,968.3E-3
1.784,968.4E-3
1.785,968.4E-3
1.786,968.4E-3
1.787,968.4E-3
1.788,968.4E-3
1.789,968.4E-3
1.790,968.4E-3
1.791,968.4E-3
1.792,968.5E-3
1.793,968.5E-3
1.794,968.5E-3
1.795,968.5E-3
1.796,968.5E-3
1.797,968.5E-3
1.798,968.5E-3
1.799,968.5E-3
1.800,968.6E-3
1.801,968.6E-3
1.802,968.6E-3
1.803,968.6E-3
1.804,968.6E-3
1.805,968.6E-3
1.806,968.6E-3
1.807,968.7E-3
1.808,968.7E-3
1.809,968.7E-3
1.810,968.7E-3
1.811,968.7E-3
1.812,968.7E-3
1.813,968.7E-3
1.814,968.7E-3
1.815,968.8E-3
1.816,968.8E-3
1.817,968.8E-3
1.818,968.8E-3
1.819,968.8E-3
1.820,968.8E-3
1.821,968.8E-3
1.822,968.8E-3
1.823,968.9E-3
1.824,968.9E-3
1.825,968.9E-3
1.826,968.9E-3
1.827,968.9E-3
1.828,968.9E-3
1.829,968.9E-3
1.830,969.0E-3
1.831,969.0E-3
1.832,969.0E-3
1.833,969.0E-3
1.834,969.0E-3
1.835,969.0E-3
1.836,969.0E-3
1.837,969.0E-3
1.838,969.1E-3
1.839,969.1E-3
1.840,969.1E-3
1.841,969.1E-3
1.842,969.1E-3
1.843,969.1E-3
1.844,969.1E-3
1.845,969.1E-3
1.846,969.2E-3
1.847,969.2E-3
1.848,969.2E-3
1.849,969.2E-3
1.850,969.2E-3
1.851,969.2E-3
1.852,969.2E-3
1.853,969.2E-3
1.854,969.2E-3
1.855,969.3E-3
1.856,969.3E-3
1.857,969.3E-3
1.858,969.3E-3
1.859,969.3E-3
1.860,969.3E-3
1.861,969.3E-3
1.862,969.3E-3
1.863,969.3E-3
1.864,969.4E-3
1.865,969.4E-3
1.866,969.4E-3
1.867,969.4E-3
1.868,969.4E-3
1.869,969.4E-3
1.870,969.4E-3
1.871,969.4E-3
1.872,969.4E-3
1.873,969.5E-3
1.874,969.5E-3
1.875,969.5E-3
1.876,969.5E-3
1.877,969.5E-3
1.878,969.5E-3
1.879,969.5E-3
1.880,969.5E-3
1.881,969.5E-3
1.882,969.6E-3
1.883,969.6E-3
1.884,969.6E-3
1.885,969.6E-3
1.886,969.6E-3
1.887,969.6E-3
1.888,969.6E-3
1.889,969.6E-3
1.890,969.7E-3
1.891,969.7E-3
1.892,969.7E-3
1.893,969.7E-3
1.894,969.7E-3
1.895,969.7E-3
1.896,969.7E-3
1.897,969.7E-3
1.898,969.7E-3
1.899,969.8E-3
1.900,969.8E-3
1.901,969.8E-3
1.902,969.8E-3
1.903,969.8E-3
1.904,969.8E-3
1.905,969.8E-3
1.906,969.8E-3
1.907,969.8E-3
1.908,969.9E-3
1.909,969.9E-3
1.910,969.9E-3
1.911,969.9E-3
1.912,969.9E-3
1.913,969.9E-3
1.914,969.9E-3
1.915,969.9E-3
1.916,969.9E-3
1.917,970.0E-3
1.918,970.0E-3
1.919,970.0E-3
1.920,970.0E-3
1.921,970.0E-3
1.922,970.0E-3
1.923,970.0E-3
1.924,970.0E-3
1.925,970.0E-3
1.926,970.1E-3
1.927,970.1E-3
1.928,970.1E-3
1.929,970.1E-3
1.930,970.1E-3
1.931,970.1E-3
1.932,970.1E-3
1.933,970.1E-3
1.934,970.1E-3
1.935,970.1E-3
1.936,970.1E-3
1.937,970.2E-3
1.938,970.2E-3
1.939,970.2E-3
1.940,970.2E-3
1.941,970.2E-3
1.942,970.2E-3
1.943,970.2E-3
1.944,970.2E-3
1.945,970.2E-3
1.946,970.2E-3
1.947,970.3E-3
1.948,970.3E-3
1.949,970.3E-3
1.950,970.3E-3
1.951,970.3E-3
1.952,970.3E-3
1.953,970.3E-3
1.954,970.3E-3
1.955,970.3E-3
1.956,970.3E-3
1.957,970.4E-3
1.958,970.4E-3
1.959,970.4E-3
1.960,970.4E-3
1.961,970.4E-3
1.962,970.4E-3
1.963,970.4E-3
1.964,970.4E-3
1.965,970.4E-3
1.966,970.4E-3
1.967,970.5E-3
1.968,970.5E-3
1.969,970.5E-3
1.970,970.5E-3
1.971,970.5E-3
1.972,970.5E-3
1.973,970.5E-3
1.974,970.5E-3
1.975,970.5E-3
1.976,970.5E-3
1.977,970.6E-3
1.978,970.6E-3
1.979,970.6E-3
1.980,970.6E-3
1.981,970.6E-3
1.982,970.6E-3
1.983,970.6E-3
1.984,970.6E-3
1.985,970.6E-3
1.986,970.6E-3
1.987,970.7E-3
1.988,970.7E-3
1.989,970.7E-3
1.990,970.7E-3
1.991,970.7E-3
1.992,970.7E-3
1.993,970.7E-3
1.994,970.7E-3
1.995,970.7E-3
1.996,970.7E-3
1.997,970.8E-3
1.998,970.8E-3
1.999,970.8E-3
2.000,970.8E-3
2.000,970.8E-3
