vin ,/VOUT (V)
-2.000,998.1E-3
-1.999,998.1E-3
-1.998,998.1E-3
-1.997,998.1E-3
-1.996,998.1E-3
-1.995,998.1E-3
-1.994,998.1E-3
-1.993,998.1E-3
-1.992,998.1E-3
-1.991,998.1E-3
-1.990,998.1E-3
-1.989,998.1E-3
-1.988,998.1E-3
-1.987,998.1E-3
-1.986,998.1E-3
-1.985,998.1E-3
-1.984,998.1E-3
-1.983,998.1E-3
-1.982,998.1E-3
-1.981,998.1E-3
-1.980,998.1E-3
-1.979,998.1E-3
-1.978,998.1E-3
-1.977,998.1E-3
-1.976,998.1E-3
-1.975,998.1E-3
-1.974,998.1E-3
-1.973,998.1E-3
-1.972,998.1E-3
-1.971,998.1E-3
-1.970,998.1E-3
-1.969,998.1E-3
-1.968,998.1E-3
-1.967,998.1E-3
-1.966,998.1E-3
-1.965,998.1E-3
-1.964,998.1E-3
-1.963,998.1E-3
-1.962,998.1E-3
-1.961,998.1E-3
-1.960,998.1E-3
-1.959,998.1E-3
-1.958,998.1E-3
-1.957,998.1E-3
-1.956,998.1E-3
-1.955,998.1E-3
-1.954,998.1E-3
-1.953,998.1E-3
-1.952,998.1E-3
-1.951,998.1E-3
-1.950,998.1E-3
-1.949,998.1E-3
-1.948,998.1E-3
-1.947,998.1E-3
-1.946,998.1E-3
-1.945,998.1E-3
-1.944,998.1E-3
-1.943,998.1E-3
-1.942,998.1E-3
-1.941,998.1E-3
-1.940,998.1E-3
-1.939,998.1E-3
-1.938,998.1E-3
-1.937,998.1E-3
-1.936,998.1E-3
-1.935,998.1E-3
-1.934,998.1E-3
-1.933,998.1E-3
-1.932,998.1E-3
-1.931,998.1E-3
-1.930,998.1E-3
-1.929,998.1E-3
-1.928,998.1E-3
-1.927,998.1E-3
-1.926,998.1E-3
-1.925,998.1E-3
-1.924,998.1E-3
-1.923,998.1E-3
-1.922,998.1E-3
-1.921,998.1E-3
-1.920,998.1E-3
-1.919,998.1E-3
-1.918,998.1E-3
-1.917,998.1E-3
-1.916,998.1E-3
-1.915,998.1E-3
-1.914,998.1E-3
-1.913,998.1E-3
-1.912,998.1E-3
-1.911,998.1E-3
-1.910,998.1E-3
-1.909,998.1E-3
-1.908,998.1E-3
-1.907,998.1E-3
-1.906,998.1E-3
-1.905,998.1E-3
-1.904,998.1E-3
-1.903,998.1E-3
-1.902,998.1E-3
-1.901,998.1E-3
-1.900,998.1E-3
-1.899,998.1E-3
-1.898,998.1E-3
-1.897,998.1E-3
-1.896,998.1E-3
-1.895,998.1E-3
-1.894,998.1E-3
-1.893,998.1E-3
-1.892,998.1E-3
-1.891,998.1E-3
-1.890,998.1E-3
-1.889,998.1E-3
-1.888,998.1E-3
-1.887,998.1E-3
-1.886,998.1E-3
-1.885,998.1E-3
-1.884,998.1E-3
-1.883,998.1E-3
-1.882,998.1E-3
-1.881,998.1E-3
-1.880,998.1E-3
-1.879,998.1E-3
-1.878,998.1E-3
-1.877,998.1E-3
-1.876,998.1E-3
-1.875,998.1E-3
-1.874,998.1E-3
-1.873,998.1E-3
-1.872,998.1E-3
-1.871,998.1E-3
-1.870,998.1E-3
-1.869,998.1E-3
-1.868,998.1E-3
-1.867,998.1E-3
-1.866,998.1E-3
-1.865,998.1E-3
-1.864,998.1E-3
-1.863,998.1E-3
-1.862,998.1E-3
-1.861,998.1E-3
-1.860,998.1E-3
-1.859,998.1E-3
-1.858,998.1E-3
-1.857,998.1E-3
-1.856,998.1E-3
-1.855,998.1E-3
-1.854,998.1E-3
-1.853,998.1E-3
-1.852,998.1E-3
-1.851,998.1E-3
-1.850,998.1E-3
-1.849,998.1E-3
-1.848,998.1E-3
-1.847,998.1E-3
-1.846,998.1E-3
-1.845,998.1E-3
-1.844,998.1E-3
-1.843,998.1E-3
-1.842,998.1E-3
-1.841,998.1E-3
-1.840,998.1E-3
-1.839,998.1E-3
-1.838,998.1E-3
-1.837,998.1E-3
-1.836,998.1E-3
-1.835,998.1E-3
-1.834,998.1E-3
-1.833,998.1E-3
-1.832,998.1E-3
-1.831,998.1E-3
-1.830,998.1E-3
-1.829,998.1E-3
-1.828,998.1E-3
-1.827,998.1E-3
-1.826,998.1E-3
-1.825,998.1E-3
-1.824,998.1E-3
-1.823,998.1E-3
-1.822,998.1E-3
-1.821,998.1E-3
-1.820,998.1E-3
-1.819,998.1E-3
-1.818,998.1E-3
-1.817,998.1E-3
-1.816,998.1E-3
-1.815,998.1E-3
-1.814,998.1E-3
-1.813,998.1E-3
-1.812,998.1E-3
-1.811,998.1E-3
-1.810,998.1E-3
-1.809,998.1E-3
-1.808,998.1E-3
-1.807,998.1E-3
-1.806,998.1E-3
-1.805,998.1E-3
-1.804,998.1E-3
-1.803,998.1E-3
-1.802,998.1E-3
-1.801,998.1E-3
-1.800,998.1E-3
-1.799,998.1E-3
-1.798,998.1E-3
-1.797,998.1E-3
-1.796,998.1E-3
-1.795,998.1E-3
-1.794,998.1E-3
-1.793,998.1E-3
-1.792,998.1E-3
-1.791,998.1E-3
-1.790,998.1E-3
-1.789,998.1E-3
-1.788,998.1E-3
-1.787,998.1E-3
-1.786,998.1E-3
-1.785,998.1E-3
-1.784,998.1E-3
-1.783,998.1E-3
-1.782,998.1E-3
-1.781,998.1E-3
-1.780,998.1E-3
-1.779,998.1E-3
-1.778,998.1E-3
-1.777,998.1E-3
-1.776,998.1E-3
-1.775,998.1E-3
-1.774,998.1E-3
-1.773,998.1E-3
-1.772,998.1E-3
-1.771,998.1E-3
-1.770,998.1E-3
-1.769,998.1E-3
-1.768,998.1E-3
-1.767,998.1E-3
-1.766,998.1E-3
-1.765,998.1E-3
-1.764,998.1E-3
-1.763,998.1E-3
-1.762,998.1E-3
-1.761,998.1E-3
-1.760,998.1E-3
-1.759,998.1E-3
-1.758,998.1E-3
-1.757,998.1E-3
-1.756,998.1E-3
-1.755,998.1E-3
-1.754,998.1E-3
-1.753,998.1E-3
-1.752,998.1E-3
-1.751,998.1E-3
-1.750,998.1E-3
-1.749,998.1E-3
-1.748,998.1E-3
-1.747,998.1E-3
-1.746,998.1E-3
-1.745,998.1E-3
-1.744,998.1E-3
-1.743,998.1E-3
-1.742,998.1E-3
-1.741,998.1E-3
-1.740,998.1E-3
-1.739,998.1E-3
-1.738,998.1E-3
-1.737,998.1E-3
-1.736,998.1E-3
-1.735,998.1E-3
-1.734,998.1E-3
-1.733,998.1E-3
-1.732,998.1E-3
-1.731,998.1E-3
-1.730,998.1E-3
-1.729,998.1E-3
-1.728,998.1E-3
-1.727,998.1E-3
-1.726,998.1E-3
-1.725,998.1E-3
-1.724,998.1E-3
-1.723,998.1E-3
-1.722,998.1E-3
-1.721,998.1E-3
-1.720,998.1E-3
-1.719,998.1E-3
-1.718,998.1E-3
-1.717,998.1E-3
-1.716,998.1E-3
-1.715,998.1E-3
-1.714,998.1E-3
-1.713,998.1E-3
-1.712,998.1E-3
-1.711,998.1E-3
-1.710,998.1E-3
-1.709,998.1E-3
-1.708,998.1E-3
-1.707,998.1E-3
-1.706,998.1E-3
-1.705,998.1E-3
-1.704,998.1E-3
-1.703,998.1E-3
-1.702,998.1E-3
-1.701,998.1E-3
-1.700,998.1E-3
-1.699,998.1E-3
-1.698,998.1E-3
-1.697,998.1E-3
-1.696,998.1E-3
-1.695,998.1E-3
-1.694,998.1E-3
-1.693,998.1E-3
-1.692,998.1E-3
-1.691,998.1E-3
-1.690,998.1E-3
-1.689,998.1E-3
-1.688,998.1E-3
-1.687,998.1E-3
-1.686,998.1E-3
-1.685,998.1E-3
-1.684,998.1E-3
-1.683,998.1E-3
-1.682,998.1E-3
-1.681,998.1E-3
-1.680,998.1E-3
-1.679,998.1E-3
-1.678,998.1E-3
-1.677,998.1E-3
-1.676,998.1E-3
-1.675,998.1E-3
-1.674,998.1E-3
-1.673,998.1E-3
-1.672,998.1E-3
-1.671,998.1E-3
-1.670,998.1E-3
-1.669,998.1E-3
-1.668,998.1E-3
-1.667,998.1E-3
-1.666,998.1E-3
-1.665,998.1E-3
-1.664,998.1E-3
-1.663,998.1E-3
-1.662,998.1E-3
-1.661,998.1E-3
-1.660,998.1E-3
-1.659,998.1E-3
-1.658,998.1E-3
-1.657,998.1E-3
-1.656,998.1E-3
-1.655,998.1E-3
-1.654,998.1E-3
-1.653,998.1E-3
-1.652,998.1E-3
-1.651,998.1E-3
-1.650,998.1E-3
-1.649,998.1E-3
-1.648,998.1E-3
-1.647,998.1E-3
-1.646,998.1E-3
-1.645,998.1E-3
-1.644,998.1E-3
-1.643,998.1E-3
-1.642,998.1E-3
-1.641,998.1E-3
-1.640,998.1E-3
-1.639,998.1E-3
-1.638,998.1E-3
-1.637,998.1E-3
-1.636,998.1E-3
-1.635,998.1E-3
-1.634,998.1E-3
-1.633,998.1E-3
-1.632,998.1E-3
-1.631,998.1E-3
-1.630,998.1E-3
-1.629,998.1E-3
-1.628,998.1E-3
-1.627,998.1E-3
-1.626,998.1E-3
-1.625,998.1E-3
-1.624,998.1E-3
-1.623,998.1E-3
-1.622,998.1E-3
-1.621,998.1E-3
-1.620,998.1E-3
-1.619,998.1E-3
-1.618,998.1E-3
-1.617,998.1E-3
-1.616,998.1E-3
-1.615,998.1E-3
-1.614,998.1E-3
-1.613,998.1E-3
-1.612,998.1E-3
-1.611,998.1E-3
-1.610,998.1E-3
-1.609,998.1E-3
-1.608,998.1E-3
-1.607,998.1E-3
-1.606,998.1E-3
-1.605,998.1E-3
-1.604,998.1E-3
-1.603,998.1E-3
-1.602,998.1E-3
-1.601,998.1E-3
-1.600,998.1E-3
-1.599,998.1E-3
-1.598,998.1E-3
-1.597,998.1E-3
-1.596,998.1E-3
-1.595,998.1E-3
-1.594,998.1E-3
-1.593,998.1E-3
-1.592,998.1E-3
-1.591,998.1E-3
-1.590,998.1E-3
-1.589,998.1E-3
-1.588,998.1E-3
-1.587,998.1E-3
-1.586,998.1E-3
-1.585,998.1E-3
-1.584,998.1E-3
-1.583,998.1E-3
-1.582,998.1E-3
-1.581,998.1E-3
-1.580,998.1E-3
-1.579,998.1E-3
-1.578,998.1E-3
-1.577,998.1E-3
-1.576,998.1E-3
-1.575,998.1E-3
-1.574,998.1E-3
-1.573,998.1E-3
-1.572,998.1E-3
-1.571,998.1E-3
-1.570,998.1E-3
-1.569,998.1E-3
-1.568,998.1E-3
-1.567,998.1E-3
-1.566,998.1E-3
-1.565,998.1E-3
-1.564,998.1E-3
-1.563,998.1E-3
-1.562,998.1E-3
-1.561,998.1E-3
-1.560,998.1E-3
-1.559,998.1E-3
-1.558,998.1E-3
-1.557,998.1E-3
-1.556,998.1E-3
-1.555,998.1E-3
-1.554,998.1E-3
-1.553,998.1E-3
-1.552,998.1E-3
-1.551,998.1E-3
-1.550,998.1E-3
-1.549,998.1E-3
-1.548,998.1E-3
-1.547,998.1E-3
-1.546,998.1E-3
-1.545,998.1E-3
-1.544,998.1E-3
-1.543,998.1E-3
-1.542,998.1E-3
-1.541,998.1E-3
-1.540,998.1E-3
-1.539,998.1E-3
-1.538,998.1E-3
-1.537,998.1E-3
-1.536,998.1E-3
-1.535,998.1E-3
-1.534,998.1E-3
-1.533,998.1E-3
-1.532,998.1E-3
-1.531,998.1E-3
-1.530,998.1E-3
-1.529,998.1E-3
-1.528,998.1E-3
-1.527,998.1E-3
-1.526,998.1E-3
-1.525,998.1E-3
-1.524,998.1E-3
-1.523,998.1E-3
-1.522,998.1E-3
-1.521,998.1E-3
-1.520,998.1E-3
-1.519,998.1E-3
-1.518,998.1E-3
-1.517,998.1E-3
-1.516,998.1E-3
-1.515,998.1E-3
-1.514,998.1E-3
-1.513,998.1E-3
-1.512,998.1E-3
-1.511,998.1E-3
-1.510,998.1E-3
-1.509,998.1E-3
-1.508,998.1E-3
-1.507,998.1E-3
-1.506,998.1E-3
-1.505,998.1E-3
-1.504,998.1E-3
-1.503,998.1E-3
-1.502,998.1E-3
-1.501,998.1E-3
-1.500,998.1E-3
-1.499,998.1E-3
-1.498,998.1E-3
-1.497,998.1E-3
-1.496,998.1E-3
-1.495,998.1E-3
-1.494,998.1E-3
-1.493,998.1E-3
-1.492,998.1E-3
-1.491,998.1E-3
-1.490,998.1E-3
-1.489,998.1E-3
-1.488,998.1E-3
-1.487,998.1E-3
-1.486,998.1E-3
-1.485,998.1E-3
-1.484,998.1E-3
-1.483,998.1E-3
-1.482,998.1E-3
-1.481,998.1E-3
-1.480,998.1E-3
-1.479,998.1E-3
-1.478,998.1E-3
-1.477,998.1E-3
-1.476,998.1E-3
-1.475,998.1E-3
-1.474,998.1E-3
-1.473,998.1E-3
-1.472,998.1E-3
-1.471,998.1E-3
-1.470,998.1E-3
-1.469,998.1E-3
-1.468,998.1E-3
-1.467,998.1E-3
-1.466,998.1E-3
-1.465,998.1E-3
-1.464,998.1E-3
-1.463,998.1E-3
-1.462,998.1E-3
-1.461,998.1E-3
-1.460,998.1E-3
-1.459,998.1E-3
-1.458,998.1E-3
-1.457,998.1E-3
-1.456,998.1E-3
-1.455,998.1E-3
-1.454,998.1E-3
-1.453,998.1E-3
-1.452,998.1E-3
-1.451,998.1E-3
-1.450,998.1E-3
-1.449,998.1E-3
-1.448,998.1E-3
-1.447,998.1E-3
-1.446,998.1E-3
-1.445,998.1E-3
-1.444,998.1E-3
-1.443,998.1E-3
-1.442,998.1E-3
-1.441,998.1E-3
-1.440,998.1E-3
-1.439,998.1E-3
-1.438,998.1E-3
-1.437,998.1E-3
-1.436,998.1E-3
-1.435,998.1E-3
-1.434,998.1E-3
-1.433,998.1E-3
-1.432,998.1E-3
-1.431,998.1E-3
-1.430,998.1E-3
-1.429,998.1E-3
-1.428,998.1E-3
-1.427,998.1E-3
-1.426,998.1E-3
-1.425,998.1E-3
-1.424,998.1E-3
-1.423,998.1E-3
-1.422,998.1E-3
-1.421,998.1E-3
-1.420,998.1E-3
-1.419,998.1E-3
-1.418,998.1E-3
-1.417,998.1E-3
-1.416,998.1E-3
-1.415,998.1E-3
-1.414,998.1E-3
-1.413,998.1E-3
-1.412,998.1E-3
-1.411,998.1E-3
-1.410,998.1E-3
-1.409,998.1E-3
-1.408,998.1E-3
-1.407,998.1E-3
-1.406,998.1E-3
-1.405,998.1E-3
-1.404,998.1E-3
-1.403,998.1E-3
-1.402,998.1E-3
-1.401,998.1E-3
-1.400,998.1E-3
-1.399,998.1E-3
-1.398,998.1E-3
-1.397,998.1E-3
-1.396,998.1E-3
-1.395,998.1E-3
-1.394,998.1E-3
-1.393,998.1E-3
-1.392,998.1E-3
-1.391,998.1E-3
-1.390,998.1E-3
-1.389,998.1E-3
-1.388,998.1E-3
-1.387,998.1E-3
-1.386,998.1E-3
-1.385,998.1E-3
-1.384,998.1E-3
-1.383,998.1E-3
-1.382,998.1E-3
-1.381,998.1E-3
-1.380,998.1E-3
-1.379,998.1E-3
-1.378,998.1E-3
-1.377,998.1E-3
-1.376,998.1E-3
-1.375,998.1E-3
-1.374,998.1E-3
-1.373,998.1E-3
-1.372,998.1E-3
-1.371,998.1E-3
-1.370,998.1E-3
-1.369,998.1E-3
-1.368,998.1E-3
-1.367,998.1E-3
-1.366,998.1E-3
-1.365,998.1E-3
-1.364,998.1E-3
-1.363,998.1E-3
-1.362,998.1E-3
-1.361,998.1E-3
-1.360,998.1E-3
-1.359,998.1E-3
-1.358,998.1E-3
-1.357,998.1E-3
-1.356,998.1E-3
-1.355,998.1E-3
-1.354,998.1E-3
-1.353,998.1E-3
-1.352,998.1E-3
-1.351,998.1E-3
-1.350,998.1E-3
-1.349,998.1E-3
-1.348,998.1E-3
-1.347,998.1E-3
-1.346,998.1E-3
-1.345,998.1E-3
-1.344,998.1E-3
-1.343,998.1E-3
-1.342,998.1E-3
-1.341,998.1E-3
-1.340,998.1E-3
-1.339,998.1E-3
-1.338,998.1E-3
-1.337,998.1E-3
-1.336,998.1E-3
-1.335,998.1E-3
-1.334,998.1E-3
-1.333,998.1E-3
-1.332,998.1E-3
-1.331,998.1E-3
-1.330,998.1E-3
-1.329,998.1E-3
-1.328,998.1E-3
-1.327,998.1E-3
-1.326,998.1E-3
-1.325,998.1E-3
-1.324,998.1E-3
-1.323,998.1E-3
-1.322,998.1E-3
-1.321,998.1E-3
-1.320,998.1E-3
-1.319,998.1E-3
-1.318,998.1E-3
-1.317,998.1E-3
-1.316,998.1E-3
-1.315,998.1E-3
-1.314,998.1E-3
-1.313,998.1E-3
-1.312,998.1E-3
-1.311,998.1E-3
-1.310,998.1E-3
-1.309,998.1E-3
-1.308,998.1E-3
-1.307,998.1E-3
-1.306,998.1E-3
-1.305,998.1E-3
-1.304,998.1E-3
-1.303,998.1E-3
-1.302,998.1E-3
-1.301,998.1E-3
-1.300,998.1E-3
-1.299,998.1E-3
-1.298,998.1E-3
-1.297,998.1E-3
-1.296,998.1E-3
-1.295,998.1E-3
-1.294,998.1E-3
-1.293,998.1E-3
-1.292,998.1E-3
-1.291,998.1E-3
-1.290,998.1E-3
-1.289,998.1E-3
-1.288,998.1E-3
-1.287,998.1E-3
-1.286,998.1E-3
-1.285,998.1E-3
-1.284,998.1E-3
-1.283,998.1E-3
-1.282,998.1E-3
-1.281,998.1E-3
-1.280,998.1E-3
-1.279,998.1E-3
-1.278,998.1E-3
-1.277,998.1E-3
-1.276,998.1E-3
-1.275,998.1E-3
-1.274,998.1E-3
-1.273,998.1E-3
-1.272,998.1E-3
-1.271,998.1E-3
-1.270,998.1E-3
-1.269,998.1E-3
-1.268,998.1E-3
-1.267,998.1E-3
-1.266,998.1E-3
-1.265,998.1E-3
-1.264,998.1E-3
-1.263,998.1E-3
-1.262,998.1E-3
-1.261,998.1E-3
-1.260,998.1E-3
-1.259,998.1E-3
-1.258,998.1E-3
-1.257,998.1E-3
-1.256,998.1E-3
-1.255,998.1E-3
-1.254,998.1E-3
-1.253,998.1E-3
-1.252,998.1E-3
-1.251,998.1E-3
-1.250,998.1E-3
-1.249,998.1E-3
-1.248,998.1E-3
-1.247,998.1E-3
-1.246,998.1E-3
-1.245,998.1E-3
-1.244,998.1E-3
-1.243,998.1E-3
-1.242,998.1E-3
-1.241,998.1E-3
-1.240,998.1E-3
-1.239,998.1E-3
-1.238,998.1E-3
-1.237,998.1E-3
-1.236,998.1E-3
-1.235,998.1E-3
-1.234,998.1E-3
-1.233,998.1E-3
-1.232,998.1E-3
-1.231,998.1E-3
-1.230,998.1E-3
-1.229,998.1E-3
-1.228,998.1E-3
-1.227,998.1E-3
-1.226,998.1E-3
-1.225,998.1E-3
-1.224,998.1E-3
-1.223,998.1E-3
-1.222,998.1E-3
-1.221,998.1E-3
-1.220,998.1E-3
-1.219,998.1E-3
-1.218,998.1E-3
-1.217,998.1E-3
-1.216,998.1E-3
-1.215,998.1E-3
-1.214,998.1E-3
-1.213,998.1E-3
-1.212,998.1E-3
-1.211,998.1E-3
-1.210,998.1E-3
-1.209,998.1E-3
-1.208,998.1E-3
-1.207,998.1E-3
-1.206,998.1E-3
-1.205,998.1E-3
-1.204,998.1E-3
-1.203,998.1E-3
-1.202,998.1E-3
-1.201,998.1E-3
-1.200,998.1E-3
-1.199,998.1E-3
-1.198,998.1E-3
-1.197,998.1E-3
-1.196,998.1E-3
-1.195,998.1E-3
-1.194,998.1E-3
-1.193,998.1E-3
-1.192,998.1E-3
-1.191,998.1E-3
-1.190,998.1E-3
-1.189,998.1E-3
-1.188,998.1E-3
-1.187,998.1E-3
-1.186,998.1E-3
-1.185,998.1E-3
-1.184,998.1E-3
-1.183,998.1E-3
-1.182,998.1E-3
-1.181,998.1E-3
-1.180,998.1E-3
-1.179,998.1E-3
-1.178,998.1E-3
-1.177,998.1E-3
-1.176,998.1E-3
-1.175,998.1E-3
-1.174,998.1E-3
-1.173,998.1E-3
-1.172,998.1E-3
-1.171,998.1E-3
-1.170,998.1E-3
-1.169,998.1E-3
-1.168,998.1E-3
-1.167,998.1E-3
-1.166,998.1E-3
-1.165,998.1E-3
-1.164,998.1E-3
-1.163,998.1E-3
-1.162,998.1E-3
-1.161,998.1E-3
-1.160,998.1E-3
-1.159,998.1E-3
-1.158,998.1E-3
-1.157,998.1E-3
-1.156,998.1E-3
-1.155,998.1E-3
-1.154,998.1E-3
-1.153,998.1E-3
-1.152,998.1E-3
-1.151,998.1E-3
-1.150,998.1E-3
-1.149,998.1E-3
-1.148,998.1E-3
-1.147,998.1E-3
-1.146,998.1E-3
-1.145,998.1E-3
-1.144,998.1E-3
-1.143,998.1E-3
-1.142,998.1E-3
-1.141,998.1E-3
-1.140,998.1E-3
-1.139,998.1E-3
-1.138,998.1E-3
-1.137,998.1E-3
-1.136,998.1E-3
-1.135,998.1E-3
-1.134,998.1E-3
-1.133,998.1E-3
-1.132,998.1E-3
-1.131,998.1E-3
-1.130,998.1E-3
-1.129,998.1E-3
-1.128,998.1E-3
-1.127,998.1E-3
-1.126,998.1E-3
-1.125,998.1E-3
-1.124,998.1E-3
-1.123,998.1E-3
-1.122,998.1E-3
-1.121,998.1E-3
-1.120,998.1E-3
-1.119,998.1E-3
-1.118,998.1E-3
-1.117,998.1E-3
-1.116,998.1E-3
-1.115,998.1E-3
-1.114,998.1E-3
-1.113,998.1E-3
-1.112,998.1E-3
-1.111,998.1E-3
-1.110,998.1E-3
-1.109,998.1E-3
-1.108,998.1E-3
-1.107,998.1E-3
-1.106,998.1E-3
-1.105,998.1E-3
-1.104,998.1E-3
-1.103,998.1E-3
-1.102,998.1E-3
-1.101,998.1E-3
-1.100,998.1E-3
-1.099,998.1E-3
-1.098,998.1E-3
-1.097,998.1E-3
-1.096,998.1E-3
-1.095,998.1E-3
-1.094,998.1E-3
-1.093,998.1E-3
-1.092,998.1E-3
-1.091,998.1E-3
-1.090,998.1E-3
-1.089,998.1E-3
-1.088,998.1E-3
-1.087,998.1E-3
-1.086,998.1E-3
-1.085,998.1E-3
-1.084,998.1E-3
-1.083,998.1E-3
-1.082,998.1E-3
-1.081,998.1E-3
-1.080,998.1E-3
-1.079,998.1E-3
-1.078,998.1E-3
-1.077,998.1E-3
-1.076,998.1E-3
-1.075,998.1E-3
-1.074,998.1E-3
-1.073,998.1E-3
-1.072,998.1E-3
-1.071,998.1E-3
-1.070,998.1E-3
-1.069,998.1E-3
-1.068,998.1E-3
-1.067,998.1E-3
-1.066,998.1E-3
-1.065,998.1E-3
-1.064,998.1E-3
-1.063,998.1E-3
-1.062,998.1E-3
-1.061,998.1E-3
-1.060,998.1E-3
-1.059,998.1E-3
-1.058,998.1E-3
-1.057,998.1E-3
-1.056,998.1E-3
-1.055,998.1E-3
-1.054,998.1E-3
-1.053,998.1E-3
-1.052,998.1E-3
-1.051,998.1E-3
-1.050,998.1E-3
-1.049,998.1E-3
-1.048,998.1E-3
-1.047,998.1E-3
-1.046,998.1E-3
-1.045,998.1E-3
-1.044,998.1E-3
-1.043,998.1E-3
-1.042,998.1E-3
-1.041,998.1E-3
-1.040,998.1E-3
-1.039,998.1E-3
-1.038,998.1E-3
-1.037,998.1E-3
-1.036,998.1E-3
-1.035,998.1E-3
-1.034,998.1E-3
-1.033,998.1E-3
-1.032,998.1E-3
-1.031,998.1E-3
-1.030,998.1E-3
-1.029,998.1E-3
-1.028,998.1E-3
-1.027,998.1E-3
-1.026,998.1E-3
-1.025,998.1E-3
-1.024,998.1E-3
-1.023,998.1E-3
-1.022,998.1E-3
-1.021,998.1E-3
-1.020,998.1E-3
-1.019,998.1E-3
-1.018,998.1E-3
-1.017,998.1E-3
-1.016,998.1E-3
-1.015,998.1E-3
-1.014,998.1E-3
-1.013,998.1E-3
-1.012,998.1E-3
-1.011,998.1E-3
-1.010,998.1E-3
-1.009,998.1E-3
-1.008,998.1E-3
-1.007,998.1E-3
-1.006,998.1E-3
-1.005,998.1E-3
-1.004,998.1E-3
-1.003,998.1E-3
-1.002,998.1E-3
-1.001,998.1E-3
-1.000,998.1E-3
-999.0E-3,998.1E-3
-998.0E-3,998.1E-3
-997.0E-3,998.1E-3
-996.0E-3,998.1E-3
-995.0E-3,998.1E-3
-994.0E-3,998.1E-3
-993.0E-3,998.1E-3
-992.0E-3,998.1E-3
-991.0E-3,998.1E-3
-990.0E-3,998.1E-3
-989.0E-3,998.1E-3
-988.0E-3,998.1E-3
-987.0E-3,998.1E-3
-986.0E-3,998.1E-3
-985.0E-3,998.1E-3
-984.0E-3,998.1E-3
-983.0E-3,998.1E-3
-982.0E-3,998.1E-3
-981.0E-3,998.1E-3
-980.0E-3,998.1E-3
-979.0E-3,998.1E-3
-978.0E-3,998.1E-3
-977.0E-3,998.1E-3
-976.0E-3,998.1E-3
-975.0E-3,998.1E-3
-974.0E-3,998.1E-3
-973.0E-3,998.1E-3
-972.0E-3,998.1E-3
-971.0E-3,998.1E-3
-970.0E-3,998.1E-3
-969.0E-3,998.1E-3
-968.0E-3,998.1E-3
-967.0E-3,998.1E-3
-966.0E-3,998.1E-3
-965.0E-3,998.1E-3
-964.0E-3,998.1E-3
-963.0E-3,998.1E-3
-962.0E-3,998.1E-3
-961.0E-3,998.1E-3
-960.0E-3,998.1E-3
-959.0E-3,998.1E-3
-958.0E-3,998.1E-3
-957.0E-3,998.1E-3
-956.0E-3,998.1E-3
-955.0E-3,998.1E-3
-954.0E-3,998.1E-3
-953.0E-3,998.1E-3
-952.0E-3,998.1E-3
-951.0E-3,998.1E-3
-950.0E-3,998.1E-3
-949.0E-3,998.1E-3
-948.0E-3,998.1E-3
-947.0E-3,998.1E-3
-946.0E-3,998.1E-3
-945.0E-3,998.1E-3
-944.0E-3,998.1E-3
-943.0E-3,998.1E-3
-942.0E-3,998.1E-3
-941.0E-3,998.1E-3
-940.0E-3,998.1E-3
-939.0E-3,998.1E-3
-938.0E-3,998.1E-3
-937.0E-3,998.1E-3
-936.0E-3,998.1E-3
-935.0E-3,998.1E-3
-934.0E-3,998.1E-3
-933.0E-3,998.1E-3
-932.0E-3,998.1E-3
-931.0E-3,998.1E-3
-930.0E-3,998.1E-3
-929.0E-3,998.1E-3
-928.0E-3,998.1E-3
-927.0E-3,998.1E-3
-926.0E-3,998.1E-3
-925.0E-3,998.1E-3
-924.0E-3,998.1E-3
-923.0E-3,998.1E-3
-922.0E-3,998.1E-3
-921.0E-3,998.1E-3
-920.0E-3,998.1E-3
-919.0E-3,998.1E-3
-918.0E-3,998.1E-3
-917.0E-3,998.1E-3
-916.0E-3,998.1E-3
-915.0E-3,998.1E-3
-914.0E-3,998.1E-3
-913.0E-3,998.1E-3
-912.0E-3,998.1E-3
-911.0E-3,998.1E-3
-910.0E-3,998.1E-3
-909.0E-3,998.1E-3
-908.0E-3,998.1E-3
-907.0E-3,998.1E-3
-906.0E-3,998.1E-3
-905.0E-3,998.1E-3
-904.0E-3,998.1E-3
-903.0E-3,998.1E-3
-902.0E-3,998.1E-3
-901.0E-3,998.1E-3
-900.0E-3,998.1E-3
-899.0E-3,998.1E-3
-898.0E-3,998.1E-3
-897.0E-3,998.1E-3
-896.0E-3,998.1E-3
-895.0E-3,998.1E-3
-894.0E-3,998.1E-3
-893.0E-3,998.1E-3
-892.0E-3,998.1E-3
-891.0E-3,998.1E-3
-890.0E-3,998.1E-3
-889.0E-3,998.1E-3
-888.0E-3,998.1E-3
-887.0E-3,998.1E-3
-886.0E-3,998.1E-3
-885.0E-3,998.1E-3
-884.0E-3,998.1E-3
-883.0E-3,998.1E-3
-882.0E-3,998.1E-3
-881.0E-3,998.1E-3
-880.0E-3,998.1E-3
-879.0E-3,998.1E-3
-878.0E-3,998.1E-3
-877.0E-3,998.1E-3
-876.0E-3,998.1E-3
-875.0E-3,998.1E-3
-874.0E-3,998.1E-3
-873.0E-3,998.1E-3
-872.0E-3,998.1E-3
-871.0E-3,998.1E-3
-870.0E-3,998.1E-3
-869.0E-3,998.1E-3
-868.0E-3,998.1E-3
-867.0E-3,998.1E-3
-866.0E-3,998.1E-3
-865.0E-3,998.1E-3
-864.0E-3,998.1E-3
-863.0E-3,998.1E-3
-862.0E-3,998.1E-3
-861.0E-3,998.1E-3
-860.0E-3,998.1E-3
-859.0E-3,998.1E-3
-858.0E-3,998.1E-3
-857.0E-3,998.1E-3
-856.0E-3,998.1E-3
-855.0E-3,998.1E-3
-854.0E-3,998.1E-3
-853.0E-3,998.1E-3
-852.0E-3,998.1E-3
-851.0E-3,998.1E-3
-850.0E-3,998.1E-3
-849.0E-3,998.1E-3
-848.0E-3,998.1E-3
-847.0E-3,998.1E-3
-846.0E-3,998.1E-3
-845.0E-3,998.1E-3
-844.0E-3,998.1E-3
-843.0E-3,998.1E-3
-842.0E-3,998.1E-3
-841.0E-3,998.1E-3
-840.0E-3,998.1E-3
-839.0E-3,998.1E-3
-838.0E-3,998.1E-3
-837.0E-3,998.1E-3
-836.0E-3,998.1E-3
-835.0E-3,998.1E-3
-834.0E-3,998.1E-3
-833.0E-3,998.1E-3
-832.0E-3,998.1E-3
-831.0E-3,998.1E-3
-830.0E-3,998.1E-3
-829.0E-3,998.1E-3
-828.0E-3,998.1E-3
-827.0E-3,998.1E-3
-826.0E-3,998.1E-3
-825.0E-3,998.1E-3
-824.0E-3,998.1E-3
-823.0E-3,998.1E-3
-822.0E-3,998.1E-3
-821.0E-3,998.1E-3
-820.0E-3,998.1E-3
-819.0E-3,998.1E-3
-818.0E-3,998.1E-3
-817.0E-3,998.1E-3
-816.0E-3,998.1E-3
-815.0E-3,998.1E-3
-814.0E-3,998.1E-3
-813.0E-3,998.1E-3
-812.0E-3,998.1E-3
-811.0E-3,998.1E-3
-810.0E-3,998.1E-3
-809.0E-3,998.1E-3
-808.0E-3,998.1E-3
-807.0E-3,998.1E-3
-806.0E-3,998.1E-3
-805.0E-3,998.1E-3
-804.0E-3,998.1E-3
-803.0E-3,998.1E-3
-802.0E-3,998.1E-3
-801.0E-3,998.1E-3
-800.0E-3,998.1E-3
-799.0E-3,998.1E-3
-798.0E-3,998.1E-3
-797.0E-3,998.1E-3
-796.0E-3,998.1E-3
-795.0E-3,998.1E-3
-794.0E-3,998.1E-3
-793.0E-3,998.1E-3
-792.0E-3,998.1E-3
-791.0E-3,998.1E-3
-790.0E-3,998.1E-3
-789.0E-3,998.1E-3
-788.0E-3,998.1E-3
-787.0E-3,998.1E-3
-786.0E-3,998.1E-3
-785.0E-3,998.1E-3
-784.0E-3,998.1E-3
-783.0E-3,998.1E-3
-782.0E-3,998.1E-3
-781.0E-3,998.1E-3
-780.0E-3,998.1E-3
-779.0E-3,998.1E-3
-778.0E-3,998.1E-3
-777.0E-3,998.1E-3
-776.0E-3,998.1E-3
-775.0E-3,998.1E-3
-774.0E-3,998.1E-3
-773.0E-3,998.1E-3
-772.0E-3,998.1E-3
-771.0E-3,998.1E-3
-770.0E-3,998.1E-3
-769.0E-3,998.1E-3
-768.0E-3,998.1E-3
-767.0E-3,998.1E-3
-766.0E-3,998.1E-3
-765.0E-3,998.1E-3
-764.0E-3,998.1E-3
-763.0E-3,998.1E-3
-762.0E-3,998.1E-3
-761.0E-3,998.1E-3
-760.0E-3,998.1E-3
-759.0E-3,998.1E-3
-758.0E-3,998.1E-3
-757.0E-3,998.1E-3
-756.0E-3,998.1E-3
-755.0E-3,998.1E-3
-754.0E-3,998.1E-3
-753.0E-3,998.1E-3
-752.0E-3,998.1E-3
-751.0E-3,998.1E-3
-750.0E-3,998.1E-3
-749.0E-3,998.1E-3
-748.0E-3,998.1E-3
-747.0E-3,998.1E-3
-746.0E-3,998.1E-3
-745.0E-3,998.1E-3
-744.0E-3,998.1E-3
-743.0E-3,998.1E-3
-742.0E-3,998.1E-3
-741.0E-3,998.1E-3
-740.0E-3,998.1E-3
-739.0E-3,998.1E-3
-738.0E-3,998.1E-3
-737.0E-3,998.1E-3
-736.0E-3,998.1E-3
-735.0E-3,998.1E-3
-734.0E-3,998.1E-3
-733.0E-3,998.1E-3
-732.0E-3,998.1E-3
-731.0E-3,998.1E-3
-730.0E-3,998.1E-3
-729.0E-3,998.1E-3
-728.0E-3,998.1E-3
-727.0E-3,998.1E-3
-726.0E-3,998.1E-3
-725.0E-3,998.1E-3
-724.0E-3,998.1E-3
-723.0E-3,998.1E-3
-722.0E-3,998.1E-3
-721.0E-3,998.1E-3
-720.0E-3,998.1E-3
-719.0E-3,998.1E-3
-718.0E-3,998.1E-3
-717.0E-3,998.1E-3
-716.0E-3,998.1E-3
-715.0E-3,998.1E-3
-714.0E-3,998.1E-3
-713.0E-3,998.1E-3
-712.0E-3,998.1E-3
-711.0E-3,998.1E-3
-710.0E-3,998.1E-3
-709.0E-3,998.1E-3
-708.0E-3,998.1E-3
-707.0E-3,998.1E-3
-706.0E-3,998.1E-3
-705.0E-3,998.1E-3
-704.0E-3,998.1E-3
-703.0E-3,998.1E-3
-702.0E-3,998.1E-3
-701.0E-3,998.1E-3
-700.0E-3,998.1E-3
-699.0E-3,998.1E-3
-698.0E-3,998.1E-3
-697.0E-3,998.1E-3
-696.0E-3,998.1E-3
-695.0E-3,998.1E-3
-694.0E-3,998.1E-3
-693.0E-3,998.1E-3
-692.0E-3,998.1E-3
-691.0E-3,998.1E-3
-690.0E-3,998.1E-3
-689.0E-3,998.1E-3
-688.0E-3,998.1E-3
-687.0E-3,998.1E-3
-686.0E-3,998.1E-3
-685.0E-3,998.1E-3
-684.0E-3,998.1E-3
-683.0E-3,998.1E-3
-682.0E-3,998.1E-3
-681.0E-3,998.1E-3
-680.0E-3,998.1E-3
-679.0E-3,998.1E-3
-678.0E-3,998.1E-3
-677.0E-3,998.1E-3
-676.0E-3,998.1E-3
-675.0E-3,998.1E-3
-674.0E-3,998.1E-3
-673.0E-3,998.1E-3
-672.0E-3,998.1E-3
-671.0E-3,998.1E-3
-670.0E-3,998.1E-3
-669.0E-3,998.1E-3
-668.0E-3,998.1E-3
-667.0E-3,998.1E-3
-666.0E-3,998.1E-3
-665.0E-3,998.1E-3
-664.0E-3,998.1E-3
-663.0E-3,998.1E-3
-662.0E-3,998.1E-3
-661.0E-3,998.1E-3
-660.0E-3,998.1E-3
-659.0E-3,998.1E-3
-658.0E-3,998.1E-3
-657.0E-3,998.1E-3
-656.0E-3,998.1E-3
-655.0E-3,998.1E-3
-654.0E-3,998.1E-3
-653.0E-3,998.1E-3
-652.0E-3,998.1E-3
-651.0E-3,998.1E-3
-650.0E-3,998.1E-3
-649.0E-3,998.1E-3
-648.0E-3,998.1E-3
-647.0E-3,998.1E-3
-646.0E-3,998.1E-3
-645.0E-3,998.1E-3
-644.0E-3,998.1E-3
-643.0E-3,998.1E-3
-642.0E-3,998.1E-3
-641.0E-3,998.1E-3
-640.0E-3,998.1E-3
-639.0E-3,998.1E-3
-638.0E-3,998.1E-3
-637.0E-3,998.1E-3
-636.0E-3,998.1E-3
-635.0E-3,998.1E-3
-634.0E-3,998.1E-3
-633.0E-3,998.1E-3
-632.0E-3,998.1E-3
-631.0E-3,998.1E-3
-630.0E-3,998.1E-3
-629.0E-3,998.1E-3
-628.0E-3,998.1E-3
-627.0E-3,998.1E-3
-626.0E-3,998.1E-3
-625.0E-3,998.1E-3
-624.0E-3,998.1E-3
-623.0E-3,998.1E-3
-622.0E-3,998.1E-3
-621.0E-3,998.1E-3
-620.0E-3,998.1E-3
-619.0E-3,998.1E-3
-618.0E-3,998.1E-3
-617.0E-3,998.1E-3
-616.0E-3,998.1E-3
-615.0E-3,998.1E-3
-614.0E-3,998.1E-3
-613.0E-3,998.1E-3
-612.0E-3,998.1E-3
-611.0E-3,998.1E-3
-610.0E-3,998.1E-3
-609.0E-3,998.1E-3
-608.0E-3,998.1E-3
-607.0E-3,998.1E-3
-606.0E-3,998.1E-3
-605.0E-3,998.1E-3
-604.0E-3,998.1E-3
-603.0E-3,998.1E-3
-602.0E-3,998.1E-3
-601.0E-3,998.1E-3
-600.0E-3,998.1E-3
-599.0E-3,998.1E-3
-598.0E-3,998.1E-3
-597.0E-3,998.1E-3
-596.0E-3,998.1E-3
-595.0E-3,998.1E-3
-594.0E-3,998.1E-3
-593.0E-3,998.1E-3
-592.0E-3,998.1E-3
-591.0E-3,998.1E-3
-590.0E-3,998.1E-3
-589.0E-3,998.1E-3
-588.0E-3,998.1E-3
-587.0E-3,998.1E-3
-586.0E-3,998.1E-3
-585.0E-3,998.1E-3
-584.0E-3,998.1E-3
-583.0E-3,998.1E-3
-582.0E-3,998.1E-3
-581.0E-3,998.1E-3
-580.0E-3,998.1E-3
-579.0E-3,998.1E-3
-578.0E-3,998.1E-3
-577.0E-3,998.1E-3
-576.0E-3,998.1E-3
-575.0E-3,998.1E-3
-574.0E-3,998.1E-3
-573.0E-3,998.1E-3
-572.0E-3,998.1E-3
-571.0E-3,998.1E-3
-570.0E-3,998.1E-3
-569.0E-3,998.1E-3
-568.0E-3,998.1E-3
-567.0E-3,998.1E-3
-566.0E-3,998.1E-3
-565.0E-3,998.1E-3
-564.0E-3,998.1E-3
-563.0E-3,998.1E-3
-562.0E-3,998.1E-3
-561.0E-3,998.1E-3
-560.0E-3,998.1E-3
-559.0E-3,998.1E-3
-558.0E-3,998.1E-3
-557.0E-3,998.1E-3
-556.0E-3,998.1E-3
-555.0E-3,998.1E-3
-554.0E-3,998.1E-3
-553.0E-3,998.1E-3
-552.0E-3,998.1E-3
-551.0E-3,998.1E-3
-550.0E-3,998.1E-3
-549.0E-3,998.1E-3
-548.0E-3,998.1E-3
-547.0E-3,998.1E-3
-546.0E-3,998.1E-3
-545.0E-3,998.1E-3
-544.0E-3,998.1E-3
-543.0E-3,998.1E-3
-542.0E-3,998.1E-3
-541.0E-3,998.1E-3
-540.0E-3,998.1E-3
-539.0E-3,998.1E-3
-538.0E-3,998.1E-3
-537.0E-3,998.1E-3
-536.0E-3,998.1E-3
-535.0E-3,998.1E-3
-534.0E-3,998.1E-3
-533.0E-3,998.1E-3
-532.0E-3,998.1E-3
-531.0E-3,998.1E-3
-530.0E-3,998.1E-3
-529.0E-3,998.1E-3
-528.0E-3,998.1E-3
-527.0E-3,998.1E-3
-526.0E-3,998.1E-3
-525.0E-3,998.1E-3
-524.0E-3,998.1E-3
-523.0E-3,998.1E-3
-522.0E-3,998.1E-3
-521.0E-3,998.1E-3
-520.0E-3,998.1E-3
-519.0E-3,998.1E-3
-518.0E-3,998.1E-3
-517.0E-3,998.1E-3
-516.0E-3,998.1E-3
-515.0E-3,998.1E-3
-514.0E-3,998.1E-3
-513.0E-3,998.1E-3
-512.0E-3,998.1E-3
-511.0E-3,998.1E-3
-510.0E-3,998.1E-3
-509.0E-3,998.1E-3
-508.0E-3,998.1E-3
-507.0E-3,998.1E-3
-506.0E-3,998.1E-3
-505.0E-3,998.1E-3
-504.0E-3,998.1E-3
-503.0E-3,998.1E-3
-502.0E-3,998.1E-3
-501.0E-3,998.1E-3
-500.0E-3,998.1E-3
-499.0E-3,998.1E-3
-498.0E-3,998.1E-3
-497.0E-3,998.1E-3
-496.0E-3,998.1E-3
-495.0E-3,998.1E-3
-494.0E-3,998.1E-3
-493.0E-3,998.1E-3
-492.0E-3,998.1E-3
-491.0E-3,998.1E-3
-490.0E-3,998.1E-3
-489.0E-3,998.1E-3
-488.0E-3,998.1E-3
-487.0E-3,998.1E-3
-486.0E-3,998.1E-3
-485.0E-3,998.1E-3
-484.0E-3,998.1E-3
-483.0E-3,998.1E-3
-482.0E-3,998.1E-3
-481.0E-3,998.1E-3
-480.0E-3,998.1E-3
-479.0E-3,998.1E-3
-478.0E-3,998.1E-3
-477.0E-3,998.1E-3
-476.0E-3,998.1E-3
-475.0E-3,998.1E-3
-474.0E-3,998.1E-3
-473.0E-3,998.1E-3
-472.0E-3,998.1E-3
-471.0E-3,998.1E-3
-470.0E-3,998.1E-3
-469.0E-3,998.1E-3
-468.0E-3,998.1E-3
-467.0E-3,998.1E-3
-466.0E-3,998.1E-3
-465.0E-3,998.1E-3
-464.0E-3,998.1E-3
-463.0E-3,998.1E-3
-462.0E-3,998.1E-3
-461.0E-3,998.1E-3
-460.0E-3,998.1E-3
-459.0E-3,998.1E-3
-458.0E-3,998.1E-3
-457.0E-3,998.1E-3
-456.0E-3,998.1E-3
-455.0E-3,998.1E-3
-454.0E-3,998.1E-3
-453.0E-3,998.1E-3
-452.0E-3,998.1E-3
-451.0E-3,998.1E-3
-450.0E-3,998.1E-3
-449.0E-3,998.1E-3
-448.0E-3,998.1E-3
-447.0E-3,998.1E-3
-446.0E-3,998.1E-3
-445.0E-3,998.1E-3
-444.0E-3,998.1E-3
-443.0E-3,998.1E-3
-442.0E-3,998.0E-3
-441.0E-3,998.0E-3
-440.0E-3,998.0E-3
-439.0E-3,998.0E-3
-438.0E-3,998.0E-3
-437.0E-3,998.0E-3
-436.0E-3,998.0E-3
-435.0E-3,998.0E-3
-434.0E-3,998.0E-3
-433.0E-3,998.0E-3
-432.0E-3,998.0E-3
-431.0E-3,998.0E-3
-430.0E-3,998.0E-3
-429.0E-3,998.0E-3
-428.0E-3,998.0E-3
-427.0E-3,998.0E-3
-426.0E-3,998.0E-3
-425.0E-3,998.0E-3
-424.0E-3,998.0E-3
-423.0E-3,998.0E-3
-422.0E-3,998.0E-3
-421.0E-3,998.0E-3
-420.0E-3,998.0E-3
-419.0E-3,998.0E-3
-418.0E-3,998.0E-3
-417.0E-3,998.0E-3
-416.0E-3,998.0E-3
-415.0E-3,998.0E-3
-414.0E-3,998.0E-3
-413.0E-3,998.0E-3
-412.0E-3,998.0E-3
-411.0E-3,998.0E-3
-410.0E-3,998.0E-3
-409.0E-3,998.0E-3
-408.0E-3,998.0E-3
-407.0E-3,998.0E-3
-406.0E-3,998.0E-3
-405.0E-3,998.0E-3
-404.0E-3,998.0E-3
-403.0E-3,998.0E-3
-402.0E-3,998.0E-3
-401.0E-3,998.0E-3
-400.0E-3,998.0E-3
-399.0E-3,998.0E-3
-398.0E-3,998.0E-3
-397.0E-3,998.0E-3
-396.0E-3,998.0E-3
-395.0E-3,998.0E-3
-394.0E-3,998.0E-3
-393.0E-3,997.9E-3
-392.0E-3,997.9E-3
-391.0E-3,997.9E-3
-390.0E-3,997.9E-3
-389.0E-3,997.9E-3
-388.0E-3,997.9E-3
-387.0E-3,997.9E-3
-386.0E-3,997.9E-3
-385.0E-3,997.9E-3
-384.0E-3,997.9E-3
-383.0E-3,997.9E-3
-382.0E-3,997.9E-3
-381.0E-3,997.9E-3
-380.0E-3,997.9E-3
-379.0E-3,997.9E-3
-378.0E-3,997.9E-3
-377.0E-3,997.9E-3
-376.0E-3,997.9E-3
-375.0E-3,997.9E-3
-374.0E-3,997.9E-3
-373.0E-3,997.9E-3
-372.0E-3,997.9E-3
-371.0E-3,997.9E-3
-370.0E-3,997.9E-3
-369.0E-3,997.9E-3
-368.0E-3,997.9E-3
-367.0E-3,997.9E-3
-366.0E-3,997.9E-3
-365.0E-3,997.9E-3
-364.0E-3,997.8E-3
-363.0E-3,997.8E-3
-362.0E-3,997.8E-3
-361.0E-3,997.8E-3
-360.0E-3,997.8E-3
-359.0E-3,997.8E-3
-358.0E-3,997.8E-3
-357.0E-3,997.8E-3
-356.0E-3,997.8E-3
-355.0E-3,997.8E-3
-354.0E-3,997.8E-3
-353.0E-3,997.8E-3
-352.0E-3,997.8E-3
-351.0E-3,997.8E-3
-350.0E-3,997.8E-3
-349.0E-3,997.8E-3
-348.0E-3,997.8E-3
-347.0E-3,997.8E-3
-346.0E-3,997.8E-3
-345.0E-3,997.8E-3
-344.0E-3,997.8E-3
-343.0E-3,997.8E-3
-342.0E-3,997.7E-3
-341.0E-3,997.7E-3
-340.0E-3,997.7E-3
-339.0E-3,997.7E-3
-338.0E-3,997.7E-3
-337.0E-3,997.7E-3
-336.0E-3,997.7E-3
-335.0E-3,997.7E-3
-334.0E-3,997.7E-3
-333.0E-3,997.7E-3
-332.0E-3,997.7E-3
-331.0E-3,997.7E-3
-330.0E-3,997.7E-3
-329.0E-3,997.7E-3
-328.0E-3,997.7E-3
-327.0E-3,997.7E-3
-326.0E-3,997.6E-3
-325.0E-3,997.6E-3
-324.0E-3,997.6E-3
-323.0E-3,997.6E-3
-322.0E-3,997.6E-3
-321.0E-3,997.6E-3
-320.0E-3,997.6E-3
-319.0E-3,997.6E-3
-318.0E-3,997.6E-3
-317.0E-3,997.6E-3
-316.0E-3,997.6E-3
-315.0E-3,997.6E-3
-314.0E-3,997.6E-3
-313.0E-3,997.6E-3
-312.0E-3,997.6E-3
-311.0E-3,997.5E-3
-310.0E-3,997.5E-3
-309.0E-3,997.5E-3
-308.0E-3,997.5E-3
-307.0E-3,997.5E-3
-306.0E-3,997.5E-3
-305.0E-3,997.5E-3
-304.0E-3,997.5E-3
-303.0E-3,997.5E-3
-302.0E-3,997.5E-3
-301.0E-3,997.5E-3
-300.0E-3,997.5E-3
-299.0E-3,997.4E-3
-298.0E-3,997.4E-3
-297.0E-3,997.4E-3
-296.0E-3,997.4E-3
-295.0E-3,997.4E-3
-294.0E-3,997.4E-3
-293.0E-3,997.4E-3
-292.0E-3,997.4E-3
-291.0E-3,997.4E-3
-290.0E-3,997.4E-3
-289.0E-3,997.4E-3
-288.0E-3,997.3E-3
-287.0E-3,997.3E-3
-286.0E-3,997.3E-3
-285.0E-3,997.3E-3
-284.0E-3,997.3E-3
-283.0E-3,997.3E-3
-282.0E-3,997.3E-3
-281.0E-3,997.3E-3
-280.0E-3,997.3E-3
-279.0E-3,997.2E-3
-278.0E-3,997.2E-3
-277.0E-3,997.2E-3
-276.0E-3,997.2E-3
-275.0E-3,997.2E-3
-274.0E-3,997.2E-3
-273.0E-3,997.2E-3
-272.0E-3,997.2E-3
-271.0E-3,997.2E-3
-270.0E-3,997.1E-3
-269.0E-3,997.1E-3
-268.0E-3,997.1E-3
-267.0E-3,997.1E-3
-266.0E-3,997.1E-3
-265.0E-3,997.1E-3
-264.0E-3,997.1E-3
-263.0E-3,997.1E-3
-262.0E-3,997.0E-3
-261.0E-3,997.0E-3
-260.0E-3,997.0E-3
-259.0E-3,997.0E-3
-258.0E-3,997.0E-3
-257.0E-3,997.0E-3
-256.0E-3,997.0E-3
-255.0E-3,996.9E-3
-254.0E-3,996.9E-3
-253.0E-3,996.9E-3
-252.0E-3,996.9E-3
-251.0E-3,996.9E-3
-250.0E-3,996.9E-3
-249.0E-3,996.9E-3
-248.0E-3,996.8E-3
-247.0E-3,996.8E-3
-246.0E-3,996.8E-3
-245.0E-3,996.8E-3
-244.0E-3,996.8E-3
-243.0E-3,996.8E-3
-242.0E-3,996.7E-3
-241.0E-3,996.7E-3
-240.0E-3,996.7E-3
-239.0E-3,996.7E-3
-238.0E-3,996.7E-3
-237.0E-3,996.7E-3
-236.0E-3,996.6E-3
-235.0E-3,996.6E-3
-234.0E-3,996.6E-3
-233.0E-3,996.6E-3
-232.0E-3,996.6E-3
-231.0E-3,996.5E-3
-230.0E-3,996.5E-3
-229.0E-3,996.5E-3
-228.0E-3,996.5E-3
-227.0E-3,996.5E-3
-226.0E-3,996.4E-3
-225.0E-3,996.4E-3
-224.0E-3,996.4E-3
-223.0E-3,996.4E-3
-222.0E-3,996.3E-3
-221.0E-3,996.3E-3
-220.0E-3,996.3E-3
-219.0E-3,996.3E-3
-218.0E-3,996.3E-3
-217.0E-3,996.2E-3
-216.0E-3,996.2E-3
-215.0E-3,996.2E-3
-214.0E-3,996.2E-3
-213.0E-3,996.1E-3
-212.0E-3,996.1E-3
-211.0E-3,996.1E-3
-210.0E-3,996.1E-3
-209.0E-3,996.0E-3
-208.0E-3,996.0E-3
-207.0E-3,996.0E-3
-206.0E-3,995.9E-3
-205.0E-3,995.9E-3
-204.0E-3,995.9E-3
-203.0E-3,995.9E-3
-202.0E-3,995.8E-3
-201.0E-3,995.8E-3
-200.0E-3,995.8E-3
-199.0E-3,995.7E-3
-198.0E-3,995.7E-3
-197.0E-3,995.7E-3
-196.0E-3,995.6E-3
-195.0E-3,995.6E-3
-194.0E-3,995.6E-3
-193.0E-3,995.5E-3
-192.0E-3,995.5E-3
-191.0E-3,995.5E-3
-190.0E-3,995.4E-3
-189.0E-3,995.4E-3
-188.0E-3,995.4E-3
-187.0E-3,995.3E-3
-186.0E-3,995.3E-3
-185.0E-3,995.3E-3
-184.0E-3,995.2E-3
-183.0E-3,995.2E-3
-182.0E-3,995.1E-3
-181.0E-3,995.1E-3
-180.0E-3,995.1E-3
-179.0E-3,995.0E-3
-178.0E-3,995.0E-3
-177.0E-3,994.9E-3
-176.0E-3,994.9E-3
-175.0E-3,994.8E-3
-174.0E-3,994.8E-3
-173.0E-3,994.7E-3
-172.0E-3,994.7E-3
-171.0E-3,994.6E-3
-170.0E-3,994.6E-3
-169.0E-3,994.5E-3
-168.0E-3,994.5E-3
-167.0E-3,994.4E-3
-166.0E-3,994.4E-3
-165.0E-3,994.3E-3
-164.0E-3,994.3E-3
-163.0E-3,994.2E-3
-162.0E-3,994.1E-3
-161.0E-3,994.1E-3
-160.0E-3,994.0E-3
-159.0E-3,994.0E-3
-158.0E-3,993.9E-3
-157.0E-3,993.8E-3
-156.0E-3,993.8E-3
-155.0E-3,993.7E-3
-154.0E-3,993.6E-3
-153.0E-3,993.6E-3
-152.0E-3,993.5E-3
-151.0E-3,993.4E-3
-150.0E-3,993.3E-3
-149.0E-3,993.3E-3
-148.0E-3,993.2E-3
-147.0E-3,993.1E-3
-146.0E-3,993.0E-3
-145.0E-3,992.9E-3
-144.0E-3,992.9E-3
-143.0E-3,992.8E-3
-142.0E-3,992.7E-3
-141.0E-3,992.6E-3
-140.0E-3,992.5E-3
-139.0E-3,992.4E-3
-138.0E-3,992.3E-3
-137.0E-3,992.2E-3
-136.0E-3,992.1E-3
-135.0E-3,992.0E-3
-134.0E-3,991.9E-3
-133.0E-3,991.8E-3
-132.0E-3,991.6E-3
-131.0E-3,991.5E-3
-130.0E-3,991.4E-3
-129.0E-3,991.3E-3
-128.0E-3,991.2E-3
-127.0E-3,991.0E-3
-126.0E-3,990.9E-3
-125.0E-3,990.7E-3
-124.0E-3,990.6E-3
-123.0E-3,990.5E-3
-122.0E-3,990.3E-3
-121.0E-3,990.1E-3
-120.0E-3,990.0E-3
-119.0E-3,989.8E-3
-118.0E-3,989.6E-3
-117.0E-3,989.5E-3
-116.0E-3,989.3E-3
-115.0E-3,989.1E-3
-114.0E-3,988.9E-3
-113.0E-3,988.7E-3
-112.0E-3,988.5E-3
-111.0E-3,988.3E-3
-110.0E-3,988.1E-3
-109.0E-3,987.8E-3
-108.0E-3,987.6E-3
-107.0E-3,987.4E-3
-106.0E-3,987.1E-3
-105.0E-3,986.8E-3
-104.0E-3,986.6E-3
-103.0E-3,986.3E-3
-102.0E-3,986.0E-3
-101.0E-3,985.7E-3
-100.0E-3,985.4E-3
-99.00E-3,985.1E-3
-98.00E-3,984.7E-3
-97.00E-3,984.4E-3
-96.00E-3,984.0E-3
-95.00E-3,983.6E-3
-94.00E-3,983.2E-3
-93.00E-3,982.8E-3
-92.00E-3,982.3E-3
-91.00E-3,981.9E-3
-90.00E-3,981.4E-3
-89.00E-3,980.9E-3
-88.00E-3,980.4E-3
-87.00E-3,979.8E-3
-86.00E-3,979.3E-3
-85.00E-3,978.7E-3
-84.00E-3,978.0E-3
-83.00E-3,977.3E-3
-82.00E-3,976.6E-3
-81.00E-3,975.9E-3
-80.00E-3,975.1E-3
-79.00E-3,974.3E-3
-78.00E-3,973.4E-3
-77.00E-3,972.5E-3
-76.00E-3,971.5E-3
-75.00E-3,970.5E-3
-74.00E-3,969.4E-3
-73.00E-3,968.2E-3
-72.00E-3,966.9E-3
-71.00E-3,965.6E-3
-70.00E-3,964.2E-3
-69.00E-3,962.6E-3
-68.00E-3,961.0E-3
-67.00E-3,959.2E-3
-66.00E-3,957.4E-3
-65.00E-3,955.6E-3
-64.00E-3,953.7E-3
-63.00E-3,951.8E-3
-62.00E-3,949.8E-3
-61.00E-3,947.7E-3
-60.00E-3,945.6E-3
-59.00E-3,943.4E-3
-58.00E-3,941.0E-3
-57.00E-3,938.6E-3
-56.00E-3,936.1E-3
-55.00E-3,933.5E-3
-54.00E-3,930.8E-3
-53.00E-3,927.9E-3
-52.00E-3,925.0E-3
-51.00E-3,921.8E-3
-50.00E-3,918.6E-3
-49.00E-3,915.1E-3
-48.00E-3,911.5E-3
-47.00E-3,907.7E-3
-46.00E-3,903.7E-3
-45.00E-3,899.5E-3
-44.00E-3,895.0E-3
-43.00E-3,890.3E-3
-42.00E-3,885.2E-3
-41.00E-3,879.8E-3
-40.00E-3,874.1E-3
-39.00E-3,867.9E-3
-38.00E-3,861.3E-3
-37.00E-3,854.2E-3
-36.00E-3,846.6E-3
-35.00E-3,838.3E-3
-34.00E-3,829.3E-3
-33.00E-3,819.5E-3
-32.00E-3,808.7E-3
-31.00E-3,796.9E-3
-30.00E-3,783.8E-3
-29.00E-3,769.3E-3
-28.00E-3,753.0E-3
-27.00E-3,734.8E-3
-26.00E-3,714.1E-3
-25.00E-3,690.5E-3
-24.00E-3,663.5E-3
-23.00E-3,632.0E-3
-22.00E-3,595.2E-3
-21.00E-3,551.6E-3
-20.00E-3,499.4E-3
-19.00E-3,436.0E-3
-18.00E-3,358.2E-3
-17.00E-3,256.3E-3
-16.00E-3,97.65E-3
-15.00E-3,-87.11E-3
-14.00E-3,-301.2E-3
-13.00E-3,-545.9E-3
-12.00E-3,-749.2E-3
-11.00E-3,-813.4E-3
-10.00E-3,-838.4E-3
-9.000E-3,-851.5E-3
-8.000E-3,-860.0E-3
-7.000E-3,-866.0E-3
-6.000E-3,-870.3E-3
-5.000E-3,-873.8E-3
-4.000E-3,-876.5E-3
-3.000E-3,-878.8E-3
-2.000E-3,-880.7E-3
-1.000E-3,-882.3E-3
-109.3E-15,-883.7E-3
1.000E-3,-885.0E-3
2.000E-3,-886.1E-3
3.000E-3,-887.1E-3
4.000E-3,-888.1E-3
5.000E-3,-888.9E-3
6.000E-3,-889.6E-3
7.000E-3,-890.3E-3
8.000E-3,-891.0E-3
9.000E-3,-891.6E-3
10.00E-3,-892.1E-3
11.00E-3,-892.6E-3
12.00E-3,-893.1E-3
13.00E-3,-893.6E-3
14.00E-3,-894.0E-3
15.00E-3,-894.4E-3
16.00E-3,-894.8E-3
17.00E-3,-895.1E-3
18.00E-3,-895.4E-3
19.00E-3,-895.8E-3
20.00E-3,-896.1E-3
21.00E-3,-896.3E-3
22.00E-3,-896.6E-3
23.00E-3,-896.9E-3
24.00E-3,-897.1E-3
25.00E-3,-897.4E-3
26.00E-3,-897.6E-3
27.00E-3,-897.8E-3
28.00E-3,-898.0E-3
29.00E-3,-898.2E-3
30.00E-3,-898.4E-3
31.00E-3,-898.6E-3
32.00E-3,-898.7E-3
33.00E-3,-898.9E-3
34.00E-3,-899.1E-3
35.00E-3,-899.2E-3
36.00E-3,-899.4E-3
37.00E-3,-899.5E-3
38.00E-3,-899.7E-3
39.00E-3,-899.8E-3
40.00E-3,-900.0E-3
41.00E-3,-900.1E-3
42.00E-3,-900.2E-3
43.00E-3,-900.3E-3
44.00E-3,-900.5E-3
45.00E-3,-900.6E-3
46.00E-3,-900.7E-3
47.00E-3,-900.8E-3
48.00E-3,-900.9E-3
49.00E-3,-901.0E-3
50.00E-3,-901.1E-3
51.00E-3,-901.2E-3
52.00E-3,-901.2E-3
53.00E-3,-901.3E-3
54.00E-3,-901.4E-3
55.00E-3,-901.4E-3
56.00E-3,-901.5E-3
57.00E-3,-901.6E-3
58.00E-3,-901.6E-3
59.00E-3,-901.7E-3
60.00E-3,-901.7E-3
61.00E-3,-901.8E-3
62.00E-3,-901.8E-3
63.00E-3,-901.9E-3
64.00E-3,-901.9E-3
65.00E-3,-902.0E-3
66.00E-3,-902.0E-3
67.00E-3,-902.1E-3
68.00E-3,-902.1E-3
69.00E-3,-902.2E-3
70.00E-3,-902.2E-3
71.00E-3,-902.3E-3
72.00E-3,-902.3E-3
73.00E-3,-902.4E-3
74.00E-3,-902.4E-3
75.00E-3,-902.4E-3
76.00E-3,-902.5E-3
77.00E-3,-902.5E-3
78.00E-3,-902.6E-3
79.00E-3,-902.6E-3
80.00E-3,-902.6E-3
81.00E-3,-902.7E-3
82.00E-3,-902.7E-3
83.00E-3,-902.7E-3
84.00E-3,-902.8E-3
85.00E-3,-902.8E-3
86.00E-3,-902.8E-3
87.00E-3,-902.9E-3
88.00E-3,-902.9E-3
89.00E-3,-902.9E-3
90.00E-3,-903.0E-3
91.00E-3,-903.0E-3
92.00E-3,-903.0E-3
93.00E-3,-903.1E-3
94.00E-3,-903.1E-3
95.00E-3,-903.1E-3
96.00E-3,-903.2E-3
97.00E-3,-903.2E-3
98.00E-3,-903.2E-3
99.00E-3,-903.2E-3
100.0E-3,-903.3E-3
101.0E-3,-903.3E-3
102.0E-3,-903.3E-3
103.0E-3,-903.3E-3
104.0E-3,-903.4E-3
105.0E-3,-903.4E-3
106.0E-3,-903.4E-3
107.0E-3,-903.4E-3
108.0E-3,-903.5E-3
109.0E-3,-903.5E-3
110.0E-3,-903.5E-3
111.0E-3,-903.5E-3
112.0E-3,-903.6E-3
113.0E-3,-903.6E-3
114.0E-3,-903.6E-3
115.0E-3,-903.6E-3
116.0E-3,-903.6E-3
117.0E-3,-903.7E-3
118.0E-3,-903.7E-3
119.0E-3,-903.7E-3
120.0E-3,-903.7E-3
121.0E-3,-903.7E-3
122.0E-3,-903.8E-3
123.0E-3,-903.8E-3
124.0E-3,-903.8E-3
125.0E-3,-903.8E-3
126.0E-3,-903.8E-3
127.0E-3,-903.9E-3
128.0E-3,-903.9E-3
129.0E-3,-903.9E-3
130.0E-3,-903.9E-3
131.0E-3,-903.9E-3
132.0E-3,-904.0E-3
133.0E-3,-904.0E-3
134.0E-3,-904.0E-3
135.0E-3,-904.0E-3
136.0E-3,-904.0E-3
137.0E-3,-904.0E-3
138.0E-3,-904.1E-3
139.0E-3,-904.1E-3
140.0E-3,-904.1E-3
141.0E-3,-904.1E-3
142.0E-3,-904.1E-3
143.0E-3,-904.1E-3
144.0E-3,-904.2E-3
145.0E-3,-904.2E-3
146.0E-3,-904.2E-3
147.0E-3,-904.2E-3
148.0E-3,-904.2E-3
149.0E-3,-904.2E-3
150.0E-3,-904.3E-3
151.0E-3,-904.3E-3
152.0E-3,-904.3E-3
153.0E-3,-904.3E-3
154.0E-3,-904.3E-3
155.0E-3,-904.3E-3
156.0E-3,-904.3E-3
157.0E-3,-904.4E-3
158.0E-3,-904.4E-3
159.0E-3,-904.4E-3
160.0E-3,-904.4E-3
161.0E-3,-904.4E-3
162.0E-3,-904.4E-3
163.0E-3,-904.4E-3
164.0E-3,-904.4E-3
165.0E-3,-904.5E-3
166.0E-3,-904.5E-3
167.0E-3,-904.5E-3
168.0E-3,-904.5E-3
169.0E-3,-904.5E-3
170.0E-3,-904.5E-3
171.0E-3,-904.5E-3
172.0E-3,-904.6E-3
173.0E-3,-904.6E-3
174.0E-3,-904.6E-3
175.0E-3,-904.6E-3
176.0E-3,-904.6E-3
177.0E-3,-904.6E-3
178.0E-3,-904.6E-3
179.0E-3,-904.6E-3
180.0E-3,-904.6E-3
181.0E-3,-904.7E-3
182.0E-3,-904.7E-3
183.0E-3,-904.7E-3
184.0E-3,-904.7E-3
185.0E-3,-904.7E-3
186.0E-3,-904.7E-3
187.0E-3,-904.7E-3
188.0E-3,-904.7E-3
189.0E-3,-904.7E-3
190.0E-3,-904.8E-3
191.0E-3,-904.8E-3
192.0E-3,-904.8E-3
193.0E-3,-904.8E-3
194.0E-3,-904.8E-3
195.0E-3,-904.8E-3
196.0E-3,-904.8E-3
197.0E-3,-904.8E-3
198.0E-3,-904.8E-3
199.0E-3,-904.9E-3
200.0E-3,-904.9E-3
201.0E-3,-904.9E-3
202.0E-3,-904.9E-3
203.0E-3,-904.9E-3
204.0E-3,-904.9E-3
205.0E-3,-904.9E-3
206.0E-3,-904.9E-3
207.0E-3,-904.9E-3
208.0E-3,-904.9E-3
209.0E-3,-904.9E-3
210.0E-3,-905.0E-3
211.0E-3,-905.0E-3
212.0E-3,-905.0E-3
213.0E-3,-905.0E-3
214.0E-3,-905.0E-3
215.0E-3,-905.0E-3
216.0E-3,-905.0E-3
217.0E-3,-905.0E-3
218.0E-3,-905.0E-3
219.0E-3,-905.0E-3
220.0E-3,-905.0E-3
221.0E-3,-905.1E-3
222.0E-3,-905.1E-3
223.0E-3,-905.1E-3
224.0E-3,-905.1E-3
225.0E-3,-905.1E-3
226.0E-3,-905.1E-3
227.0E-3,-905.1E-3
228.0E-3,-905.1E-3
229.0E-3,-905.1E-3
230.0E-3,-905.1E-3
231.0E-3,-905.1E-3
232.0E-3,-905.1E-3
233.0E-3,-905.2E-3
234.0E-3,-905.2E-3
235.0E-3,-905.2E-3
236.0E-3,-905.2E-3
237.0E-3,-905.2E-3
238.0E-3,-905.2E-3
239.0E-3,-905.2E-3
240.0E-3,-905.2E-3
241.0E-3,-905.2E-3
242.0E-3,-905.2E-3
243.0E-3,-905.2E-3
244.0E-3,-905.2E-3
245.0E-3,-905.3E-3
246.0E-3,-905.3E-3
247.0E-3,-905.3E-3
248.0E-3,-905.3E-3
249.0E-3,-905.3E-3
250.0E-3,-905.3E-3
251.0E-3,-905.3E-3
252.0E-3,-905.3E-3
253.0E-3,-905.3E-3
254.0E-3,-905.3E-3
255.0E-3,-905.3E-3
256.0E-3,-905.3E-3
257.0E-3,-905.3E-3
258.0E-3,-905.3E-3
259.0E-3,-905.4E-3
260.0E-3,-905.4E-3
261.0E-3,-905.4E-3
262.0E-3,-905.4E-3
263.0E-3,-905.4E-3
264.0E-3,-905.4E-3
265.0E-3,-905.4E-3
266.0E-3,-905.4E-3
267.0E-3,-905.4E-3
268.0E-3,-905.4E-3
269.0E-3,-905.4E-3
270.0E-3,-905.4E-3
271.0E-3,-905.4E-3
272.0E-3,-905.4E-3
273.0E-3,-905.4E-3
274.0E-3,-905.5E-3
275.0E-3,-905.5E-3
276.0E-3,-905.5E-3
277.0E-3,-905.5E-3
278.0E-3,-905.5E-3
279.0E-3,-905.5E-3
280.0E-3,-905.5E-3
281.0E-3,-905.5E-3
282.0E-3,-905.5E-3
283.0E-3,-905.5E-3
284.0E-3,-905.5E-3
285.0E-3,-905.5E-3
286.0E-3,-905.5E-3
287.0E-3,-905.5E-3
288.0E-3,-905.5E-3
289.0E-3,-905.6E-3
290.0E-3,-905.6E-3
291.0E-3,-905.6E-3
292.0E-3,-905.6E-3
293.0E-3,-905.6E-3
294.0E-3,-905.6E-3
295.0E-3,-905.6E-3
296.0E-3,-905.6E-3
297.0E-3,-905.6E-3
298.0E-3,-905.6E-3
299.0E-3,-905.6E-3
300.0E-3,-905.6E-3
301.0E-3,-905.6E-3
302.0E-3,-905.6E-3
303.0E-3,-905.6E-3
304.0E-3,-905.6E-3
305.0E-3,-905.6E-3
306.0E-3,-905.6E-3
307.0E-3,-905.7E-3
308.0E-3,-905.7E-3
309.0E-3,-905.7E-3
310.0E-3,-905.7E-3
311.0E-3,-905.7E-3
312.0E-3,-905.7E-3
313.0E-3,-905.7E-3
314.0E-3,-905.7E-3
315.0E-3,-905.7E-3
316.0E-3,-905.7E-3
317.0E-3,-905.7E-3
318.0E-3,-905.7E-3
319.0E-3,-905.7E-3
320.0E-3,-905.7E-3
321.0E-3,-905.7E-3
322.0E-3,-905.7E-3
323.0E-3,-905.7E-3
324.0E-3,-905.7E-3
325.0E-3,-905.8E-3
326.0E-3,-905.8E-3
327.0E-3,-905.8E-3
328.0E-3,-905.8E-3
329.0E-3,-905.8E-3
330.0E-3,-905.8E-3
331.0E-3,-905.8E-3
332.0E-3,-905.8E-3
333.0E-3,-905.8E-3
334.0E-3,-905.8E-3
335.0E-3,-905.8E-3
336.0E-3,-905.8E-3
337.0E-3,-905.8E-3
338.0E-3,-905.8E-3
339.0E-3,-905.8E-3
340.0E-3,-905.8E-3
341.0E-3,-905.8E-3
342.0E-3,-905.8E-3
343.0E-3,-905.8E-3
344.0E-3,-905.8E-3
345.0E-3,-905.9E-3
346.0E-3,-905.9E-3
347.0E-3,-905.9E-3
348.0E-3,-905.9E-3
349.0E-3,-905.9E-3
350.0E-3,-905.9E-3
351.0E-3,-905.9E-3
352.0E-3,-905.9E-3
353.0E-3,-905.9E-3
354.0E-3,-905.9E-3
355.0E-3,-905.9E-3
356.0E-3,-905.9E-3
357.0E-3,-905.9E-3
358.0E-3,-905.9E-3
359.0E-3,-905.9E-3
360.0E-3,-905.9E-3
361.0E-3,-905.9E-3
362.0E-3,-905.9E-3
363.0E-3,-905.9E-3
364.0E-3,-905.9E-3
365.0E-3,-905.9E-3
366.0E-3,-905.9E-3
367.0E-3,-906.0E-3
368.0E-3,-906.0E-3
369.0E-3,-906.0E-3
370.0E-3,-906.0E-3
371.0E-3,-906.0E-3
372.0E-3,-906.0E-3
373.0E-3,-906.0E-3
374.0E-3,-906.0E-3
375.0E-3,-906.0E-3
376.0E-3,-906.0E-3
377.0E-3,-906.0E-3
378.0E-3,-906.0E-3
379.0E-3,-906.0E-3
380.0E-3,-906.0E-3
381.0E-3,-906.0E-3
382.0E-3,-906.0E-3
383.0E-3,-906.0E-3
384.0E-3,-906.0E-3
385.0E-3,-906.0E-3
386.0E-3,-906.0E-3
387.0E-3,-906.0E-3
388.0E-3,-906.0E-3
389.0E-3,-906.0E-3
390.0E-3,-906.0E-3
391.0E-3,-906.1E-3
392.0E-3,-906.1E-3
393.0E-3,-906.1E-3
394.0E-3,-906.1E-3
395.0E-3,-906.1E-3
396.0E-3,-906.1E-3
397.0E-3,-906.1E-3
398.0E-3,-906.1E-3
399.0E-3,-906.1E-3
400.0E-3,-906.1E-3
401.0E-3,-906.1E-3
402.0E-3,-906.1E-3
403.0E-3,-906.1E-3
404.0E-3,-906.1E-3
405.0E-3,-906.1E-3
406.0E-3,-906.1E-3
407.0E-3,-906.1E-3
408.0E-3,-906.1E-3
409.0E-3,-906.1E-3
410.0E-3,-906.1E-3
411.0E-3,-906.1E-3
412.0E-3,-906.1E-3
413.0E-3,-906.1E-3
414.0E-3,-906.1E-3
415.0E-3,-906.1E-3
416.0E-3,-906.2E-3
417.0E-3,-906.2E-3
418.0E-3,-906.2E-3
419.0E-3,-906.2E-3
420.0E-3,-906.2E-3
421.0E-3,-906.2E-3
422.0E-3,-906.2E-3
423.0E-3,-906.2E-3
424.0E-3,-906.2E-3
425.0E-3,-906.2E-3
426.0E-3,-906.2E-3
427.0E-3,-906.2E-3
428.0E-3,-906.2E-3
429.0E-3,-906.2E-3
430.0E-3,-906.2E-3
431.0E-3,-906.2E-3
432.0E-3,-906.2E-3
433.0E-3,-906.2E-3
434.0E-3,-906.2E-3
435.0E-3,-906.2E-3
436.0E-3,-906.2E-3
437.0E-3,-906.2E-3
438.0E-3,-906.2E-3
439.0E-3,-906.2E-3
440.0E-3,-906.2E-3
441.0E-3,-906.2E-3
442.0E-3,-906.2E-3
443.0E-3,-906.2E-3
444.0E-3,-906.2E-3
445.0E-3,-906.3E-3
446.0E-3,-906.3E-3
447.0E-3,-906.3E-3
448.0E-3,-906.3E-3
449.0E-3,-906.3E-3
450.0E-3,-906.3E-3
451.0E-3,-906.3E-3
452.0E-3,-906.3E-3
453.0E-3,-906.3E-3
454.0E-3,-906.3E-3
455.0E-3,-906.3E-3
456.0E-3,-906.3E-3
457.0E-3,-906.3E-3
458.0E-3,-906.3E-3
459.0E-3,-906.3E-3
460.0E-3,-906.3E-3
461.0E-3,-906.3E-3
462.0E-3,-906.3E-3
463.0E-3,-906.3E-3
464.0E-3,-906.3E-3
465.0E-3,-906.3E-3
466.0E-3,-906.3E-3
467.0E-3,-906.3E-3
468.0E-3,-906.3E-3
469.0E-3,-906.3E-3
470.0E-3,-906.3E-3
471.0E-3,-906.3E-3
472.0E-3,-906.3E-3
473.0E-3,-906.3E-3
474.0E-3,-906.3E-3
475.0E-3,-906.4E-3
476.0E-3,-906.4E-3
477.0E-3,-906.4E-3
478.0E-3,-906.4E-3
479.0E-3,-906.4E-3
480.0E-3,-906.4E-3
481.0E-3,-906.4E-3
482.0E-3,-906.4E-3
483.0E-3,-906.4E-3
484.0E-3,-906.4E-3
485.0E-3,-906.4E-3
486.0E-3,-906.4E-3
487.0E-3,-906.4E-3
488.0E-3,-906.4E-3
489.0E-3,-906.4E-3
490.0E-3,-906.4E-3
491.0E-3,-906.4E-3
492.0E-3,-906.4E-3
493.0E-3,-906.4E-3
494.0E-3,-906.4E-3
495.0E-3,-906.4E-3
496.0E-3,-906.4E-3
497.0E-3,-906.4E-3
498.0E-3,-906.4E-3
499.0E-3,-906.4E-3
500.0E-3,-906.4E-3
501.0E-3,-906.4E-3
502.0E-3,-906.4E-3
503.0E-3,-906.4E-3
504.0E-3,-906.4E-3
505.0E-3,-906.4E-3
506.0E-3,-906.4E-3
507.0E-3,-906.4E-3
508.0E-3,-906.4E-3
509.0E-3,-906.5E-3
510.0E-3,-906.5E-3
511.0E-3,-906.5E-3
512.0E-3,-906.5E-3
513.0E-3,-906.5E-3
514.0E-3,-906.5E-3
515.0E-3,-906.5E-3
516.0E-3,-906.5E-3
517.0E-3,-906.5E-3
518.0E-3,-906.5E-3
519.0E-3,-906.5E-3
520.0E-3,-906.5E-3
521.0E-3,-906.5E-3
522.0E-3,-906.5E-3
523.0E-3,-906.5E-3
524.0E-3,-906.5E-3
525.0E-3,-906.5E-3
526.0E-3,-906.5E-3
527.0E-3,-906.5E-3
528.0E-3,-906.5E-3
529.0E-3,-906.5E-3
530.0E-3,-906.5E-3
531.0E-3,-906.5E-3
532.0E-3,-906.5E-3
533.0E-3,-906.5E-3
534.0E-3,-906.5E-3
535.0E-3,-906.5E-3
536.0E-3,-906.5E-3
537.0E-3,-906.5E-3
538.0E-3,-906.5E-3
539.0E-3,-906.5E-3
540.0E-3,-906.5E-3
541.0E-3,-906.5E-3
542.0E-3,-906.5E-3
543.0E-3,-906.5E-3
544.0E-3,-906.5E-3
545.0E-3,-906.5E-3
546.0E-3,-906.5E-3
547.0E-3,-906.5E-3
548.0E-3,-906.5E-3
549.0E-3,-906.6E-3
550.0E-3,-906.6E-3
551.0E-3,-906.6E-3
552.0E-3,-906.6E-3
553.0E-3,-906.6E-3
554.0E-3,-906.6E-3
555.0E-3,-906.6E-3
556.0E-3,-906.6E-3
557.0E-3,-906.6E-3
558.0E-3,-906.6E-3
559.0E-3,-906.6E-3
560.0E-3,-906.6E-3
561.0E-3,-906.6E-3
562.0E-3,-906.6E-3
563.0E-3,-906.6E-3
564.0E-3,-906.6E-3
565.0E-3,-906.6E-3
566.0E-3,-906.6E-3
567.0E-3,-906.6E-3
568.0E-3,-906.6E-3
569.0E-3,-906.6E-3
570.0E-3,-906.6E-3
571.0E-3,-906.6E-3
572.0E-3,-906.6E-3
573.0E-3,-906.6E-3
574.0E-3,-906.6E-3
575.0E-3,-906.6E-3
576.0E-3,-906.6E-3
577.0E-3,-906.6E-3
578.0E-3,-906.6E-3
579.0E-3,-906.6E-3
580.0E-3,-906.6E-3
581.0E-3,-906.6E-3
582.0E-3,-906.6E-3
583.0E-3,-906.6E-3
584.0E-3,-906.6E-3
585.0E-3,-906.6E-3
586.0E-3,-906.6E-3
587.0E-3,-906.6E-3
588.0E-3,-906.6E-3
589.0E-3,-906.6E-3
590.0E-3,-906.6E-3
591.0E-3,-906.6E-3
592.0E-3,-906.6E-3
593.0E-3,-906.6E-3
594.0E-3,-906.6E-3
595.0E-3,-906.6E-3
596.0E-3,-906.6E-3
597.0E-3,-906.6E-3
598.0E-3,-906.6E-3
599.0E-3,-906.6E-3
600.0E-3,-906.6E-3
601.0E-3,-906.6E-3
602.0E-3,-906.6E-3
603.0E-3,-906.6E-3
604.0E-3,-906.6E-3
605.0E-3,-906.6E-3
606.0E-3,-906.6E-3
607.0E-3,-906.6E-3
608.0E-3,-906.6E-3
609.0E-3,-906.6E-3
610.0E-3,-906.6E-3
611.0E-3,-906.6E-3
612.0E-3,-906.6E-3
613.0E-3,-906.6E-3
614.0E-3,-906.6E-3
615.0E-3,-906.7E-3
616.0E-3,-906.7E-3
617.0E-3,-906.7E-3
618.0E-3,-906.7E-3
619.0E-3,-906.7E-3
620.0E-3,-906.7E-3
621.0E-3,-906.7E-3
622.0E-3,-906.7E-3
623.0E-3,-906.7E-3
624.0E-3,-906.7E-3
625.0E-3,-906.7E-3
626.0E-3,-906.7E-3
627.0E-3,-906.7E-3
628.0E-3,-906.7E-3
629.0E-3,-906.7E-3
630.0E-3,-906.7E-3
631.0E-3,-906.7E-3
632.0E-3,-906.7E-3
633.0E-3,-906.7E-3
634.0E-3,-906.7E-3
635.0E-3,-906.7E-3
636.0E-3,-906.7E-3
637.0E-3,-906.7E-3
638.0E-3,-906.7E-3
639.0E-3,-906.7E-3
640.0E-3,-906.7E-3
641.0E-3,-906.7E-3
642.0E-3,-906.7E-3
643.0E-3,-906.7E-3
644.0E-3,-906.7E-3
645.0E-3,-906.7E-3
646.0E-3,-906.7E-3
647.0E-3,-906.7E-3
648.0E-3,-906.7E-3
649.0E-3,-906.7E-3
650.0E-3,-906.7E-3
651.0E-3,-906.7E-3
652.0E-3,-906.7E-3
653.0E-3,-906.7E-3
654.0E-3,-906.7E-3
655.0E-3,-906.7E-3
656.0E-3,-906.7E-3
657.0E-3,-906.7E-3
658.0E-3,-906.7E-3
659.0E-3,-906.7E-3
660.0E-3,-906.7E-3
661.0E-3,-906.7E-3
662.0E-3,-906.7E-3
663.0E-3,-906.7E-3
664.0E-3,-906.7E-3
665.0E-3,-906.7E-3
666.0E-3,-906.7E-3
667.0E-3,-906.7E-3
668.0E-3,-906.7E-3
669.0E-3,-906.7E-3
670.0E-3,-906.7E-3
671.0E-3,-906.7E-3
672.0E-3,-906.7E-3
673.0E-3,-906.7E-3
674.0E-3,-906.7E-3
675.0E-3,-906.7E-3
676.0E-3,-906.7E-3
677.0E-3,-906.7E-3
678.0E-3,-906.7E-3
679.0E-3,-906.7E-3
680.0E-3,-906.7E-3
681.0E-3,-906.7E-3
682.0E-3,-906.7E-3
683.0E-3,-906.7E-3
684.0E-3,-906.7E-3
685.0E-3,-906.7E-3
686.0E-3,-906.7E-3
687.0E-3,-906.7E-3
688.0E-3,-906.7E-3
689.0E-3,-906.7E-3
690.0E-3,-906.7E-3
691.0E-3,-906.7E-3
692.0E-3,-906.7E-3
693.0E-3,-906.7E-3
694.0E-3,-906.7E-3
695.0E-3,-906.7E-3
696.0E-3,-906.7E-3
697.0E-3,-906.7E-3
698.0E-3,-906.7E-3
699.0E-3,-906.7E-3
700.0E-3,-906.7E-3
701.0E-3,-906.7E-3
702.0E-3,-906.7E-3
703.0E-3,-906.7E-3
704.0E-3,-906.7E-3
705.0E-3,-906.7E-3
706.0E-3,-906.7E-3
707.0E-3,-906.7E-3
708.0E-3,-906.7E-3
709.0E-3,-906.7E-3
710.0E-3,-906.7E-3
711.0E-3,-906.7E-3
712.0E-3,-906.7E-3
713.0E-3,-906.7E-3
714.0E-3,-906.7E-3
715.0E-3,-906.7E-3
716.0E-3,-906.7E-3
717.0E-3,-906.7E-3
718.0E-3,-906.7E-3
719.0E-3,-906.7E-3
720.0E-3,-906.7E-3
721.0E-3,-906.7E-3
722.0E-3,-906.7E-3
723.0E-3,-906.7E-3
724.0E-3,-906.7E-3
725.0E-3,-906.7E-3
726.0E-3,-906.7E-3
727.0E-3,-906.7E-3
728.0E-3,-906.7E-3
729.0E-3,-906.7E-3
730.0E-3,-906.7E-3
731.0E-3,-906.7E-3
732.0E-3,-906.7E-3
733.0E-3,-906.7E-3
734.0E-3,-906.7E-3
735.0E-3,-906.7E-3
736.0E-3,-906.7E-3
737.0E-3,-906.7E-3
738.0E-3,-906.7E-3
739.0E-3,-906.7E-3
740.0E-3,-906.7E-3
741.0E-3,-906.7E-3
742.0E-3,-906.7E-3
743.0E-3,-906.7E-3
744.0E-3,-906.7E-3
745.0E-3,-906.7E-3
746.0E-3,-906.7E-3
747.0E-3,-906.7E-3
748.0E-3,-906.7E-3
749.0E-3,-906.7E-3
750.0E-3,-906.7E-3
751.0E-3,-906.7E-3
752.0E-3,-906.7E-3
753.0E-3,-906.7E-3
754.0E-3,-906.7E-3
755.0E-3,-906.7E-3
756.0E-3,-906.7E-3
757.0E-3,-906.7E-3
758.0E-3,-906.7E-3
759.0E-3,-906.7E-3
760.0E-3,-906.7E-3
761.0E-3,-906.7E-3
762.0E-3,-906.7E-3
763.0E-3,-906.7E-3
764.0E-3,-906.7E-3
765.0E-3,-906.7E-3
766.0E-3,-906.7E-3
767.0E-3,-906.7E-3
768.0E-3,-906.7E-3
769.0E-3,-906.7E-3
770.0E-3,-906.7E-3
771.0E-3,-906.7E-3
772.0E-3,-906.7E-3
773.0E-3,-906.7E-3
774.0E-3,-906.7E-3
775.0E-3,-906.7E-3
776.0E-3,-906.7E-3
777.0E-3,-906.7E-3
778.0E-3,-906.7E-3
779.0E-3,-906.7E-3
780.0E-3,-906.7E-3
781.0E-3,-906.7E-3
782.0E-3,-906.7E-3
783.0E-3,-906.7E-3
784.0E-3,-906.7E-3
785.0E-3,-906.7E-3
786.0E-3,-906.7E-3
787.0E-3,-906.7E-3
788.0E-3,-906.7E-3
789.0E-3,-906.7E-3
790.0E-3,-906.7E-3
791.0E-3,-906.7E-3
792.0E-3,-906.7E-3
793.0E-3,-906.7E-3
794.0E-3,-906.7E-3
795.0E-3,-906.7E-3
796.0E-3,-906.8E-3
797.0E-3,-906.8E-3
798.0E-3,-906.8E-3
799.0E-3,-906.8E-3
800.0E-3,-906.8E-3
801.0E-3,-906.8E-3
802.0E-3,-906.8E-3
803.0E-3,-906.8E-3
804.0E-3,-906.8E-3
805.0E-3,-906.8E-3
806.0E-3,-906.8E-3
807.0E-3,-906.8E-3
808.0E-3,-906.8E-3
809.0E-3,-906.8E-3
810.0E-3,-906.8E-3
811.0E-3,-906.8E-3
812.0E-3,-906.8E-3
813.0E-3,-906.8E-3
814.0E-3,-906.8E-3
815.0E-3,-906.8E-3
816.0E-3,-906.8E-3
817.0E-3,-906.8E-3
818.0E-3,-906.8E-3
819.0E-3,-906.8E-3
820.0E-3,-906.8E-3
821.0E-3,-906.8E-3
822.0E-3,-906.8E-3
823.0E-3,-906.8E-3
824.0E-3,-906.8E-3
825.0E-3,-906.8E-3
826.0E-3,-906.8E-3
827.0E-3,-906.8E-3
828.0E-3,-906.8E-3
829.0E-3,-906.8E-3
830.0E-3,-906.8E-3
831.0E-3,-906.8E-3
832.0E-3,-906.8E-3
833.0E-3,-906.8E-3
834.0E-3,-906.8E-3
835.0E-3,-906.8E-3
836.0E-3,-906.8E-3
837.0E-3,-906.8E-3
838.0E-3,-906.8E-3
839.0E-3,-906.8E-3
840.0E-3,-906.8E-3
841.0E-3,-906.8E-3
842.0E-3,-906.8E-3
843.0E-3,-906.8E-3
844.0E-3,-906.8E-3
845.0E-3,-906.8E-3
846.0E-3,-906.8E-3
847.0E-3,-906.8E-3
848.0E-3,-906.8E-3
849.0E-3,-906.8E-3
850.0E-3,-906.8E-3
851.0E-3,-906.8E-3
852.0E-3,-906.8E-3
853.0E-3,-906.8E-3
854.0E-3,-906.8E-3
855.0E-3,-906.8E-3
856.0E-3,-906.8E-3
857.0E-3,-906.8E-3
858.0E-3,-906.8E-3
859.0E-3,-906.8E-3
860.0E-3,-906.8E-3
861.0E-3,-906.8E-3
862.0E-3,-906.8E-3
863.0E-3,-906.8E-3
864.0E-3,-906.8E-3
865.0E-3,-906.8E-3
866.0E-3,-906.8E-3
867.0E-3,-906.8E-3
868.0E-3,-906.8E-3
869.0E-3,-906.8E-3
870.0E-3,-906.8E-3
871.0E-3,-906.8E-3
872.0E-3,-906.8E-3
873.0E-3,-906.8E-3
874.0E-3,-906.8E-3
875.0E-3,-906.8E-3
876.0E-3,-906.8E-3
877.0E-3,-906.8E-3
878.0E-3,-906.8E-3
879.0E-3,-906.8E-3
880.0E-3,-906.8E-3
881.0E-3,-906.8E-3
882.0E-3,-906.8E-3
883.0E-3,-906.8E-3
884.0E-3,-906.8E-3
885.0E-3,-906.8E-3
886.0E-3,-906.8E-3
887.0E-3,-906.8E-3
888.0E-3,-906.8E-3
889.0E-3,-906.8E-3
890.0E-3,-906.8E-3
891.0E-3,-906.8E-3
892.0E-3,-906.8E-3
893.0E-3,-906.8E-3
894.0E-3,-906.8E-3
895.0E-3,-906.8E-3
896.0E-3,-906.8E-3
897.0E-3,-906.8E-3
898.0E-3,-906.8E-3
899.0E-3,-906.8E-3
900.0E-3,-906.8E-3
901.0E-3,-906.8E-3
902.0E-3,-906.8E-3
903.0E-3,-906.8E-3
904.0E-3,-906.8E-3
905.0E-3,-906.8E-3
906.0E-3,-906.8E-3
907.0E-3,-906.8E-3
908.0E-3,-906.8E-3
909.0E-3,-906.8E-3
910.0E-3,-906.8E-3
911.0E-3,-906.8E-3
912.0E-3,-906.8E-3
913.0E-3,-906.8E-3
914.0E-3,-906.8E-3
915.0E-3,-906.8E-3
916.0E-3,-906.8E-3
917.0E-3,-906.8E-3
918.0E-3,-906.8E-3
919.0E-3,-906.8E-3
920.0E-3,-906.8E-3
921.0E-3,-906.8E-3
922.0E-3,-906.8E-3
923.0E-3,-906.8E-3
924.0E-3,-906.8E-3
925.0E-3,-906.8E-3
926.0E-3,-906.8E-3
927.0E-3,-906.8E-3
928.0E-3,-906.8E-3
929.0E-3,-906.8E-3
930.0E-3,-906.8E-3
931.0E-3,-906.8E-3
932.0E-3,-906.8E-3
933.0E-3,-906.8E-3
934.0E-3,-906.8E-3
935.0E-3,-906.8E-3
936.0E-3,-906.8E-3
937.0E-3,-906.8E-3
938.0E-3,-906.8E-3
939.0E-3,-906.8E-3
940.0E-3,-906.8E-3
941.0E-3,-906.8E-3
942.0E-3,-906.8E-3
943.0E-3,-906.8E-3
944.0E-3,-906.8E-3
945.0E-3,-906.8E-3
946.0E-3,-906.8E-3
947.0E-3,-906.8E-3
948.0E-3,-906.8E-3
949.0E-3,-906.8E-3
950.0E-3,-906.8E-3
951.0E-3,-906.8E-3
952.0E-3,-906.8E-3
953.0E-3,-906.8E-3
954.0E-3,-906.8E-3
955.0E-3,-906.8E-3
956.0E-3,-906.8E-3
957.0E-3,-906.8E-3
958.0E-3,-906.8E-3
959.0E-3,-906.8E-3
960.0E-3,-906.8E-3
961.0E-3,-906.8E-3
962.0E-3,-906.8E-3
963.0E-3,-906.8E-3
964.0E-3,-906.8E-3
965.0E-3,-906.8E-3
966.0E-3,-906.8E-3
967.0E-3,-906.8E-3
968.0E-3,-906.8E-3
969.0E-3,-906.8E-3
970.0E-3,-906.8E-3
971.0E-3,-906.8E-3
972.0E-3,-906.8E-3
973.0E-3,-906.8E-3
974.0E-3,-906.8E-3
975.0E-3,-906.8E-3
976.0E-3,-906.8E-3
977.0E-3,-906.8E-3
978.0E-3,-906.8E-3
979.0E-3,-906.8E-3
980.0E-3,-906.8E-3
981.0E-3,-906.8E-3
982.0E-3,-906.8E-3
983.0E-3,-906.8E-3
984.0E-3,-906.8E-3
985.0E-3,-906.8E-3
986.0E-3,-906.8E-3
987.0E-3,-906.8E-3
988.0E-3,-906.8E-3
989.0E-3,-906.8E-3
990.0E-3,-906.8E-3
991.0E-3,-906.8E-3
992.0E-3,-906.8E-3
993.0E-3,-906.8E-3
994.0E-3,-906.8E-3
995.0E-3,-906.8E-3
996.0E-3,-906.8E-3
997.0E-3,-906.8E-3
998.0E-3,-906.8E-3
999.0E-3,-906.8E-3
1.000,-906.8E-3
1.001,-906.8E-3
1.002,-906.8E-3
1.003,-906.8E-3
1.004,-906.8E-3
1.005,-906.8E-3
1.006,-906.8E-3
1.007,-906.8E-3
1.008,-906.8E-3
1.009,-906.8E-3
1.010,-906.8E-3
1.011,-906.8E-3
1.012,-906.8E-3
1.013,-906.8E-3
1.014,-906.8E-3
1.015,-906.8E-3
1.016,-906.8E-3
1.017,-906.8E-3
1.018,-906.8E-3
1.019,-906.8E-3
1.020,-906.8E-3
1.021,-906.8E-3
1.022,-906.8E-3
1.023,-906.8E-3
1.024,-906.8E-3
1.025,-906.8E-3
1.026,-906.8E-3
1.027,-906.8E-3
1.028,-906.8E-3
1.029,-906.8E-3
1.030,-906.8E-3
1.031,-906.8E-3
1.032,-906.8E-3
1.033,-906.8E-3
1.034,-906.8E-3
1.035,-906.8E-3
1.036,-906.8E-3
1.037,-906.8E-3
1.038,-906.8E-3
1.039,-906.8E-3
1.040,-906.8E-3
1.041,-906.8E-3
1.042,-906.8E-3
1.043,-906.8E-3
1.044,-906.8E-3
1.045,-906.8E-3
1.046,-906.8E-3
1.047,-906.8E-3
1.048,-906.8E-3
1.049,-906.8E-3
1.050,-906.8E-3
1.051,-906.8E-3
1.052,-906.8E-3
1.053,-906.8E-3
1.054,-906.8E-3
1.055,-906.8E-3
1.056,-906.8E-3
1.057,-906.8E-3
1.058,-906.8E-3
1.059,-906.8E-3
1.060,-906.8E-3
1.061,-906.8E-3
1.062,-906.8E-3
1.063,-906.8E-3
1.064,-906.8E-3
1.065,-906.8E-3
1.066,-906.8E-3
1.067,-906.8E-3
1.068,-906.8E-3
1.069,-906.8E-3
1.070,-906.8E-3
1.071,-906.8E-3
1.072,-906.8E-3
1.073,-906.8E-3
1.074,-906.8E-3
1.075,-906.8E-3
1.076,-906.8E-3
1.077,-906.8E-3
1.078,-906.8E-3
1.079,-906.8E-3
1.080,-906.8E-3
1.081,-906.8E-3
1.082,-906.8E-3
1.083,-906.8E-3
1.084,-906.8E-3
1.085,-906.8E-3
1.086,-906.8E-3
1.087,-906.8E-3
1.088,-906.8E-3
1.089,-906.8E-3
1.090,-906.8E-3
1.091,-906.8E-3
1.092,-906.8E-3
1.093,-906.8E-3
1.094,-906.8E-3
1.095,-906.8E-3
1.096,-906.8E-3
1.097,-906.8E-3
1.098,-906.8E-3
1.099,-906.8E-3
1.100,-906.8E-3
1.101,-906.8E-3
1.102,-906.8E-3
1.103,-906.8E-3
1.104,-906.8E-3
1.105,-906.8E-3
1.106,-906.8E-3
1.107,-906.8E-3
1.108,-906.8E-3
1.109,-906.8E-3
1.110,-906.8E-3
1.111,-906.8E-3
1.112,-906.8E-3
1.113,-906.8E-3
1.114,-906.8E-3
1.115,-906.8E-3
1.116,-906.8E-3
1.117,-906.8E-3
1.118,-906.8E-3
1.119,-906.8E-3
1.120,-906.8E-3
1.121,-906.8E-3
1.122,-906.8E-3
1.123,-906.8E-3
1.124,-906.8E-3
1.125,-906.8E-3
1.126,-906.8E-3
1.127,-906.8E-3
1.128,-906.8E-3
1.129,-906.8E-3
1.130,-906.8E-3
1.131,-906.8E-3
1.132,-906.8E-3
1.133,-906.8E-3
1.134,-906.8E-3
1.135,-906.8E-3
1.136,-906.8E-3
1.137,-906.8E-3
1.138,-906.8E-3
1.139,-906.8E-3
1.140,-906.8E-3
1.141,-906.8E-3
1.142,-906.8E-3
1.143,-906.8E-3
1.144,-906.8E-3
1.145,-906.8E-3
1.146,-906.8E-3
1.147,-906.8E-3
1.148,-906.8E-3
1.149,-906.8E-3
1.150,-906.8E-3
1.151,-906.8E-3
1.152,-906.8E-3
1.153,-906.8E-3
1.154,-906.8E-3
1.155,-906.8E-3
1.156,-906.8E-3
1.157,-906.8E-3
1.158,-906.8E-3
1.159,-906.8E-3
1.160,-906.8E-3
1.161,-906.8E-3
1.162,-906.8E-3
1.163,-906.8E-3
1.164,-906.8E-3
1.165,-906.8E-3
1.166,-906.8E-3
1.167,-906.8E-3
1.168,-906.8E-3
1.169,-906.8E-3
1.170,-906.8E-3
1.171,-906.8E-3
1.172,-906.8E-3
1.173,-906.8E-3
1.174,-906.8E-3
1.175,-906.8E-3
1.176,-906.8E-3
1.177,-906.8E-3
1.178,-906.8E-3
1.179,-906.8E-3
1.180,-906.8E-3
1.181,-906.8E-3
1.182,-906.8E-3
1.183,-906.8E-3
1.184,-906.8E-3
1.185,-906.8E-3
1.186,-906.8E-3
1.187,-906.8E-3
1.188,-906.8E-3
1.189,-906.8E-3
1.190,-906.8E-3
1.191,-906.8E-3
1.192,-906.8E-3
1.193,-906.8E-3
1.194,-906.8E-3
1.195,-906.8E-3
1.196,-906.8E-3
1.197,-906.8E-3
1.198,-906.8E-3
1.199,-906.8E-3
1.200,-906.8E-3
1.201,-906.8E-3
1.202,-906.8E-3
1.203,-906.8E-3
1.204,-906.8E-3
1.205,-906.8E-3
1.206,-906.8E-3
1.207,-906.8E-3
1.208,-906.8E-3
1.209,-906.8E-3
1.210,-906.8E-3
1.211,-906.8E-3
1.212,-906.8E-3
1.213,-906.8E-3
1.214,-906.8E-3
1.215,-906.8E-3
1.216,-906.8E-3
1.217,-906.8E-3
1.218,-906.8E-3
1.219,-906.8E-3
1.220,-906.8E-3
1.221,-906.8E-3
1.222,-906.8E-3
1.223,-906.8E-3
1.224,-906.8E-3
1.225,-906.8E-3
1.226,-906.8E-3
1.227,-906.8E-3
1.228,-906.8E-3
1.229,-906.8E-3
1.230,-906.8E-3
1.231,-906.8E-3
1.232,-906.8E-3
1.233,-906.8E-3
1.234,-906.8E-3
1.235,-906.8E-3
1.236,-906.8E-3
1.237,-906.8E-3
1.238,-906.8E-3
1.239,-906.8E-3
1.240,-906.8E-3
1.241,-906.8E-3
1.242,-906.8E-3
1.243,-906.8E-3
1.244,-906.8E-3
1.245,-906.8E-3
1.246,-906.8E-3
1.247,-906.8E-3
1.248,-906.8E-3
1.249,-906.8E-3
1.250,-906.8E-3
1.251,-906.8E-3
1.252,-906.8E-3
1.253,-906.8E-3
1.254,-906.8E-3
1.255,-906.8E-3
1.256,-906.8E-3
1.257,-906.8E-3
1.258,-906.8E-3
1.259,-906.8E-3
1.260,-906.8E-3
1.261,-906.8E-3
1.262,-906.8E-3
1.263,-906.8E-3
1.264,-906.8E-3
1.265,-906.8E-3
1.266,-906.8E-3
1.267,-906.8E-3
1.268,-906.8E-3
1.269,-906.8E-3
1.270,-906.8E-3
1.271,-906.8E-3
1.272,-906.8E-3
1.273,-906.8E-3
1.274,-906.8E-3
1.275,-906.8E-3
1.276,-906.8E-3
1.277,-906.8E-3
1.278,-906.8E-3
1.279,-906.8E-3
1.280,-906.8E-3
1.281,-906.8E-3
1.282,-906.8E-3
1.283,-906.8E-3
1.284,-906.8E-3
1.285,-906.8E-3
1.286,-906.8E-3
1.287,-906.8E-3
1.288,-906.8E-3
1.289,-906.8E-3
1.290,-906.8E-3
1.291,-906.8E-3
1.292,-906.8E-3
1.293,-906.8E-3
1.294,-906.8E-3
1.295,-906.8E-3
1.296,-906.8E-3
1.297,-906.8E-3
1.298,-906.8E-3
1.299,-906.8E-3
1.300,-906.8E-3
1.301,-906.8E-3
1.302,-906.8E-3
1.303,-906.8E-3
1.304,-906.8E-3
1.305,-906.8E-3
1.306,-906.8E-3
1.307,-906.8E-3
1.308,-906.8E-3
1.309,-906.8E-3
1.310,-906.8E-3
1.311,-906.8E-3
1.312,-906.8E-3
1.313,-906.8E-3
1.314,-906.8E-3
1.315,-906.8E-3
1.316,-906.8E-3
1.317,-906.8E-3
1.318,-906.8E-3
1.319,-906.8E-3
1.320,-906.8E-3
1.321,-906.8E-3
1.322,-906.8E-3
1.323,-906.8E-3
1.324,-906.8E-3
1.325,-906.8E-3
1.326,-906.8E-3
1.327,-906.8E-3
1.328,-906.8E-3
1.329,-906.8E-3
1.330,-906.8E-3
1.331,-906.8E-3
1.332,-906.8E-3
1.333,-906.8E-3
1.334,-906.8E-3
1.335,-906.8E-3
1.336,-906.8E-3
1.337,-906.8E-3
1.338,-906.8E-3
1.339,-906.8E-3
1.340,-906.8E-3
1.341,-906.8E-3
1.342,-906.8E-3
1.343,-906.8E-3
1.344,-906.8E-3
1.345,-906.8E-3
1.346,-906.8E-3
1.347,-906.8E-3
1.348,-906.8E-3
1.349,-906.8E-3
1.350,-906.8E-3
1.351,-906.8E-3
1.352,-906.8E-3
1.353,-906.8E-3
1.354,-906.8E-3
1.355,-906.8E-3
1.356,-906.8E-3
1.357,-906.8E-3
1.358,-906.8E-3
1.359,-906.8E-3
1.360,-906.8E-3
1.361,-906.8E-3
1.362,-906.8E-3
1.363,-906.8E-3
1.364,-906.8E-3
1.365,-906.8E-3
1.366,-906.8E-3
1.367,-906.8E-3
1.368,-906.8E-3
1.369,-906.8E-3
1.370,-906.8E-3
1.371,-906.8E-3
1.372,-906.8E-3
1.373,-906.8E-3
1.374,-906.8E-3
1.375,-906.8E-3
1.376,-906.8E-3
1.377,-906.8E-3
1.378,-906.8E-3
1.379,-906.8E-3
1.380,-906.8E-3
1.381,-906.8E-3
1.382,-906.8E-3
1.383,-906.8E-3
1.384,-906.8E-3
1.385,-906.8E-3
1.386,-906.8E-3
1.387,-906.8E-3
1.388,-906.8E-3
1.389,-906.8E-3
1.390,-906.8E-3
1.391,-906.8E-3
1.392,-906.8E-3
1.393,-906.8E-3
1.394,-906.8E-3
1.395,-906.8E-3
1.396,-906.8E-3
1.397,-906.8E-3
1.398,-906.8E-3
1.399,-906.8E-3
1.400,-906.8E-3
1.401,-906.8E-3
1.402,-906.8E-3
1.403,-906.8E-3
1.404,-906.8E-3
1.405,-906.8E-3
1.406,-906.8E-3
1.407,-906.8E-3
1.408,-906.8E-3
1.409,-906.8E-3
1.410,-906.8E-3
1.411,-906.8E-3
1.412,-906.8E-3
1.413,-906.8E-3
1.414,-906.8E-3
1.415,-906.8E-3
1.416,-906.8E-3
1.417,-906.8E-3
1.418,-906.8E-3
1.419,-906.8E-3
1.420,-906.8E-3
1.421,-906.8E-3
1.422,-906.8E-3
1.423,-906.8E-3
1.424,-906.8E-3
1.425,-906.8E-3
1.426,-906.8E-3
1.427,-906.8E-3
1.428,-906.8E-3
1.429,-906.8E-3
1.430,-906.8E-3
1.431,-906.8E-3
1.432,-906.8E-3
1.433,-906.8E-3
1.434,-906.8E-3
1.435,-906.8E-3
1.436,-906.8E-3
1.437,-906.8E-3
1.438,-906.8E-3
1.439,-906.8E-3
1.440,-906.8E-3
1.441,-906.8E-3
1.442,-906.8E-3
1.443,-906.8E-3
1.444,-906.8E-3
1.445,-906.8E-3
1.446,-906.8E-3
1.447,-906.8E-3
1.448,-906.8E-3
1.449,-906.8E-3
1.450,-906.8E-3
1.451,-906.8E-3
1.452,-906.8E-3
1.453,-906.8E-3
1.454,-906.8E-3
1.455,-906.8E-3
1.456,-906.8E-3
1.457,-906.8E-3
1.458,-906.8E-3
1.459,-906.8E-3
1.460,-906.8E-3
1.461,-906.8E-3
1.462,-906.8E-3
1.463,-906.8E-3
1.464,-906.8E-3
1.465,-906.8E-3
1.466,-906.8E-3
1.467,-906.8E-3
1.468,-906.8E-3
1.469,-906.8E-3
1.470,-906.8E-3
1.471,-906.8E-3
1.472,-906.8E-3
1.473,-906.8E-3
1.474,-906.8E-3
1.475,-906.8E-3
1.476,-906.8E-3
1.477,-906.8E-3
1.478,-906.8E-3
1.479,-906.8E-3
1.480,-906.8E-3
1.481,-906.8E-3
1.482,-906.8E-3
1.483,-906.8E-3
1.484,-906.8E-3
1.485,-906.8E-3
1.486,-906.8E-3
1.487,-906.8E-3
1.488,-906.8E-3
1.489,-906.8E-3
1.490,-906.8E-3
1.491,-906.8E-3
1.492,-906.8E-3
1.493,-906.8E-3
1.494,-906.8E-3
1.495,-906.8E-3
1.496,-906.8E-3
1.497,-906.8E-3
1.498,-906.8E-3
1.499,-906.8E-3
1.500,-906.8E-3
1.501,-906.8E-3
1.502,-906.8E-3
1.503,-906.8E-3
1.504,-906.8E-3
1.505,-906.8E-3
1.506,-906.8E-3
1.507,-906.8E-3
1.508,-906.8E-3
1.509,-906.8E-3
1.510,-906.8E-3
1.511,-906.8E-3
1.512,-906.8E-3
1.513,-906.8E-3
1.514,-906.8E-3
1.515,-906.8E-3
1.516,-906.8E-3
1.517,-906.8E-3
1.518,-906.8E-3
1.519,-906.8E-3
1.520,-906.8E-3
1.521,-906.8E-3
1.522,-906.8E-3
1.523,-906.8E-3
1.524,-906.8E-3
1.525,-906.8E-3
1.526,-906.8E-3
1.527,-906.8E-3
1.528,-906.8E-3
1.529,-906.8E-3
1.530,-906.8E-3
1.531,-906.8E-3
1.532,-906.8E-3
1.533,-906.8E-3
1.534,-906.8E-3
1.535,-906.8E-3
1.536,-906.8E-3
1.537,-906.8E-3
1.538,-906.8E-3
1.539,-906.8E-3
1.540,-906.8E-3
1.541,-906.8E-3
1.542,-906.8E-3
1.543,-906.8E-3
1.544,-906.8E-3
1.545,-906.8E-3
1.546,-906.8E-3
1.547,-906.8E-3
1.548,-906.8E-3
1.549,-906.8E-3
1.550,-906.8E-3
1.551,-906.8E-3
1.552,-906.8E-3
1.553,-906.8E-3
1.554,-906.8E-3
1.555,-906.8E-3
1.556,-906.8E-3
1.557,-906.8E-3
1.558,-906.8E-3
1.559,-906.8E-3
1.560,-906.8E-3
1.561,-906.8E-3
1.562,-906.8E-3
1.563,-906.8E-3
1.564,-906.8E-3
1.565,-906.8E-3
1.566,-906.8E-3
1.567,-906.8E-3
1.568,-906.8E-3
1.569,-906.8E-3
1.570,-906.8E-3
1.571,-906.8E-3
1.572,-906.8E-3
1.573,-906.8E-3
1.574,-906.8E-3
1.575,-906.8E-3
1.576,-906.8E-3
1.577,-906.8E-3
1.578,-906.8E-3
1.579,-906.8E-3
1.580,-906.8E-3
1.581,-906.8E-3
1.582,-906.8E-3
1.583,-906.8E-3
1.584,-906.8E-3
1.585,-906.8E-3
1.586,-906.8E-3
1.587,-906.8E-3
1.588,-906.8E-3
1.589,-906.8E-3
1.590,-906.8E-3
1.591,-906.8E-3
1.592,-906.8E-3
1.593,-906.8E-3
1.594,-906.8E-3
1.595,-906.8E-3
1.596,-906.8E-3
1.597,-906.8E-3
1.598,-906.8E-3
1.599,-906.8E-3
1.600,-906.8E-3
1.601,-906.8E-3
1.602,-906.8E-3
1.603,-906.8E-3
1.604,-906.8E-3
1.605,-906.8E-3
1.606,-906.8E-3
1.607,-906.8E-3
1.608,-906.8E-3
1.609,-906.8E-3
1.610,-906.8E-3
1.611,-906.8E-3
1.612,-906.8E-3
1.613,-906.8E-3
1.614,-906.8E-3
1.615,-906.8E-3
1.616,-906.8E-3
1.617,-906.8E-3
1.618,-906.8E-3
1.619,-906.8E-3
1.620,-906.8E-3
1.621,-906.8E-3
1.622,-906.8E-3
1.623,-906.8E-3
1.624,-906.8E-3
1.625,-906.8E-3
1.626,-906.8E-3
1.627,-906.8E-3
1.628,-906.8E-3
1.629,-906.8E-3
1.630,-906.8E-3
1.631,-906.8E-3
1.632,-906.8E-3
1.633,-906.8E-3
1.634,-906.8E-3
1.635,-906.8E-3
1.636,-906.8E-3
1.637,-906.8E-3
1.638,-906.8E-3
1.639,-906.8E-3
1.640,-906.8E-3
1.641,-906.8E-3
1.642,-906.8E-3
1.643,-906.8E-3
1.644,-906.8E-3
1.645,-906.8E-3
1.646,-906.8E-3
1.647,-906.8E-3
1.648,-906.8E-3
1.649,-906.8E-3
1.650,-906.8E-3
1.651,-906.8E-3
1.652,-906.8E-3
1.653,-906.8E-3
1.654,-906.8E-3
1.655,-906.8E-3
1.656,-906.8E-3
1.657,-906.8E-3
1.658,-906.8E-3
1.659,-906.8E-3
1.660,-906.8E-3
1.661,-906.8E-3
1.662,-906.8E-3
1.663,-906.8E-3
1.664,-906.8E-3
1.665,-906.8E-3
1.666,-906.8E-3
1.667,-906.8E-3
1.668,-906.8E-3
1.669,-906.8E-3
1.670,-906.8E-3
1.671,-906.8E-3
1.672,-906.8E-3
1.673,-906.8E-3
1.674,-906.8E-3
1.675,-906.8E-3
1.676,-906.8E-3
1.677,-906.8E-3
1.678,-906.8E-3
1.679,-906.8E-3
1.680,-906.8E-3
1.681,-906.8E-3
1.682,-906.8E-3
1.683,-906.8E-3
1.684,-906.8E-3
1.685,-906.8E-3
1.686,-906.8E-3
1.687,-906.8E-3
1.688,-906.8E-3
1.689,-906.8E-3
1.690,-906.8E-3
1.691,-906.8E-3
1.692,-906.8E-3
1.693,-906.8E-3
1.694,-906.8E-3
1.695,-906.8E-3
1.696,-906.8E-3
1.697,-906.8E-3
1.698,-906.8E-3
1.699,-906.8E-3
1.700,-906.8E-3
1.701,-906.8E-3
1.702,-906.8E-3
1.703,-906.8E-3
1.704,-906.8E-3
1.705,-906.8E-3
1.706,-906.8E-3
1.707,-906.8E-3
1.708,-906.8E-3
1.709,-906.8E-3
1.710,-906.8E-3
1.711,-906.8E-3
1.712,-906.8E-3
1.713,-906.8E-3
1.714,-906.8E-3
1.715,-906.8E-3
1.716,-906.8E-3
1.717,-906.8E-3
1.718,-906.8E-3
1.719,-906.8E-3
1.720,-906.8E-3
1.721,-906.8E-3
1.722,-906.8E-3
1.723,-906.8E-3
1.724,-906.8E-3
1.725,-906.8E-3
1.726,-906.8E-3
1.727,-906.8E-3
1.728,-906.8E-3
1.729,-906.8E-3
1.730,-906.8E-3
1.731,-906.8E-3
1.732,-906.8E-3
1.733,-906.8E-3
1.734,-906.8E-3
1.735,-906.8E-3
1.736,-906.8E-3
1.737,-906.8E-3
1.738,-906.8E-3
1.739,-906.8E-3
1.740,-906.8E-3
1.741,-906.8E-3
1.742,-906.8E-3
1.743,-906.8E-3
1.744,-906.8E-3
1.745,-906.8E-3
1.746,-906.8E-3
1.747,-906.8E-3
1.748,-906.8E-3
1.749,-906.8E-3
1.750,-906.8E-3
1.751,-906.8E-3
1.752,-906.8E-3
1.753,-906.8E-3
1.754,-906.8E-3
1.755,-906.8E-3
1.756,-906.8E-3
1.757,-906.8E-3
1.758,-906.8E-3
1.759,-906.8E-3
1.760,-906.8E-3
1.761,-906.8E-3
1.762,-906.8E-3
1.763,-906.8E-3
1.764,-906.8E-3
1.765,-906.8E-3
1.766,-906.8E-3
1.767,-906.8E-3
1.768,-906.8E-3
1.769,-906.8E-3
1.770,-906.8E-3
1.771,-906.8E-3
1.772,-906.8E-3
1.773,-906.8E-3
1.774,-906.8E-3
1.775,-906.8E-3
1.776,-906.8E-3
1.777,-906.8E-3
1.778,-906.8E-3
1.779,-906.8E-3
1.780,-906.8E-3
1.781,-906.8E-3
1.782,-906.8E-3
1.783,-906.8E-3
1.784,-906.8E-3
1.785,-906.8E-3
1.786,-906.8E-3
1.787,-906.8E-3
1.788,-906.8E-3
1.789,-906.8E-3
1.790,-906.8E-3
1.791,-906.8E-3
1.792,-906.8E-3
1.793,-906.8E-3
1.794,-906.8E-3
1.795,-906.8E-3
1.796,-906.8E-3
1.797,-906.8E-3
1.798,-906.8E-3
1.799,-906.8E-3
1.800,-906.8E-3
1.801,-906.8E-3
1.802,-906.8E-3
1.803,-906.8E-3
1.804,-906.8E-3
1.805,-906.8E-3
1.806,-906.8E-3
1.807,-906.8E-3
1.808,-906.8E-3
1.809,-906.8E-3
1.810,-906.8E-3
1.811,-906.8E-3
1.812,-906.8E-3
1.813,-906.8E-3
1.814,-906.8E-3
1.815,-906.8E-3
1.816,-906.8E-3
1.817,-906.8E-3
1.818,-906.8E-3
1.819,-906.8E-3
1.820,-906.8E-3
1.821,-906.8E-3
1.822,-906.8E-3
1.823,-906.8E-3
1.824,-906.8E-3
1.825,-906.8E-3
1.826,-906.8E-3
1.827,-906.8E-3
1.828,-906.8E-3
1.829,-906.8E-3
1.830,-906.8E-3
1.831,-906.8E-3
1.832,-906.8E-3
1.833,-906.8E-3
1.834,-906.8E-3
1.835,-906.8E-3
1.836,-906.8E-3
1.837,-906.8E-3
1.838,-906.8E-3
1.839,-906.8E-3
1.840,-906.8E-3
1.841,-906.8E-3
1.842,-906.8E-3
1.843,-906.8E-3
1.844,-906.8E-3
1.845,-906.8E-3
1.846,-906.8E-3
1.847,-906.8E-3
1.848,-906.8E-3
1.849,-906.8E-3
1.850,-906.8E-3
1.851,-906.8E-3
1.852,-906.8E-3
1.853,-906.8E-3
1.854,-906.8E-3
1.855,-906.8E-3
1.856,-906.8E-3
1.857,-906.8E-3
1.858,-906.8E-3
1.859,-906.8E-3
1.860,-906.8E-3
1.861,-906.8E-3
1.862,-906.8E-3
1.863,-906.8E-3
1.864,-906.8E-3
1.865,-906.8E-3
1.866,-906.8E-3
1.867,-906.8E-3
1.868,-906.8E-3
1.869,-906.8E-3
1.870,-906.8E-3
1.871,-906.8E-3
1.872,-906.8E-3
1.873,-906.8E-3
1.874,-906.8E-3
1.875,-906.8E-3
1.876,-906.8E-3
1.877,-906.8E-3
1.878,-906.8E-3
1.879,-906.8E-3
1.880,-906.8E-3
1.881,-906.8E-3
1.882,-906.8E-3
1.883,-906.8E-3
1.884,-906.8E-3
1.885,-906.8E-3
1.886,-906.8E-3
1.887,-906.8E-3
1.888,-906.8E-3
1.889,-906.8E-3
1.890,-906.8E-3
1.891,-906.8E-3
1.892,-906.8E-3
1.893,-906.8E-3
1.894,-906.8E-3
1.895,-906.8E-3
1.896,-906.8E-3
1.897,-906.8E-3
1.898,-906.8E-3
1.899,-906.8E-3
1.900,-906.8E-3
1.901,-906.8E-3
1.902,-906.8E-3
1.903,-906.8E-3
1.904,-906.8E-3
1.905,-906.8E-3
1.906,-906.8E-3
1.907,-906.8E-3
1.908,-906.8E-3
1.909,-906.8E-3
1.910,-906.8E-3
1.911,-906.8E-3
1.912,-906.8E-3
1.913,-906.8E-3
1.914,-906.8E-3
1.915,-906.8E-3
1.916,-906.8E-3
1.917,-906.8E-3
1.918,-906.8E-3
1.919,-906.8E-3
1.920,-906.8E-3
1.921,-906.8E-3
1.922,-906.8E-3
1.923,-906.8E-3
1.924,-906.8E-3
1.925,-906.8E-3
1.926,-906.8E-3
1.927,-906.8E-3
1.928,-906.8E-3
1.929,-906.8E-3
1.930,-906.8E-3
1.931,-906.8E-3
1.932,-906.8E-3
1.933,-906.8E-3
1.934,-906.8E-3
1.935,-906.8E-3
1.936,-906.8E-3
1.937,-906.8E-3
1.938,-906.8E-3
1.939,-906.8E-3
1.940,-906.8E-3
1.941,-906.8E-3
1.942,-906.8E-3
1.943,-906.8E-3
1.944,-906.8E-3
1.945,-906.8E-3
1.946,-906.8E-3
1.947,-906.8E-3
1.948,-906.8E-3
1.949,-906.8E-3
1.950,-906.8E-3
1.951,-906.8E-3
1.952,-906.8E-3
1.953,-906.8E-3
1.954,-906.8E-3
1.955,-906.8E-3
1.956,-906.8E-3
1.957,-906.8E-3
1.958,-906.8E-3
1.959,-906.8E-3
1.960,-906.8E-3
1.961,-906.8E-3
1.962,-906.8E-3
1.963,-906.8E-3
1.964,-906.8E-3
1.965,-906.8E-3
1.966,-906.8E-3
1.967,-906.8E-3
1.968,-906.8E-3
1.969,-906.8E-3
1.970,-906.8E-3
1.971,-906.8E-3
1.972,-906.8E-3
1.973,-906.8E-3
1.974,-906.8E-3
1.975,-906.8E-3
1.976,-906.8E-3
1.977,-906.8E-3
1.978,-906.8E-3
1.979,-906.8E-3
1.980,-906.8E-3
1.981,-906.8E-3
1.982,-906.8E-3
1.983,-906.8E-3
1.984,-906.8E-3
1.985,-906.8E-3
1.986,-906.8E-3
1.987,-906.8E-3
1.988,-906.8E-3
1.989,-906.8E-3
1.990,-906.8E-3
1.991,-906.8E-3
1.992,-906.8E-3
1.993,-906.8E-3
1.994,-906.8E-3
1.995,-906.8E-3
1.996,-906.8E-3
1.997,-906.8E-3
1.998,-906.8E-3
1.999,-906.8E-3
2.000,-906.8E-3
2.000,-906.8E-3
