In1 ,/vout_faulty (V)
-2.000,-49.01E-3
-1.999,-48.98E-3
-1.998,-48.95E-3
-1.997,-48.91E-3
-1.996,-48.88E-3
-1.995,-48.85E-3
-1.994,-48.82E-3
-1.993,-48.79E-3
-1.992,-48.75E-3
-1.991,-48.72E-3
-1.990,-48.69E-3
-1.989,-48.66E-3
-1.988,-48.62E-3
-1.987,-48.59E-3
-1.986,-48.56E-3
-1.985,-48.53E-3
-1.984,-48.50E-3
-1.983,-48.46E-3
-1.982,-48.43E-3
-1.981,-48.40E-3
-1.980,-48.37E-3
-1.979,-48.33E-3
-1.978,-48.30E-3
-1.977,-48.27E-3
-1.976,-48.24E-3
-1.975,-48.21E-3
-1.974,-48.17E-3
-1.973,-48.14E-3
-1.972,-48.11E-3
-1.971,-48.08E-3
-1.970,-48.04E-3
-1.969,-48.01E-3
-1.968,-47.98E-3
-1.967,-47.95E-3
-1.966,-47.92E-3
-1.965,-47.88E-3
-1.964,-47.85E-3
-1.963,-47.82E-3
-1.962,-47.79E-3
-1.961,-47.75E-3
-1.960,-47.72E-3
-1.959,-47.69E-3
-1.958,-47.66E-3
-1.957,-47.63E-3
-1.956,-47.59E-3
-1.955,-47.56E-3
-1.954,-47.53E-3
-1.953,-47.50E-3
-1.952,-47.46E-3
-1.951,-47.43E-3
-1.950,-47.40E-3
-1.949,-47.37E-3
-1.948,-47.34E-3
-1.947,-47.30E-3
-1.946,-47.27E-3
-1.945,-47.24E-3
-1.944,-47.21E-3
-1.943,-47.17E-3
-1.942,-47.14E-3
-1.941,-47.11E-3
-1.940,-47.08E-3
-1.939,-47.05E-3
-1.938,-47.01E-3
-1.937,-46.98E-3
-1.936,-46.95E-3
-1.935,-46.92E-3
-1.934,-46.88E-3
-1.933,-46.85E-3
-1.932,-46.82E-3
-1.931,-46.79E-3
-1.930,-46.76E-3
-1.929,-46.72E-3
-1.928,-46.69E-3
-1.927,-46.66E-3
-1.926,-46.63E-3
-1.925,-46.59E-3
-1.924,-46.56E-3
-1.923,-46.53E-3
-1.922,-46.50E-3
-1.921,-46.47E-3
-1.920,-46.43E-3
-1.919,-46.40E-3
-1.918,-46.37E-3
-1.917,-46.34E-3
-1.916,-46.31E-3
-1.915,-46.28E-3
-1.914,-46.25E-3
-1.913,-46.22E-3
-1.912,-46.18E-3
-1.911,-46.15E-3
-1.910,-46.12E-3
-1.909,-46.09E-3
-1.908,-46.06E-3
-1.907,-46.03E-3
-1.906,-46.00E-3
-1.905,-45.97E-3
-1.904,-45.94E-3
-1.903,-45.90E-3
-1.902,-45.87E-3
-1.901,-45.84E-3
-1.900,-45.81E-3
-1.899,-45.78E-3
-1.898,-45.75E-3
-1.897,-45.72E-3
-1.896,-45.69E-3
-1.895,-45.66E-3
-1.894,-45.63E-3
-1.893,-45.59E-3
-1.892,-45.56E-3
-1.891,-45.53E-3
-1.890,-45.50E-3
-1.889,-45.47E-3
-1.888,-45.44E-3
-1.887,-45.41E-3
-1.886,-45.38E-3
-1.885,-45.35E-3
-1.884,-45.31E-3
-1.883,-45.28E-3
-1.882,-45.25E-3
-1.881,-45.22E-3
-1.880,-45.19E-3
-1.879,-45.16E-3
-1.878,-45.13E-3
-1.877,-45.10E-3
-1.876,-45.07E-3
-1.875,-45.03E-3
-1.874,-45.00E-3
-1.873,-44.97E-3
-1.872,-44.94E-3
-1.871,-44.91E-3
-1.870,-44.88E-3
-1.869,-44.85E-3
-1.868,-44.82E-3
-1.867,-44.79E-3
-1.866,-44.76E-3
-1.865,-44.72E-3
-1.864,-44.69E-3
-1.863,-44.66E-3
-1.862,-44.63E-3
-1.861,-44.60E-3
-1.860,-44.57E-3
-1.859,-44.54E-3
-1.858,-44.51E-3
-1.857,-44.48E-3
-1.856,-44.44E-3
-1.855,-44.41E-3
-1.854,-44.38E-3
-1.853,-44.35E-3
-1.852,-44.32E-3
-1.851,-44.29E-3
-1.850,-44.26E-3
-1.849,-44.23E-3
-1.848,-44.20E-3
-1.847,-44.17E-3
-1.846,-44.13E-3
-1.845,-44.10E-3
-1.844,-44.07E-3
-1.843,-44.04E-3
-1.842,-44.01E-3
-1.841,-43.98E-3
-1.840,-43.95E-3
-1.839,-43.92E-3
-1.838,-43.89E-3
-1.837,-43.86E-3
-1.836,-43.83E-3
-1.835,-43.80E-3
-1.834,-43.77E-3
-1.833,-43.74E-3
-1.832,-43.71E-3
-1.831,-43.68E-3
-1.830,-43.65E-3
-1.829,-43.62E-3
-1.828,-43.59E-3
-1.827,-43.56E-3
-1.826,-43.53E-3
-1.825,-43.50E-3
-1.824,-43.47E-3
-1.823,-43.44E-3
-1.822,-43.41E-3
-1.821,-43.38E-3
-1.820,-43.35E-3
-1.819,-43.32E-3
-1.818,-43.29E-3
-1.817,-43.26E-3
-1.816,-43.23E-3
-1.815,-43.20E-3
-1.814,-43.17E-3
-1.813,-43.14E-3
-1.812,-43.11E-3
-1.811,-43.08E-3
-1.810,-43.05E-3
-1.809,-43.02E-3
-1.808,-42.99E-3
-1.807,-42.96E-3
-1.806,-42.93E-3
-1.805,-42.90E-3
-1.804,-42.87E-3
-1.803,-42.84E-3
-1.802,-42.81E-3
-1.801,-42.78E-3
-1.800,-42.75E-3
-1.799,-42.72E-3
-1.798,-42.69E-3
-1.797,-42.66E-3
-1.796,-42.63E-3
-1.795,-42.60E-3
-1.794,-42.57E-3
-1.793,-42.54E-3
-1.792,-42.51E-3
-1.791,-42.48E-3
-1.790,-42.45E-3
-1.789,-42.42E-3
-1.788,-42.39E-3
-1.787,-42.36E-3
-1.786,-42.33E-3
-1.785,-42.30E-3
-1.784,-42.27E-3
-1.783,-42.24E-3
-1.782,-42.21E-3
-1.781,-42.18E-3
-1.780,-42.15E-3
-1.779,-42.12E-3
-1.778,-42.09E-3
-1.777,-42.06E-3
-1.776,-42.03E-3
-1.775,-42.00E-3
-1.774,-41.97E-3
-1.773,-41.94E-3
-1.772,-41.91E-3
-1.771,-41.88E-3
-1.770,-41.85E-3
-1.769,-41.82E-3
-1.768,-41.79E-3
-1.767,-41.76E-3
-1.766,-41.73E-3
-1.765,-41.70E-3
-1.764,-41.67E-3
-1.763,-41.64E-3
-1.762,-41.61E-3
-1.761,-41.58E-3
-1.760,-41.55E-3
-1.759,-41.52E-3
-1.758,-41.49E-3
-1.757,-41.47E-3
-1.756,-41.44E-3
-1.755,-41.41E-3
-1.754,-41.38E-3
-1.753,-41.35E-3
-1.752,-41.32E-3
-1.751,-41.29E-3
-1.750,-41.26E-3
-1.749,-41.23E-3
-1.748,-41.21E-3
-1.747,-41.18E-3
-1.746,-41.15E-3
-1.745,-41.12E-3
-1.744,-41.09E-3
-1.743,-41.06E-3
-1.742,-41.03E-3
-1.741,-41.00E-3
-1.740,-40.97E-3
-1.739,-40.95E-3
-1.738,-40.92E-3
-1.737,-40.89E-3
-1.736,-40.86E-3
-1.735,-40.83E-3
-1.734,-40.80E-3
-1.733,-40.77E-3
-1.732,-40.74E-3
-1.731,-40.71E-3
-1.730,-40.69E-3
-1.729,-40.66E-3
-1.728,-40.63E-3
-1.727,-40.60E-3
-1.726,-40.57E-3
-1.725,-40.54E-3
-1.724,-40.51E-3
-1.723,-40.48E-3
-1.722,-40.46E-3
-1.721,-40.43E-3
-1.720,-40.40E-3
-1.719,-40.37E-3
-1.718,-40.34E-3
-1.717,-40.31E-3
-1.716,-40.28E-3
-1.715,-40.25E-3
-1.714,-40.22E-3
-1.713,-40.20E-3
-1.712,-40.17E-3
-1.711,-40.14E-3
-1.710,-40.11E-3
-1.709,-40.08E-3
-1.708,-40.05E-3
-1.707,-40.02E-3
-1.706,-39.99E-3
-1.705,-39.96E-3
-1.704,-39.94E-3
-1.703,-39.91E-3
-1.702,-39.88E-3
-1.701,-39.85E-3
-1.700,-39.82E-3
-1.699,-39.79E-3
-1.698,-39.76E-3
-1.697,-39.73E-3
-1.696,-39.70E-3
-1.695,-39.68E-3
-1.694,-39.65E-3
-1.693,-39.62E-3
-1.692,-39.59E-3
-1.691,-39.56E-3
-1.690,-39.53E-3
-1.689,-39.50E-3
-1.688,-39.47E-3
-1.687,-39.45E-3
-1.686,-39.42E-3
-1.685,-39.39E-3
-1.684,-39.36E-3
-1.683,-39.33E-3
-1.682,-39.30E-3
-1.681,-39.27E-3
-1.680,-39.24E-3
-1.679,-39.22E-3
-1.678,-39.19E-3
-1.677,-39.16E-3
-1.676,-39.13E-3
-1.675,-39.10E-3
-1.674,-39.08E-3
-1.673,-39.05E-3
-1.672,-39.02E-3
-1.671,-38.99E-3
-1.670,-38.97E-3
-1.669,-38.94E-3
-1.668,-38.91E-3
-1.667,-38.88E-3
-1.666,-38.85E-3
-1.665,-38.83E-3
-1.664,-38.80E-3
-1.663,-38.77E-3
-1.662,-38.74E-3
-1.661,-38.72E-3
-1.660,-38.69E-3
-1.659,-38.66E-3
-1.658,-38.63E-3
-1.657,-38.60E-3
-1.656,-38.58E-3
-1.655,-38.55E-3
-1.654,-38.52E-3
-1.653,-38.49E-3
-1.652,-38.46E-3
-1.651,-38.44E-3
-1.650,-38.41E-3
-1.649,-38.38E-3
-1.648,-38.35E-3
-1.647,-38.33E-3
-1.646,-38.30E-3
-1.645,-38.27E-3
-1.644,-38.24E-3
-1.643,-38.21E-3
-1.642,-38.19E-3
-1.641,-38.16E-3
-1.640,-38.13E-3
-1.639,-38.10E-3
-1.638,-38.08E-3
-1.637,-38.05E-3
-1.636,-38.02E-3
-1.635,-37.99E-3
-1.634,-37.96E-3
-1.633,-37.94E-3
-1.632,-37.91E-3
-1.631,-37.88E-3
-1.630,-37.85E-3
-1.629,-37.83E-3
-1.628,-37.80E-3
-1.627,-37.77E-3
-1.626,-37.74E-3
-1.625,-37.71E-3
-1.624,-37.69E-3
-1.623,-37.66E-3
-1.622,-37.63E-3
-1.621,-37.60E-3
-1.620,-37.58E-3
-1.619,-37.55E-3
-1.618,-37.52E-3
-1.617,-37.49E-3
-1.616,-37.46E-3
-1.615,-37.44E-3
-1.614,-37.41E-3
-1.613,-37.38E-3
-1.612,-37.35E-3
-1.611,-37.33E-3
-1.610,-37.30E-3
-1.609,-37.27E-3
-1.608,-37.24E-3
-1.607,-37.21E-3
-1.606,-37.19E-3
-1.605,-37.16E-3
-1.604,-37.13E-3
-1.603,-37.10E-3
-1.602,-37.08E-3
-1.601,-37.05E-3
-1.600,-37.02E-3
-1.599,-36.99E-3
-1.598,-36.97E-3
-1.597,-36.94E-3
-1.596,-36.91E-3
-1.595,-36.89E-3
-1.594,-36.86E-3
-1.593,-36.83E-3
-1.592,-36.81E-3
-1.591,-36.78E-3
-1.590,-36.75E-3
-1.589,-36.73E-3
-1.588,-36.70E-3
-1.587,-36.67E-3
-1.586,-36.64E-3
-1.585,-36.62E-3
-1.584,-36.59E-3
-1.583,-36.56E-3
-1.582,-36.54E-3
-1.581,-36.51E-3
-1.580,-36.48E-3
-1.579,-36.46E-3
-1.578,-36.43E-3
-1.577,-36.40E-3
-1.576,-36.38E-3
-1.575,-36.35E-3
-1.574,-36.32E-3
-1.573,-36.30E-3
-1.572,-36.27E-3
-1.571,-36.24E-3
-1.570,-36.22E-3
-1.569,-36.19E-3
-1.568,-36.16E-3
-1.567,-36.14E-3
-1.566,-36.11E-3
-1.565,-36.08E-3
-1.564,-36.06E-3
-1.563,-36.03E-3
-1.562,-36.00E-3
-1.561,-35.98E-3
-1.560,-35.95E-3
-1.559,-35.92E-3
-1.558,-35.90E-3
-1.557,-35.87E-3
-1.556,-35.84E-3
-1.555,-35.81E-3
-1.554,-35.79E-3
-1.553,-35.76E-3
-1.552,-35.73E-3
-1.551,-35.71E-3
-1.550,-35.68E-3
-1.549,-35.65E-3
-1.548,-35.63E-3
-1.547,-35.60E-3
-1.546,-35.57E-3
-1.545,-35.55E-3
-1.544,-35.52E-3
-1.543,-35.49E-3
-1.542,-35.47E-3
-1.541,-35.44E-3
-1.540,-35.41E-3
-1.539,-35.39E-3
-1.538,-35.36E-3
-1.537,-35.33E-3
-1.536,-35.31E-3
-1.535,-35.28E-3
-1.534,-35.25E-3
-1.533,-35.23E-3
-1.532,-35.20E-3
-1.531,-35.17E-3
-1.530,-35.15E-3
-1.529,-35.12E-3
-1.528,-35.09E-3
-1.527,-35.07E-3
-1.526,-35.04E-3
-1.525,-35.01E-3
-1.524,-34.99E-3
-1.523,-34.96E-3
-1.522,-34.93E-3
-1.521,-34.90E-3
-1.520,-34.88E-3
-1.519,-34.85E-3
-1.518,-34.83E-3
-1.517,-34.80E-3
-1.516,-34.78E-3
-1.515,-34.75E-3
-1.514,-34.72E-3
-1.513,-34.70E-3
-1.512,-34.67E-3
-1.511,-34.65E-3
-1.510,-34.62E-3
-1.509,-34.59E-3
-1.508,-34.57E-3
-1.507,-34.54E-3
-1.506,-34.52E-3
-1.505,-34.49E-3
-1.504,-34.47E-3
-1.503,-34.44E-3
-1.502,-34.41E-3
-1.501,-34.39E-3
-1.500,-34.36E-3
-1.499,-34.34E-3
-1.498,-34.31E-3
-1.497,-34.29E-3
-1.496,-34.26E-3
-1.495,-34.23E-3
-1.494,-34.21E-3
-1.493,-34.18E-3
-1.492,-34.16E-3
-1.491,-34.13E-3
-1.490,-34.11E-3
-1.489,-34.08E-3
-1.488,-34.05E-3
-1.487,-34.03E-3
-1.486,-34.00E-3
-1.485,-33.98E-3
-1.484,-33.95E-3
-1.483,-33.92E-3
-1.482,-33.90E-3
-1.481,-33.87E-3
-1.480,-33.85E-3
-1.479,-33.82E-3
-1.478,-33.80E-3
-1.477,-33.77E-3
-1.476,-33.74E-3
-1.475,-33.72E-3
-1.474,-33.69E-3
-1.473,-33.67E-3
-1.472,-33.64E-3
-1.471,-33.62E-3
-1.470,-33.59E-3
-1.469,-33.56E-3
-1.468,-33.54E-3
-1.467,-33.51E-3
-1.466,-33.49E-3
-1.465,-33.46E-3
-1.464,-33.43E-3
-1.463,-33.41E-3
-1.462,-33.38E-3
-1.461,-33.36E-3
-1.460,-33.33E-3
-1.459,-33.31E-3
-1.458,-33.28E-3
-1.457,-33.25E-3
-1.456,-33.23E-3
-1.455,-33.20E-3
-1.454,-33.18E-3
-1.453,-33.15E-3
-1.452,-33.13E-3
-1.451,-33.10E-3
-1.450,-33.07E-3
-1.449,-33.05E-3
-1.448,-33.02E-3
-1.447,-33.00E-3
-1.446,-32.97E-3
-1.445,-32.95E-3
-1.444,-32.92E-3
-1.443,-32.89E-3
-1.442,-32.87E-3
-1.441,-32.84E-3
-1.440,-32.82E-3
-1.439,-32.79E-3
-1.438,-32.77E-3
-1.437,-32.74E-3
-1.436,-32.72E-3
-1.435,-32.69E-3
-1.434,-32.67E-3
-1.433,-32.64E-3
-1.432,-32.62E-3
-1.431,-32.59E-3
-1.430,-32.57E-3
-1.429,-32.54E-3
-1.428,-32.52E-3
-1.427,-32.49E-3
-1.426,-32.47E-3
-1.425,-32.44E-3
-1.424,-32.42E-3
-1.423,-32.39E-3
-1.422,-32.37E-3
-1.421,-32.35E-3
-1.420,-32.32E-3
-1.419,-32.30E-3
-1.418,-32.27E-3
-1.417,-32.25E-3
-1.416,-32.22E-3
-1.415,-32.20E-3
-1.414,-32.17E-3
-1.413,-32.15E-3
-1.412,-32.12E-3
-1.411,-32.10E-3
-1.410,-32.07E-3
-1.409,-32.05E-3
-1.408,-32.02E-3
-1.407,-32.00E-3
-1.406,-31.97E-3
-1.405,-31.95E-3
-1.404,-31.92E-3
-1.403,-31.90E-3
-1.402,-31.87E-3
-1.401,-31.85E-3
-1.400,-31.82E-3
-1.399,-31.80E-3
-1.398,-31.77E-3
-1.397,-31.75E-3
-1.396,-31.72E-3
-1.395,-31.70E-3
-1.394,-31.68E-3
-1.393,-31.65E-3
-1.392,-31.63E-3
-1.391,-31.60E-3
-1.390,-31.58E-3
-1.389,-31.55E-3
-1.388,-31.53E-3
-1.387,-31.50E-3
-1.386,-31.48E-3
-1.385,-31.45E-3
-1.384,-31.43E-3
-1.383,-31.40E-3
-1.382,-31.38E-3
-1.381,-31.35E-3
-1.380,-31.33E-3
-1.379,-31.30E-3
-1.378,-31.28E-3
-1.377,-31.25E-3
-1.376,-31.23E-3
-1.375,-31.20E-3
-1.374,-31.18E-3
-1.373,-31.15E-3
-1.372,-31.13E-3
-1.371,-31.10E-3
-1.370,-31.08E-3
-1.369,-31.05E-3
-1.368,-31.03E-3
-1.367,-31.01E-3
-1.366,-30.98E-3
-1.365,-30.96E-3
-1.364,-30.93E-3
-1.363,-30.91E-3
-1.362,-30.88E-3
-1.361,-30.86E-3
-1.360,-30.83E-3
-1.359,-30.81E-3
-1.358,-30.78E-3
-1.357,-30.76E-3
-1.356,-30.74E-3
-1.355,-30.71E-3
-1.354,-30.69E-3
-1.353,-30.66E-3
-1.352,-30.64E-3
-1.351,-30.62E-3
-1.350,-30.59E-3
-1.349,-30.57E-3
-1.348,-30.55E-3
-1.347,-30.52E-3
-1.346,-30.50E-3
-1.345,-30.47E-3
-1.344,-30.45E-3
-1.343,-30.43E-3
-1.342,-30.40E-3
-1.341,-30.38E-3
-1.340,-30.35E-3
-1.339,-30.33E-3
-1.338,-30.31E-3
-1.337,-30.28E-3
-1.336,-30.26E-3
-1.335,-30.23E-3
-1.334,-30.21E-3
-1.333,-30.19E-3
-1.332,-30.16E-3
-1.331,-30.14E-3
-1.330,-30.12E-3
-1.329,-30.09E-3
-1.328,-30.07E-3
-1.327,-30.04E-3
-1.326,-30.02E-3
-1.325,-30.00E-3
-1.324,-29.97E-3
-1.323,-29.95E-3
-1.322,-29.92E-3
-1.321,-29.90E-3
-1.320,-29.88E-3
-1.319,-29.85E-3
-1.318,-29.83E-3
-1.317,-29.80E-3
-1.316,-29.78E-3
-1.315,-29.76E-3
-1.314,-29.73E-3
-1.313,-29.71E-3
-1.312,-29.69E-3
-1.311,-29.66E-3
-1.310,-29.64E-3
-1.309,-29.61E-3
-1.308,-29.59E-3
-1.307,-29.57E-3
-1.306,-29.54E-3
-1.305,-29.52E-3
-1.304,-29.49E-3
-1.303,-29.47E-3
-1.302,-29.45E-3
-1.301,-29.42E-3
-1.300,-29.40E-3
-1.299,-29.37E-3
-1.298,-29.35E-3
-1.297,-29.33E-3
-1.296,-29.30E-3
-1.295,-29.28E-3
-1.294,-29.26E-3
-1.293,-29.23E-3
-1.292,-29.21E-3
-1.291,-29.18E-3
-1.290,-29.16E-3
-1.289,-29.14E-3
-1.288,-29.11E-3
-1.287,-29.09E-3
-1.286,-29.06E-3
-1.285,-29.04E-3
-1.284,-29.02E-3
-1.283,-28.99E-3
-1.282,-28.97E-3
-1.281,-28.94E-3
-1.280,-28.92E-3
-1.279,-28.90E-3
-1.278,-28.88E-3
-1.277,-28.85E-3
-1.276,-28.83E-3
-1.275,-28.81E-3
-1.274,-28.78E-3
-1.273,-28.76E-3
-1.272,-28.74E-3
-1.271,-28.71E-3
-1.270,-28.69E-3
-1.269,-28.67E-3
-1.268,-28.65E-3
-1.267,-28.62E-3
-1.266,-28.60E-3
-1.265,-28.58E-3
-1.264,-28.55E-3
-1.263,-28.53E-3
-1.262,-28.51E-3
-1.261,-28.48E-3
-1.260,-28.46E-3
-1.259,-28.44E-3
-1.258,-28.42E-3
-1.257,-28.39E-3
-1.256,-28.37E-3
-1.255,-28.35E-3
-1.254,-28.32E-3
-1.253,-28.30E-3
-1.252,-28.28E-3
-1.251,-28.25E-3
-1.250,-28.23E-3
-1.249,-28.21E-3
-1.248,-28.19E-3
-1.247,-28.16E-3
-1.246,-28.14E-3
-1.245,-28.12E-3
-1.244,-28.09E-3
-1.243,-28.07E-3
-1.242,-28.05E-3
-1.241,-28.02E-3
-1.240,-28.00E-3
-1.239,-27.98E-3
-1.238,-27.96E-3
-1.237,-27.93E-3
-1.236,-27.91E-3
-1.235,-27.89E-3
-1.234,-27.86E-3
-1.233,-27.84E-3
-1.232,-27.82E-3
-1.231,-27.79E-3
-1.230,-27.77E-3
-1.229,-27.75E-3
-1.228,-27.73E-3
-1.227,-27.70E-3
-1.226,-27.68E-3
-1.225,-27.66E-3
-1.224,-27.63E-3
-1.223,-27.61E-3
-1.222,-27.59E-3
-1.221,-27.56E-3
-1.220,-27.54E-3
-1.219,-27.52E-3
-1.218,-27.50E-3
-1.217,-27.47E-3
-1.216,-27.45E-3
-1.215,-27.43E-3
-1.214,-27.40E-3
-1.213,-27.38E-3
-1.212,-27.36E-3
-1.211,-27.33E-3
-1.210,-27.31E-3
-1.209,-27.29E-3
-1.208,-27.27E-3
-1.207,-27.24E-3
-1.206,-27.22E-3
-1.205,-27.20E-3
-1.204,-27.17E-3
-1.203,-27.15E-3
-1.202,-27.13E-3
-1.201,-27.10E-3
-1.200,-27.08E-3
-1.199,-27.06E-3
-1.198,-27.04E-3
-1.197,-27.02E-3
-1.196,-26.99E-3
-1.195,-26.97E-3
-1.194,-26.95E-3
-1.193,-26.93E-3
-1.192,-26.90E-3
-1.191,-26.88E-3
-1.190,-26.86E-3
-1.189,-26.84E-3
-1.188,-26.82E-3
-1.187,-26.79E-3
-1.186,-26.77E-3
-1.185,-26.75E-3
-1.184,-26.73E-3
-1.183,-26.71E-3
-1.182,-26.68E-3
-1.181,-26.66E-3
-1.180,-26.64E-3
-1.179,-26.62E-3
-1.178,-26.59E-3
-1.177,-26.57E-3
-1.176,-26.55E-3
-1.175,-26.53E-3
-1.174,-26.51E-3
-1.173,-26.48E-3
-1.172,-26.46E-3
-1.171,-26.44E-3
-1.170,-26.42E-3
-1.169,-26.40E-3
-1.168,-26.37E-3
-1.167,-26.35E-3
-1.166,-26.33E-3
-1.165,-26.31E-3
-1.164,-26.29E-3
-1.163,-26.26E-3
-1.162,-26.24E-3
-1.161,-26.22E-3
-1.160,-26.20E-3
-1.159,-26.17E-3
-1.158,-26.15E-3
-1.157,-26.13E-3
-1.156,-26.11E-3
-1.155,-26.09E-3
-1.154,-26.06E-3
-1.153,-26.04E-3
-1.152,-26.02E-3
-1.151,-26.00E-3
-1.150,-25.98E-3
-1.149,-25.95E-3
-1.148,-25.93E-3
-1.147,-25.91E-3
-1.146,-25.89E-3
-1.145,-25.86E-3
-1.144,-25.84E-3
-1.143,-25.82E-3
-1.142,-25.80E-3
-1.141,-25.78E-3
-1.140,-25.75E-3
-1.139,-25.73E-3
-1.138,-25.71E-3
-1.137,-25.69E-3
-1.136,-25.67E-3
-1.135,-25.64E-3
-1.134,-25.62E-3
-1.133,-25.60E-3
-1.132,-25.58E-3
-1.131,-25.55E-3
-1.130,-25.53E-3
-1.129,-25.51E-3
-1.128,-25.49E-3
-1.127,-25.47E-3
-1.126,-25.44E-3
-1.125,-25.42E-3
-1.124,-25.40E-3
-1.123,-25.38E-3
-1.122,-25.36E-3
-1.121,-25.33E-3
-1.120,-25.31E-3
-1.119,-25.29E-3
-1.118,-25.27E-3
-1.117,-25.25E-3
-1.116,-25.23E-3
-1.115,-25.20E-3
-1.114,-25.18E-3
-1.113,-25.16E-3
-1.112,-25.14E-3
-1.111,-25.12E-3
-1.110,-25.10E-3
-1.109,-25.08E-3
-1.108,-25.06E-3
-1.107,-25.03E-3
-1.106,-25.01E-3
-1.105,-24.99E-3
-1.104,-24.97E-3
-1.103,-24.95E-3
-1.102,-24.93E-3
-1.101,-24.91E-3
-1.100,-24.89E-3
-1.099,-24.86E-3
-1.098,-24.84E-3
-1.097,-24.82E-3
-1.096,-24.80E-3
-1.095,-24.78E-3
-1.094,-24.76E-3
-1.093,-24.74E-3
-1.092,-24.71E-3
-1.091,-24.69E-3
-1.090,-24.67E-3
-1.089,-24.65E-3
-1.088,-24.63E-3
-1.087,-24.61E-3
-1.086,-24.59E-3
-1.085,-24.57E-3
-1.084,-24.54E-3
-1.083,-24.52E-3
-1.082,-24.50E-3
-1.081,-24.48E-3
-1.080,-24.46E-3
-1.079,-24.44E-3
-1.078,-24.42E-3
-1.077,-24.40E-3
-1.076,-24.37E-3
-1.075,-24.35E-3
-1.074,-24.33E-3
-1.073,-24.31E-3
-1.072,-24.29E-3
-1.071,-24.27E-3
-1.070,-24.25E-3
-1.069,-24.22E-3
-1.068,-24.20E-3
-1.067,-24.18E-3
-1.066,-24.16E-3
-1.065,-24.14E-3
-1.064,-24.12E-3
-1.063,-24.10E-3
-1.062,-24.08E-3
-1.061,-24.05E-3
-1.060,-24.03E-3
-1.059,-24.01E-3
-1.058,-23.99E-3
-1.057,-23.97E-3
-1.056,-23.95E-3
-1.055,-23.93E-3
-1.054,-23.90E-3
-1.053,-23.88E-3
-1.052,-23.86E-3
-1.051,-23.84E-3
-1.050,-23.82E-3
-1.049,-23.80E-3
-1.048,-23.78E-3
-1.047,-23.76E-3
-1.046,-23.73E-3
-1.045,-23.71E-3
-1.044,-23.69E-3
-1.043,-23.67E-3
-1.042,-23.65E-3
-1.041,-23.63E-3
-1.040,-23.61E-3
-1.039,-23.59E-3
-1.038,-23.57E-3
-1.037,-23.55E-3
-1.036,-23.52E-3
-1.035,-23.50E-3
-1.034,-23.48E-3
-1.033,-23.46E-3
-1.032,-23.44E-3
-1.031,-23.42E-3
-1.030,-23.40E-3
-1.029,-23.38E-3
-1.028,-23.36E-3
-1.027,-23.34E-3
-1.026,-23.32E-3
-1.025,-23.30E-3
-1.024,-23.28E-3
-1.023,-23.26E-3
-1.022,-23.24E-3
-1.021,-23.22E-3
-1.020,-23.20E-3
-1.019,-23.18E-3
-1.018,-23.16E-3
-1.017,-23.13E-3
-1.016,-23.11E-3
-1.015,-23.09E-3
-1.014,-23.07E-3
-1.013,-23.05E-3
-1.012,-23.03E-3
-1.011,-23.01E-3
-1.010,-22.99E-3
-1.009,-22.97E-3
-1.008,-22.95E-3
-1.007,-22.93E-3
-1.006,-22.91E-3
-1.005,-22.89E-3
-1.004,-22.87E-3
-1.003,-22.85E-3
-1.002,-22.83E-3
-1.001,-22.81E-3
-1.000,-22.79E-3
-999.0E-3,-22.77E-3
-998.0E-3,-22.74E-3
-997.0E-3,-22.72E-3
-996.0E-3,-22.70E-3
-995.0E-3,-22.68E-3
-994.0E-3,-22.66E-3
-993.0E-3,-22.64E-3
-992.0E-3,-22.62E-3
-991.0E-3,-22.60E-3
-990.0E-3,-22.58E-3
-989.0E-3,-22.56E-3
-988.0E-3,-22.54E-3
-987.0E-3,-22.52E-3
-986.0E-3,-22.50E-3
-985.0E-3,-22.48E-3
-984.0E-3,-22.46E-3
-983.0E-3,-22.44E-3
-982.0E-3,-22.42E-3
-981.0E-3,-22.40E-3
-980.0E-3,-22.38E-3
-979.0E-3,-22.35E-3
-978.0E-3,-22.33E-3
-977.0E-3,-22.31E-3
-976.0E-3,-22.29E-3
-975.0E-3,-22.27E-3
-974.0E-3,-22.25E-3
-973.0E-3,-22.23E-3
-972.0E-3,-22.21E-3
-971.0E-3,-22.19E-3
-970.0E-3,-22.17E-3
-969.0E-3,-22.15E-3
-968.0E-3,-22.13E-3
-967.0E-3,-22.11E-3
-966.0E-3,-22.09E-3
-965.0E-3,-22.07E-3
-964.0E-3,-22.05E-3
-963.0E-3,-22.03E-3
-962.0E-3,-22.01E-3
-961.0E-3,-21.99E-3
-960.0E-3,-21.97E-3
-959.0E-3,-21.95E-3
-958.0E-3,-21.93E-3
-957.0E-3,-21.91E-3
-956.0E-3,-21.89E-3
-955.0E-3,-21.87E-3
-954.0E-3,-21.85E-3
-953.0E-3,-21.83E-3
-952.0E-3,-21.81E-3
-951.0E-3,-21.79E-3
-950.0E-3,-21.77E-3
-949.0E-3,-21.75E-3
-948.0E-3,-21.73E-3
-947.0E-3,-21.71E-3
-946.0E-3,-21.69E-3
-945.0E-3,-21.67E-3
-944.0E-3,-21.65E-3
-943.0E-3,-21.63E-3
-942.0E-3,-21.61E-3
-941.0E-3,-21.59E-3
-940.0E-3,-21.57E-3
-939.0E-3,-21.55E-3
-938.0E-3,-21.53E-3
-937.0E-3,-21.51E-3
-936.0E-3,-21.49E-3
-935.0E-3,-21.47E-3
-934.0E-3,-21.45E-3
-933.0E-3,-21.43E-3
-932.0E-3,-21.41E-3
-931.0E-3,-21.39E-3
-930.0E-3,-21.37E-3
-929.0E-3,-21.35E-3
-928.0E-3,-21.33E-3
-927.0E-3,-21.31E-3
-926.0E-3,-21.29E-3
-925.0E-3,-21.27E-3
-924.0E-3,-21.25E-3
-923.0E-3,-21.23E-3
-922.0E-3,-21.21E-3
-921.0E-3,-21.19E-3
-920.0E-3,-21.17E-3
-919.0E-3,-21.15E-3
-918.0E-3,-21.13E-3
-917.0E-3,-21.12E-3
-916.0E-3,-21.10E-3
-915.0E-3,-21.08E-3
-914.0E-3,-21.06E-3
-913.0E-3,-21.04E-3
-912.0E-3,-21.02E-3
-911.0E-3,-21.00E-3
-910.0E-3,-20.98E-3
-909.0E-3,-20.96E-3
-908.0E-3,-20.94E-3
-907.0E-3,-20.92E-3
-906.0E-3,-20.90E-3
-905.0E-3,-20.88E-3
-904.0E-3,-20.86E-3
-903.0E-3,-20.84E-3
-902.0E-3,-20.82E-3
-901.0E-3,-20.80E-3
-900.0E-3,-20.78E-3
-899.0E-3,-20.76E-3
-898.0E-3,-20.74E-3
-897.0E-3,-20.72E-3
-896.0E-3,-20.70E-3
-895.0E-3,-20.68E-3
-894.0E-3,-20.66E-3
-893.0E-3,-20.64E-3
-892.0E-3,-20.62E-3
-891.0E-3,-20.60E-3
-890.0E-3,-20.58E-3
-889.0E-3,-20.56E-3
-888.0E-3,-20.54E-3
-887.0E-3,-20.52E-3
-886.0E-3,-20.50E-3
-885.0E-3,-20.48E-3
-884.0E-3,-20.46E-3
-883.0E-3,-20.44E-3
-882.0E-3,-20.42E-3
-881.0E-3,-20.40E-3
-880.0E-3,-20.38E-3
-879.0E-3,-20.36E-3
-878.0E-3,-20.35E-3
-877.0E-3,-20.33E-3
-876.0E-3,-20.31E-3
-875.0E-3,-20.29E-3
-874.0E-3,-20.27E-3
-873.0E-3,-20.25E-3
-872.0E-3,-20.23E-3
-871.0E-3,-20.21E-3
-870.0E-3,-20.19E-3
-869.0E-3,-20.17E-3
-868.0E-3,-20.16E-3
-867.0E-3,-20.14E-3
-866.0E-3,-20.12E-3
-865.0E-3,-20.10E-3
-864.0E-3,-20.08E-3
-863.0E-3,-20.06E-3
-862.0E-3,-20.04E-3
-861.0E-3,-20.02E-3
-860.0E-3,-20.00E-3
-859.0E-3,-19.98E-3
-858.0E-3,-19.96E-3
-857.0E-3,-19.95E-3
-856.0E-3,-19.93E-3
-855.0E-3,-19.91E-3
-854.0E-3,-19.89E-3
-853.0E-3,-19.87E-3
-852.0E-3,-19.85E-3
-851.0E-3,-19.83E-3
-850.0E-3,-19.81E-3
-849.0E-3,-19.79E-3
-848.0E-3,-19.77E-3
-847.0E-3,-19.76E-3
-846.0E-3,-19.74E-3
-845.0E-3,-19.72E-3
-844.0E-3,-19.70E-3
-843.0E-3,-19.68E-3
-842.0E-3,-19.66E-3
-841.0E-3,-19.64E-3
-840.0E-3,-19.62E-3
-839.0E-3,-19.60E-3
-838.0E-3,-19.58E-3
-837.0E-3,-19.57E-3
-836.0E-3,-19.55E-3
-835.0E-3,-19.53E-3
-834.0E-3,-19.51E-3
-833.0E-3,-19.49E-3
-832.0E-3,-19.47E-3
-831.0E-3,-19.45E-3
-830.0E-3,-19.43E-3
-829.0E-3,-19.41E-3
-828.0E-3,-19.39E-3
-827.0E-3,-19.37E-3
-826.0E-3,-19.36E-3
-825.0E-3,-19.34E-3
-824.0E-3,-19.32E-3
-823.0E-3,-19.30E-3
-822.0E-3,-19.28E-3
-821.0E-3,-19.26E-3
-820.0E-3,-19.24E-3
-819.0E-3,-19.22E-3
-818.0E-3,-19.20E-3
-817.0E-3,-19.18E-3
-816.0E-3,-19.17E-3
-815.0E-3,-19.15E-3
-814.0E-3,-19.13E-3
-813.0E-3,-19.11E-3
-812.0E-3,-19.09E-3
-811.0E-3,-19.07E-3
-810.0E-3,-19.05E-3
-809.0E-3,-19.03E-3
-808.0E-3,-19.01E-3
-807.0E-3,-18.99E-3
-806.0E-3,-18.97E-3
-805.0E-3,-18.96E-3
-804.0E-3,-18.94E-3
-803.0E-3,-18.92E-3
-802.0E-3,-18.90E-3
-801.0E-3,-18.88E-3
-800.0E-3,-18.86E-3
-799.0E-3,-18.84E-3
-798.0E-3,-18.82E-3
-797.0E-3,-18.81E-3
-796.0E-3,-18.79E-3
-795.0E-3,-18.77E-3
-794.0E-3,-18.75E-3
-793.0E-3,-18.73E-3
-792.0E-3,-18.71E-3
-791.0E-3,-18.70E-3
-790.0E-3,-18.68E-3
-789.0E-3,-18.66E-3
-788.0E-3,-18.64E-3
-787.0E-3,-18.62E-3
-786.0E-3,-18.60E-3
-785.0E-3,-18.59E-3
-784.0E-3,-18.57E-3
-783.0E-3,-18.55E-3
-782.0E-3,-18.53E-3
-781.0E-3,-18.51E-3
-780.0E-3,-18.49E-3
-779.0E-3,-18.47E-3
-778.0E-3,-18.46E-3
-777.0E-3,-18.44E-3
-776.0E-3,-18.42E-3
-775.0E-3,-18.40E-3
-774.0E-3,-18.38E-3
-773.0E-3,-18.36E-3
-772.0E-3,-18.35E-3
-771.0E-3,-18.33E-3
-770.0E-3,-18.31E-3
-769.0E-3,-18.29E-3
-768.0E-3,-18.27E-3
-767.0E-3,-18.25E-3
-766.0E-3,-18.24E-3
-765.0E-3,-18.22E-3
-764.0E-3,-18.20E-3
-763.0E-3,-18.18E-3
-762.0E-3,-18.16E-3
-761.0E-3,-18.14E-3
-760.0E-3,-18.13E-3
-759.0E-3,-18.11E-3
-758.0E-3,-18.09E-3
-757.0E-3,-18.07E-3
-756.0E-3,-18.05E-3
-755.0E-3,-18.03E-3
-754.0E-3,-18.02E-3
-753.0E-3,-18.00E-3
-752.0E-3,-17.98E-3
-751.0E-3,-17.96E-3
-750.0E-3,-17.94E-3
-749.0E-3,-17.92E-3
-748.0E-3,-17.91E-3
-747.0E-3,-17.89E-3
-746.0E-3,-17.87E-3
-745.0E-3,-17.85E-3
-744.0E-3,-17.83E-3
-743.0E-3,-17.81E-3
-742.0E-3,-17.80E-3
-741.0E-3,-17.78E-3
-740.0E-3,-17.76E-3
-739.0E-3,-17.74E-3
-738.0E-3,-17.72E-3
-737.0E-3,-17.70E-3
-736.0E-3,-17.69E-3
-735.0E-3,-17.67E-3
-734.0E-3,-17.65E-3
-733.0E-3,-17.63E-3
-732.0E-3,-17.61E-3
-731.0E-3,-17.59E-3
-730.0E-3,-17.58E-3
-729.0E-3,-17.56E-3
-728.0E-3,-17.54E-3
-727.0E-3,-17.52E-3
-726.0E-3,-17.50E-3
-725.0E-3,-17.48E-3
-724.0E-3,-17.47E-3
-723.0E-3,-17.45E-3
-722.0E-3,-17.43E-3
-721.0E-3,-17.41E-3
-720.0E-3,-17.39E-3
-719.0E-3,-17.37E-3
-718.0E-3,-17.36E-3
-717.0E-3,-17.34E-3
-716.0E-3,-17.32E-3
-715.0E-3,-17.30E-3
-714.0E-3,-17.29E-3
-713.0E-3,-17.27E-3
-712.0E-3,-17.25E-3
-711.0E-3,-17.23E-3
-710.0E-3,-17.21E-3
-709.0E-3,-17.20E-3
-708.0E-3,-17.18E-3
-707.0E-3,-17.16E-3
-706.0E-3,-17.14E-3
-705.0E-3,-17.13E-3
-704.0E-3,-17.11E-3
-703.0E-3,-17.09E-3
-702.0E-3,-17.07E-3
-701.0E-3,-17.06E-3
-700.0E-3,-17.04E-3
-699.0E-3,-17.02E-3
-698.0E-3,-17.00E-3
-697.0E-3,-16.98E-3
-696.0E-3,-16.97E-3
-695.0E-3,-16.95E-3
-694.0E-3,-16.93E-3
-693.0E-3,-16.91E-3
-692.0E-3,-16.90E-3
-691.0E-3,-16.88E-3
-690.0E-3,-16.86E-3
-689.0E-3,-16.84E-3
-688.0E-3,-16.83E-3
-687.0E-3,-16.81E-3
-686.0E-3,-16.79E-3
-685.0E-3,-16.77E-3
-684.0E-3,-16.75E-3
-683.0E-3,-16.74E-3
-682.0E-3,-16.72E-3
-681.0E-3,-16.70E-3
-680.0E-3,-16.68E-3
-679.0E-3,-16.67E-3
-678.0E-3,-16.65E-3
-677.0E-3,-16.63E-3
-676.0E-3,-16.61E-3
-675.0E-3,-16.60E-3
-674.0E-3,-16.58E-3
-673.0E-3,-16.56E-3
-672.0E-3,-16.54E-3
-671.0E-3,-16.52E-3
-670.0E-3,-16.51E-3
-669.0E-3,-16.49E-3
-668.0E-3,-16.47E-3
-667.0E-3,-16.45E-3
-666.0E-3,-16.44E-3
-665.0E-3,-16.42E-3
-664.0E-3,-16.40E-3
-663.0E-3,-16.38E-3
-662.0E-3,-16.37E-3
-661.0E-3,-16.35E-3
-660.0E-3,-16.33E-3
-659.0E-3,-16.31E-3
-658.0E-3,-16.29E-3
-657.0E-3,-16.28E-3
-656.0E-3,-16.26E-3
-655.0E-3,-16.24E-3
-654.0E-3,-16.22E-3
-653.0E-3,-16.21E-3
-652.0E-3,-16.19E-3
-651.0E-3,-16.17E-3
-650.0E-3,-16.15E-3
-649.0E-3,-16.13E-3
-648.0E-3,-16.12E-3
-647.0E-3,-16.10E-3
-646.0E-3,-16.08E-3
-645.0E-3,-16.06E-3
-644.0E-3,-16.05E-3
-643.0E-3,-16.03E-3
-642.0E-3,-16.01E-3
-641.0E-3,-15.99E-3
-640.0E-3,-15.98E-3
-639.0E-3,-15.96E-3
-638.0E-3,-15.94E-3
-637.0E-3,-15.92E-3
-636.0E-3,-15.91E-3
-635.0E-3,-15.89E-3
-634.0E-3,-15.87E-3
-633.0E-3,-15.86E-3
-632.0E-3,-15.84E-3
-631.0E-3,-15.82E-3
-630.0E-3,-15.80E-3
-629.0E-3,-15.79E-3
-628.0E-3,-15.77E-3
-627.0E-3,-15.75E-3
-626.0E-3,-15.74E-3
-625.0E-3,-15.72E-3
-624.0E-3,-15.70E-3
-623.0E-3,-15.69E-3
-622.0E-3,-15.67E-3
-621.0E-3,-15.65E-3
-620.0E-3,-15.63E-3
-619.0E-3,-15.62E-3
-618.0E-3,-15.60E-3
-617.0E-3,-15.58E-3
-616.0E-3,-15.57E-3
-615.0E-3,-15.55E-3
-614.0E-3,-15.53E-3
-613.0E-3,-15.51E-3
-612.0E-3,-15.50E-3
-611.0E-3,-15.48E-3
-610.0E-3,-15.46E-3
-609.0E-3,-15.45E-3
-608.0E-3,-15.43E-3
-607.0E-3,-15.41E-3
-606.0E-3,-15.39E-3
-605.0E-3,-15.38E-3
-604.0E-3,-15.36E-3
-603.0E-3,-15.34E-3
-602.0E-3,-15.33E-3
-601.0E-3,-15.31E-3
-600.0E-3,-15.29E-3
-599.0E-3,-15.28E-3
-598.0E-3,-15.26E-3
-597.0E-3,-15.24E-3
-596.0E-3,-15.22E-3
-595.0E-3,-15.21E-3
-594.0E-3,-15.19E-3
-593.0E-3,-15.17E-3
-592.0E-3,-15.16E-3
-591.0E-3,-15.14E-3
-590.0E-3,-15.12E-3
-589.0E-3,-15.10E-3
-588.0E-3,-15.09E-3
-587.0E-3,-15.07E-3
-586.0E-3,-15.05E-3
-585.0E-3,-15.04E-3
-584.0E-3,-15.02E-3
-583.0E-3,-15.00E-3
-582.0E-3,-14.98E-3
-581.0E-3,-14.97E-3
-580.0E-3,-14.95E-3
-579.0E-3,-14.93E-3
-578.0E-3,-14.92E-3
-577.0E-3,-14.90E-3
-576.0E-3,-14.88E-3
-575.0E-3,-14.87E-3
-574.0E-3,-14.85E-3
-573.0E-3,-14.83E-3
-572.0E-3,-14.81E-3
-571.0E-3,-14.80E-3
-570.0E-3,-14.78E-3
-569.0E-3,-14.76E-3
-568.0E-3,-14.75E-3
-567.0E-3,-14.73E-3
-566.0E-3,-14.71E-3
-565.0E-3,-14.69E-3
-564.0E-3,-14.68E-3
-563.0E-3,-14.66E-3
-562.0E-3,-14.64E-3
-561.0E-3,-14.63E-3
-560.0E-3,-14.61E-3
-559.0E-3,-14.59E-3
-558.0E-3,-14.58E-3
-557.0E-3,-14.56E-3
-556.0E-3,-14.54E-3
-555.0E-3,-14.53E-3
-554.0E-3,-14.51E-3
-553.0E-3,-14.49E-3
-552.0E-3,-14.48E-3
-551.0E-3,-14.46E-3
-550.0E-3,-14.44E-3
-549.0E-3,-14.43E-3
-548.0E-3,-14.41E-3
-547.0E-3,-14.39E-3
-546.0E-3,-14.38E-3
-545.0E-3,-14.36E-3
-544.0E-3,-14.35E-3
-543.0E-3,-14.33E-3
-542.0E-3,-14.31E-3
-541.0E-3,-14.30E-3
-540.0E-3,-14.28E-3
-539.0E-3,-14.26E-3
-538.0E-3,-14.25E-3
-537.0E-3,-14.23E-3
-536.0E-3,-14.21E-3
-535.0E-3,-14.20E-3
-534.0E-3,-14.18E-3
-533.0E-3,-14.16E-3
-532.0E-3,-14.15E-3
-531.0E-3,-14.13E-3
-530.0E-3,-14.11E-3
-529.0E-3,-14.10E-3
-528.0E-3,-14.08E-3
-527.0E-3,-14.06E-3
-526.0E-3,-14.05E-3
-525.0E-3,-14.03E-3
-524.0E-3,-14.02E-3
-523.0E-3,-14.00E-3
-522.0E-3,-13.98E-3
-521.0E-3,-13.97E-3
-520.0E-3,-13.95E-3
-519.0E-3,-13.93E-3
-518.0E-3,-13.92E-3
-517.0E-3,-13.90E-3
-516.0E-3,-13.88E-3
-515.0E-3,-13.87E-3
-514.0E-3,-13.85E-3
-513.0E-3,-13.83E-3
-512.0E-3,-13.82E-3
-511.0E-3,-13.80E-3
-510.0E-3,-13.78E-3
-509.0E-3,-13.77E-3
-508.0E-3,-13.75E-3
-507.0E-3,-13.74E-3
-506.0E-3,-13.72E-3
-505.0E-3,-13.70E-3
-504.0E-3,-13.69E-3
-503.0E-3,-13.67E-3
-502.0E-3,-13.65E-3
-501.0E-3,-13.64E-3
-500.0E-3,-13.62E-3
-499.0E-3,-13.60E-3
-498.0E-3,-13.59E-3
-497.0E-3,-13.57E-3
-496.0E-3,-13.55E-3
-495.0E-3,-13.54E-3
-494.0E-3,-13.52E-3
-493.0E-3,-13.50E-3
-492.0E-3,-13.49E-3
-491.0E-3,-13.47E-3
-490.0E-3,-13.45E-3
-489.0E-3,-13.44E-3
-488.0E-3,-13.42E-3
-487.0E-3,-13.41E-3
-486.0E-3,-13.39E-3
-485.0E-3,-13.37E-3
-484.0E-3,-13.36E-3
-483.0E-3,-13.34E-3
-482.0E-3,-13.32E-3
-481.0E-3,-13.31E-3
-480.0E-3,-13.29E-3
-479.0E-3,-13.27E-3
-478.0E-3,-13.26E-3
-477.0E-3,-13.24E-3
-476.0E-3,-13.23E-3
-475.0E-3,-13.21E-3
-474.0E-3,-13.19E-3
-473.0E-3,-13.18E-3
-472.0E-3,-13.16E-3
-471.0E-3,-13.15E-3
-470.0E-3,-13.13E-3
-469.0E-3,-13.11E-3
-468.0E-3,-13.10E-3
-467.0E-3,-13.08E-3
-466.0E-3,-13.07E-3
-465.0E-3,-13.05E-3
-464.0E-3,-13.03E-3
-463.0E-3,-13.02E-3
-462.0E-3,-13.00E-3
-461.0E-3,-12.99E-3
-460.0E-3,-12.97E-3
-459.0E-3,-12.96E-3
-458.0E-3,-12.94E-3
-457.0E-3,-12.92E-3
-456.0E-3,-12.91E-3
-455.0E-3,-12.89E-3
-454.0E-3,-12.88E-3
-453.0E-3,-12.86E-3
-452.0E-3,-12.84E-3
-451.0E-3,-12.83E-3
-450.0E-3,-12.81E-3
-449.0E-3,-12.80E-3
-448.0E-3,-12.78E-3
-447.0E-3,-12.76E-3
-446.0E-3,-12.75E-3
-445.0E-3,-12.73E-3
-444.0E-3,-12.72E-3
-443.0E-3,-12.70E-3
-442.0E-3,-12.68E-3
-441.0E-3,-12.67E-3
-440.0E-3,-12.65E-3
-439.0E-3,-12.64E-3
-438.0E-3,-12.62E-3
-437.0E-3,-12.60E-3
-436.0E-3,-12.59E-3
-435.0E-3,-12.57E-3
-434.0E-3,-12.56E-3
-433.0E-3,-12.54E-3
-432.0E-3,-12.52E-3
-431.0E-3,-12.51E-3
-430.0E-3,-12.49E-3
-429.0E-3,-12.48E-3
-428.0E-3,-12.46E-3
-427.0E-3,-12.45E-3
-426.0E-3,-12.43E-3
-425.0E-3,-12.41E-3
-424.0E-3,-12.40E-3
-423.0E-3,-12.38E-3
-422.0E-3,-12.37E-3
-421.0E-3,-12.35E-3
-420.0E-3,-12.33E-3
-419.0E-3,-12.32E-3
-418.0E-3,-12.30E-3
-417.0E-3,-12.29E-3
-416.0E-3,-12.27E-3
-415.0E-3,-12.25E-3
-414.0E-3,-12.24E-3
-413.0E-3,-12.22E-3
-412.0E-3,-12.21E-3
-411.0E-3,-12.19E-3
-410.0E-3,-12.17E-3
-409.0E-3,-12.16E-3
-408.0E-3,-12.14E-3
-407.0E-3,-12.13E-3
-406.0E-3,-12.11E-3
-405.0E-3,-12.09E-3
-404.0E-3,-12.08E-3
-403.0E-3,-12.06E-3
-402.0E-3,-12.05E-3
-401.0E-3,-12.03E-3
-400.0E-3,-12.01E-3
-399.0E-3,-12.00E-3
-398.0E-3,-11.98E-3
-397.0E-3,-11.97E-3
-396.0E-3,-11.95E-3
-395.0E-3,-11.94E-3
-394.0E-3,-11.92E-3
-393.0E-3,-11.91E-3
-392.0E-3,-11.89E-3
-391.0E-3,-11.88E-3
-390.0E-3,-11.86E-3
-389.0E-3,-11.85E-3
-388.0E-3,-11.83E-3
-387.0E-3,-11.81E-3
-386.0E-3,-11.80E-3
-385.0E-3,-11.78E-3
-384.0E-3,-11.77E-3
-383.0E-3,-11.75E-3
-382.0E-3,-11.74E-3
-381.0E-3,-11.72E-3
-380.0E-3,-11.71E-3
-379.0E-3,-11.69E-3
-378.0E-3,-11.68E-3
-377.0E-3,-11.66E-3
-376.0E-3,-11.64E-3
-375.0E-3,-11.63E-3
-374.0E-3,-11.61E-3
-373.0E-3,-11.60E-3
-372.0E-3,-11.58E-3
-371.0E-3,-11.57E-3
-370.0E-3,-11.55E-3
-369.0E-3,-11.54E-3
-368.0E-3,-11.52E-3
-367.0E-3,-11.51E-3
-366.0E-3,-11.49E-3
-365.0E-3,-11.47E-3
-364.0E-3,-11.46E-3
-363.0E-3,-11.44E-3
-362.0E-3,-11.43E-3
-361.0E-3,-11.41E-3
-360.0E-3,-11.40E-3
-359.0E-3,-11.38E-3
-358.0E-3,-11.37E-3
-357.0E-3,-11.35E-3
-356.0E-3,-11.34E-3
-355.0E-3,-11.32E-3
-354.0E-3,-11.30E-3
-353.0E-3,-11.29E-3
-352.0E-3,-11.27E-3
-351.0E-3,-11.26E-3
-350.0E-3,-11.24E-3
-349.0E-3,-11.23E-3
-348.0E-3,-11.21E-3
-347.0E-3,-11.20E-3
-346.0E-3,-11.18E-3
-345.0E-3,-11.17E-3
-344.0E-3,-11.15E-3
-343.0E-3,-11.13E-3
-342.0E-3,-11.12E-3
-341.0E-3,-11.10E-3
-340.0E-3,-11.09E-3
-339.0E-3,-11.07E-3
-338.0E-3,-11.06E-3
-337.0E-3,-11.04E-3
-336.0E-3,-11.03E-3
-335.0E-3,-11.01E-3
-334.0E-3,-11.00E-3
-333.0E-3,-10.98E-3
-332.0E-3,-10.96E-3
-331.0E-3,-10.95E-3
-330.0E-3,-10.93E-3
-329.0E-3,-10.92E-3
-328.0E-3,-10.90E-3
-327.0E-3,-10.89E-3
-326.0E-3,-10.87E-3
-325.0E-3,-10.86E-3
-324.0E-3,-10.84E-3
-323.0E-3,-10.83E-3
-322.0E-3,-10.81E-3
-321.0E-3,-10.80E-3
-320.0E-3,-10.78E-3
-319.0E-3,-10.76E-3
-318.0E-3,-10.75E-3
-317.0E-3,-10.73E-3
-316.0E-3,-10.72E-3
-315.0E-3,-10.70E-3
-314.0E-3,-10.69E-3
-313.0E-3,-10.67E-3
-312.0E-3,-10.66E-3
-311.0E-3,-10.64E-3
-310.0E-3,-10.63E-3
-309.0E-3,-10.61E-3
-308.0E-3,-10.60E-3
-307.0E-3,-10.58E-3
-306.0E-3,-10.57E-3
-305.0E-3,-10.55E-3
-304.0E-3,-10.54E-3
-303.0E-3,-10.52E-3
-302.0E-3,-10.51E-3
-301.0E-3,-10.49E-3
-300.0E-3,-10.48E-3
-299.0E-3,-10.46E-3
-298.0E-3,-10.45E-3
-297.0E-3,-10.43E-3
-296.0E-3,-10.42E-3
-295.0E-3,-10.40E-3
-294.0E-3,-10.38E-3
-293.0E-3,-10.37E-3
-292.0E-3,-10.35E-3
-291.0E-3,-10.34E-3
-290.0E-3,-10.32E-3
-289.0E-3,-10.31E-3
-288.0E-3,-10.29E-3
-287.0E-3,-10.28E-3
-286.0E-3,-10.26E-3
-285.0E-3,-10.25E-3
-284.0E-3,-10.23E-3
-283.0E-3,-10.22E-3
-282.0E-3,-10.20E-3
-281.0E-3,-10.19E-3
-280.0E-3,-10.17E-3
-279.0E-3,-10.16E-3
-278.0E-3,-10.14E-3
-277.0E-3,-10.13E-3
-276.0E-3,-10.11E-3
-275.0E-3,-10.10E-3
-274.0E-3,-10.08E-3
-273.0E-3,-10.07E-3
-272.0E-3,-10.05E-3
-271.0E-3,-10.04E-3
-270.0E-3,-10.02E-3
-269.0E-3,-10.01E-3
-268.0E-3,-9.990E-3
-267.0E-3,-9.975E-3
-266.0E-3,-9.960E-3
-265.0E-3,-9.945E-3
-264.0E-3,-9.930E-3
-263.0E-3,-9.915E-3
-262.0E-3,-9.899E-3
-261.0E-3,-9.884E-3
-260.0E-3,-9.869E-3
-259.0E-3,-9.854E-3
-258.0E-3,-9.839E-3
-257.0E-3,-9.823E-3
-256.0E-3,-9.808E-3
-255.0E-3,-9.793E-3
-254.0E-3,-9.778E-3
-253.0E-3,-9.763E-3
-252.0E-3,-9.748E-3
-251.0E-3,-9.732E-3
-250.0E-3,-9.717E-3
-249.0E-3,-9.702E-3
-248.0E-3,-9.687E-3
-247.0E-3,-9.672E-3
-246.0E-3,-9.657E-3
-245.0E-3,-9.641E-3
-244.0E-3,-9.626E-3
-243.0E-3,-9.611E-3
-242.0E-3,-9.596E-3
-241.0E-3,-9.581E-3
-240.0E-3,-9.565E-3
-239.0E-3,-9.549E-3
-238.0E-3,-9.533E-3
-237.0E-3,-9.517E-3
-236.0E-3,-9.500E-3
-235.0E-3,-9.484E-3
-234.0E-3,-9.468E-3
-233.0E-3,-9.452E-3
-232.0E-3,-9.435E-3
-231.0E-3,-9.419E-3
-230.0E-3,-9.403E-3
-229.0E-3,-9.386E-3
-228.0E-3,-9.370E-3
-227.0E-3,-9.354E-3
-226.0E-3,-9.338E-3
-225.0E-3,-9.321E-3
-224.0E-3,-9.305E-3
-223.0E-3,-9.289E-3
-222.0E-3,-9.272E-3
-221.0E-3,-9.256E-3
-220.0E-3,-9.240E-3
-219.0E-3,-9.224E-3
-218.0E-3,-9.207E-3
-217.0E-3,-9.191E-3
-216.0E-3,-9.175E-3
-215.0E-3,-9.158E-3
-214.0E-3,-9.142E-3
-213.0E-3,-9.126E-3
-212.0E-3,-9.110E-3
-211.0E-3,-9.093E-3
-210.0E-3,-9.077E-3
-209.0E-3,-9.061E-3
-208.0E-3,-9.045E-3
-207.0E-3,-9.028E-3
-206.0E-3,-9.012E-3
-205.0E-3,-8.996E-3
-204.0E-3,-8.979E-3
-203.0E-3,-8.963E-3
-202.0E-3,-8.947E-3
-201.0E-3,-8.931E-3
-200.0E-3,-8.914E-3
-199.0E-3,-8.898E-3
-198.0E-3,-8.882E-3
-197.0E-3,-8.865E-3
-196.0E-3,-8.849E-3
-195.0E-3,-8.833E-3
-194.0E-3,-8.817E-3
-193.0E-3,-8.800E-3
-192.0E-3,-8.784E-3
-191.0E-3,-8.768E-3
-190.0E-3,-8.751E-3
-189.0E-3,-8.735E-3
-188.0E-3,-8.719E-3
-187.0E-3,-8.703E-3
-186.0E-3,-8.686E-3
-185.0E-3,-8.670E-3
-184.0E-3,-8.654E-3
-183.0E-3,-8.638E-3
-182.0E-3,-8.621E-3
-181.0E-3,-8.605E-3
-180.0E-3,-8.589E-3
-179.0E-3,-8.572E-3
-178.0E-3,-8.556E-3
-177.0E-3,-8.540E-3
-176.0E-3,-8.524E-3
-175.0E-3,-8.507E-3
-174.0E-3,-8.491E-3
-173.0E-3,-8.475E-3
-172.0E-3,-8.458E-3
-171.0E-3,-8.442E-3
-170.0E-3,-8.426E-3
-169.0E-3,-8.410E-3
-168.0E-3,-8.393E-3
-167.0E-3,-8.377E-3
-166.0E-3,-8.361E-3
-165.0E-3,-8.345E-3
-164.0E-3,-8.328E-3
-163.0E-3,-8.312E-3
-162.0E-3,-8.296E-3
-161.0E-3,-8.279E-3
-160.0E-3,-8.263E-3
-159.0E-3,-8.237E-3
-158.0E-3,-8.211E-3
-157.0E-3,-8.185E-3
-156.0E-3,-8.160E-3
-155.0E-3,-8.134E-3
-154.0E-3,-8.108E-3
-153.0E-3,-8.082E-3
-152.0E-3,-8.056E-3
-151.0E-3,-8.030E-3
-150.0E-3,-8.004E-3
-149.0E-3,-7.978E-3
-148.0E-3,-7.953E-3
-147.0E-3,-7.927E-3
-146.0E-3,-7.901E-3
-145.0E-3,-7.875E-3
-144.0E-3,-7.849E-3
-143.0E-3,-7.823E-3
-142.0E-3,-7.797E-3
-141.0E-3,-7.771E-3
-140.0E-3,-7.746E-3
-139.0E-3,-7.720E-3
-138.0E-3,-7.694E-3
-137.0E-3,-7.668E-3
-136.0E-3,-7.642E-3
-135.0E-3,-7.616E-3
-134.0E-3,-7.590E-3
-133.0E-3,-7.564E-3
-132.0E-3,-7.539E-3
-131.0E-3,-7.513E-3
-130.0E-3,-7.487E-3
-129.0E-3,-7.461E-3
-128.0E-3,-7.435E-3
-127.0E-3,-7.409E-3
-126.0E-3,-7.383E-3
-125.0E-3,-7.357E-3
-124.0E-3,-7.332E-3
-123.0E-3,-7.306E-3
-122.0E-3,-7.280E-3
-121.0E-3,-7.254E-3
-120.0E-3,-7.228E-3
-119.0E-3,-7.202E-3
-118.0E-3,-7.176E-3
-117.0E-3,-7.150E-3
-116.0E-3,-7.125E-3
-115.0E-3,-7.099E-3
-114.0E-3,-7.073E-3
-113.0E-3,-7.047E-3
-112.0E-3,-7.021E-3
-111.0E-3,-6.995E-3
-110.0E-3,-6.969E-3
-109.0E-3,-6.943E-3
-108.0E-3,-6.918E-3
-107.0E-3,-6.892E-3
-106.0E-3,-6.866E-3
-105.0E-3,-6.840E-3
-104.0E-3,-6.814E-3
-103.0E-3,-6.788E-3
-102.0E-3,-6.762E-3
-101.0E-3,-6.736E-3
-100.0E-3,-6.711E-3
-99.00E-3,-6.685E-3
-98.00E-3,-6.659E-3
-97.00E-3,-6.633E-3
-96.00E-3,-6.607E-3
-95.00E-3,-6.581E-3
-94.00E-3,-6.555E-3
-93.00E-3,-6.529E-3
-92.00E-3,-6.504E-3
-91.00E-3,-6.478E-3
-90.00E-3,-6.452E-3
-89.00E-3,-6.426E-3
-88.00E-3,-6.400E-3
-87.00E-3,-6.374E-3
-86.00E-3,-6.348E-3
-85.00E-3,-6.322E-3
-84.00E-3,-6.297E-3
-83.00E-3,-6.271E-3
-82.00E-3,-6.245E-3
-81.00E-3,-6.219E-3
-80.00E-3,-6.193E-3
-79.00E-3,-6.116E-3
-78.00E-3,-6.038E-3
-77.00E-3,-5.961E-3
-76.00E-3,-5.883E-3
-75.00E-3,-5.806E-3
-74.00E-3,-5.729E-3
-73.00E-3,-5.651E-3
-72.00E-3,-5.574E-3
-71.00E-3,-5.496E-3
-70.00E-3,-5.419E-3
-69.00E-3,-5.342E-3
-68.00E-3,-5.264E-3
-67.00E-3,-5.187E-3
-66.00E-3,-5.109E-3
-65.00E-3,-5.032E-3
-64.00E-3,-4.954E-3
-63.00E-3,-4.877E-3
-62.00E-3,-4.800E-3
-61.00E-3,-4.722E-3
-60.00E-3,-4.645E-3
-59.00E-3,-4.567E-3
-58.00E-3,-4.490E-3
-57.00E-3,-4.413E-3
-56.00E-3,-4.335E-3
-55.00E-3,-4.258E-3
-54.00E-3,-4.180E-3
-53.00E-3,-4.103E-3
-52.00E-3,-4.026E-3
-51.00E-3,-3.948E-3
-50.00E-3,-3.871E-3
-49.00E-3,-3.793E-3
-48.00E-3,-3.716E-3
-47.00E-3,-3.638E-3
-46.00E-3,-3.561E-3
-45.00E-3,-3.484E-3
-44.00E-3,-3.406E-3
-43.00E-3,-3.329E-3
-42.00E-3,-3.251E-3
-41.00E-3,-3.174E-3
-40.00E-3,-3.097E-3
-39.00E-3,-3.019E-3
-38.00E-3,-2.942E-3
-37.00E-3,-2.864E-3
-36.00E-3,-2.787E-3
-35.00E-3,-2.709E-3
-34.00E-3,-2.632E-3
-33.00E-3,-2.555E-3
-32.00E-3,-2.477E-3
-31.00E-3,-2.400E-3
-30.00E-3,-2.322E-3
-29.00E-3,-2.245E-3
-28.00E-3,-2.168E-3
-27.00E-3,-2.090E-3
-26.00E-3,-2.013E-3
-25.00E-3,-1.935E-3
-24.00E-3,-1.858E-3
-23.00E-3,-1.781E-3
-22.00E-3,-1.703E-3
-21.00E-3,-1.626E-3
-20.00E-3,-1.548E-3
-19.00E-3,-1.471E-3
-18.00E-3,-1.393E-3
-17.00E-3,-1.316E-3
-16.00E-3,-1.239E-3
-15.00E-3,-1.161E-3
-14.00E-3,-1.084E-3
-13.00E-3,-1.006E-3
-12.00E-3,-929.0E-6
-11.00E-3,-851.5E-6
-10.00E-3,-774.1E-6
-9.000E-3,-696.7E-6
-8.000E-3,-619.3E-6
-7.000E-3,-541.9E-6
-6.000E-3,-464.5E-6
-5.000E-3,-387.1E-6
-4.000E-3,-309.7E-6
-3.000E-3,-232.2E-6
-2.000E-3,-154.8E-6
-1.000E-3,-77.41E-6
-109.3E-15,-22.99E-12
1.000E-3,183.1E-6
2.000E-3,366.1E-6
3.000E-3,549.2E-6
4.000E-3,732.2E-6
5.000E-3,915.3E-6
6.000E-3,1.098E-3
7.000E-3,1.281E-3
8.000E-3,1.464E-3
9.000E-3,1.648E-3
10.00E-3,1.831E-3
11.00E-3,2.014E-3
12.00E-3,2.197E-3
13.00E-3,2.380E-3
14.00E-3,2.563E-3
15.00E-3,2.746E-3
16.00E-3,2.929E-3
17.00E-3,3.112E-3
18.00E-3,3.295E-3
19.00E-3,3.478E-3
20.00E-3,3.661E-3
21.00E-3,3.844E-3
22.00E-3,4.027E-3
23.00E-3,4.210E-3
24.00E-3,4.393E-3
25.00E-3,4.576E-3
26.00E-3,4.759E-3
27.00E-3,4.943E-3
28.00E-3,5.126E-3
29.00E-3,5.309E-3
30.00E-3,5.492E-3
31.00E-3,5.675E-3
32.00E-3,5.858E-3
33.00E-3,6.041E-3
34.00E-3,6.224E-3
35.00E-3,6.407E-3
36.00E-3,6.590E-3
37.00E-3,6.773E-3
38.00E-3,6.956E-3
39.00E-3,7.139E-3
40.00E-3,7.322E-3
41.00E-3,7.505E-3
42.00E-3,7.688E-3
43.00E-3,7.871E-3
44.00E-3,8.054E-3
45.00E-3,8.238E-3
46.00E-3,8.421E-3
47.00E-3,8.604E-3
48.00E-3,8.787E-3
49.00E-3,8.970E-3
50.00E-3,9.153E-3
51.00E-3,9.336E-3
52.00E-3,9.519E-3
53.00E-3,9.702E-3
54.00E-3,9.885E-3
55.00E-3,10.07E-3
56.00E-3,10.25E-3
57.00E-3,10.43E-3
58.00E-3,10.62E-3
59.00E-3,10.80E-3
60.00E-3,10.98E-3
61.00E-3,11.17E-3
62.00E-3,11.35E-3
63.00E-3,11.53E-3
64.00E-3,11.72E-3
65.00E-3,11.90E-3
66.00E-3,12.08E-3
67.00E-3,12.26E-3
68.00E-3,12.45E-3
69.00E-3,12.63E-3
70.00E-3,12.81E-3
71.00E-3,13.00E-3
72.00E-3,13.18E-3
73.00E-3,13.36E-3
74.00E-3,13.55E-3
75.00E-3,13.73E-3
76.00E-3,13.91E-3
77.00E-3,14.10E-3
78.00E-3,14.28E-3
79.00E-3,14.46E-3
80.00E-3,14.64E-3
81.00E-3,14.95E-3
82.00E-3,15.25E-3
83.00E-3,15.56E-3
84.00E-3,15.86E-3
85.00E-3,16.17E-3
86.00E-3,16.47E-3
87.00E-3,16.78E-3
88.00E-3,17.08E-3
89.00E-3,17.38E-3
90.00E-3,17.69E-3
91.00E-3,17.99E-3
92.00E-3,18.30E-3
93.00E-3,18.60E-3
94.00E-3,18.91E-3
95.00E-3,19.21E-3
96.00E-3,19.51E-3
97.00E-3,19.82E-3
98.00E-3,20.12E-3
99.00E-3,20.43E-3
100.0E-3,20.73E-3
101.0E-3,21.04E-3
102.0E-3,21.34E-3
103.0E-3,21.65E-3
104.0E-3,21.95E-3
105.0E-3,22.25E-3
106.0E-3,22.56E-3
107.0E-3,22.86E-3
108.0E-3,23.17E-3
109.0E-3,23.47E-3
110.0E-3,23.78E-3
111.0E-3,24.08E-3
112.0E-3,24.38E-3
113.0E-3,24.69E-3
114.0E-3,24.99E-3
115.0E-3,25.30E-3
116.0E-3,25.60E-3
117.0E-3,25.91E-3
118.0E-3,26.21E-3
119.0E-3,26.52E-3
120.0E-3,26.82E-3
121.0E-3,27.12E-3
122.0E-3,27.43E-3
123.0E-3,27.73E-3
124.0E-3,28.04E-3
125.0E-3,28.34E-3
126.0E-3,28.65E-3
127.0E-3,28.95E-3
128.0E-3,29.25E-3
129.0E-3,29.56E-3
130.0E-3,29.86E-3
131.0E-3,30.17E-3
132.0E-3,30.47E-3
133.0E-3,30.78E-3
134.0E-3,31.08E-3
135.0E-3,31.39E-3
136.0E-3,31.69E-3
137.0E-3,31.99E-3
138.0E-3,32.30E-3
139.0E-3,32.60E-3
140.0E-3,32.91E-3
141.0E-3,33.21E-3
142.0E-3,33.52E-3
143.0E-3,33.82E-3
144.0E-3,34.12E-3
145.0E-3,34.43E-3
146.0E-3,34.73E-3
147.0E-3,35.04E-3
148.0E-3,35.34E-3
149.0E-3,35.65E-3
150.0E-3,35.95E-3
151.0E-3,36.26E-3
152.0E-3,36.56E-3
153.0E-3,36.86E-3
154.0E-3,37.17E-3
155.0E-3,37.47E-3
156.0E-3,37.78E-3
157.0E-3,38.08E-3
158.0E-3,38.39E-3
159.0E-3,38.69E-3
160.0E-3,38.99E-3
161.0E-3,39.41E-3
162.0E-3,39.83E-3
163.0E-3,40.25E-3
164.0E-3,40.66E-3
165.0E-3,41.08E-3
166.0E-3,41.50E-3
167.0E-3,41.92E-3
168.0E-3,42.33E-3
169.0E-3,42.75E-3
170.0E-3,43.17E-3
171.0E-3,43.59E-3
172.0E-3,44.00E-3
173.0E-3,44.42E-3
174.0E-3,44.84E-3
175.0E-3,45.26E-3
176.0E-3,45.67E-3
177.0E-3,46.09E-3
178.0E-3,46.51E-3
179.0E-3,46.92E-3
180.0E-3,47.34E-3
181.0E-3,47.76E-3
182.0E-3,48.18E-3
183.0E-3,48.59E-3
184.0E-3,49.01E-3
185.0E-3,49.43E-3
186.0E-3,49.85E-3
187.0E-3,50.26E-3
188.0E-3,50.68E-3
189.0E-3,51.10E-3
190.0E-3,51.52E-3
191.0E-3,51.93E-3
192.0E-3,52.35E-3
193.0E-3,52.77E-3
194.0E-3,53.18E-3
195.0E-3,53.60E-3
196.0E-3,54.02E-3
197.0E-3,54.44E-3
198.0E-3,54.85E-3
199.0E-3,55.27E-3
200.0E-3,55.69E-3
201.0E-3,56.11E-3
202.0E-3,56.52E-3
203.0E-3,56.94E-3
204.0E-3,57.36E-3
205.0E-3,57.78E-3
206.0E-3,58.19E-3
207.0E-3,58.61E-3
208.0E-3,59.03E-3
209.0E-3,59.45E-3
210.0E-3,59.86E-3
211.0E-3,60.28E-3
212.0E-3,60.70E-3
213.0E-3,61.11E-3
214.0E-3,61.53E-3
215.0E-3,61.95E-3
216.0E-3,62.37E-3
217.0E-3,62.78E-3
218.0E-3,63.20E-3
219.0E-3,63.62E-3
220.0E-3,64.04E-3
221.0E-3,64.45E-3
222.0E-3,64.87E-3
223.0E-3,65.29E-3
224.0E-3,65.71E-3
225.0E-3,66.12E-3
226.0E-3,66.54E-3
227.0E-3,66.96E-3
228.0E-3,67.37E-3
229.0E-3,67.79E-3
230.0E-3,68.21E-3
231.0E-3,68.63E-3
232.0E-3,69.04E-3
233.0E-3,69.46E-3
234.0E-3,69.88E-3
235.0E-3,70.30E-3
236.0E-3,70.71E-3
237.0E-3,71.13E-3
238.0E-3,71.55E-3
239.0E-3,71.97E-3
240.0E-3,72.38E-3
241.0E-3,72.88E-3
242.0E-3,73.38E-3
243.0E-3,73.88E-3
244.0E-3,74.38E-3
245.0E-3,74.88E-3
246.0E-3,75.37E-3
247.0E-3,75.87E-3
248.0E-3,76.37E-3
249.0E-3,76.87E-3
250.0E-3,77.37E-3
251.0E-3,77.87E-3
252.0E-3,78.37E-3
253.0E-3,78.86E-3
254.0E-3,79.36E-3
255.0E-3,79.86E-3
256.0E-3,80.36E-3
257.0E-3,80.86E-3
258.0E-3,81.36E-3
259.0E-3,81.86E-3
260.0E-3,82.35E-3
261.0E-3,82.85E-3
262.0E-3,83.35E-3
263.0E-3,83.85E-3
264.0E-3,84.35E-3
265.0E-3,84.85E-3
266.0E-3,85.35E-3
267.0E-3,85.84E-3
268.0E-3,86.34E-3
269.0E-3,86.84E-3
270.0E-3,87.34E-3
271.0E-3,87.84E-3
272.0E-3,88.34E-3
273.0E-3,88.84E-3
274.0E-3,89.33E-3
275.0E-3,89.83E-3
276.0E-3,90.33E-3
277.0E-3,90.83E-3
278.0E-3,91.33E-3
279.0E-3,91.83E-3
280.0E-3,92.32E-3
281.0E-3,92.82E-3
282.0E-3,93.32E-3
283.0E-3,93.82E-3
284.0E-3,94.32E-3
285.0E-3,94.82E-3
286.0E-3,95.32E-3
287.0E-3,95.81E-3
288.0E-3,96.31E-3
289.0E-3,96.81E-3
290.0E-3,97.31E-3
291.0E-3,97.81E-3
292.0E-3,98.31E-3
293.0E-3,98.81E-3
294.0E-3,99.30E-3
295.0E-3,99.80E-3
296.0E-3,100.3E-3
297.0E-3,100.8E-3
298.0E-3,101.3E-3
299.0E-3,101.8E-3
300.0E-3,102.3E-3
301.0E-3,102.8E-3
302.0E-3,103.3E-3
303.0E-3,103.8E-3
304.0E-3,104.3E-3
305.0E-3,104.8E-3
306.0E-3,105.3E-3
307.0E-3,105.8E-3
308.0E-3,106.3E-3
309.0E-3,106.8E-3
310.0E-3,107.3E-3
311.0E-3,107.8E-3
312.0E-3,108.3E-3
313.0E-3,108.8E-3
314.0E-3,109.3E-3
315.0E-3,109.8E-3
316.0E-3,110.3E-3
317.0E-3,110.8E-3
318.0E-3,111.3E-3
319.0E-3,111.8E-3
320.0E-3,112.3E-3
321.0E-3,112.8E-3
322.0E-3,113.4E-3
323.0E-3,113.9E-3
324.0E-3,114.5E-3
325.0E-3,115.0E-3
326.0E-3,115.6E-3
327.0E-3,116.1E-3
328.0E-3,116.7E-3
329.0E-3,117.2E-3
330.0E-3,117.8E-3
331.0E-3,118.3E-3
332.0E-3,118.9E-3
333.0E-3,119.4E-3
334.0E-3,120.0E-3
335.0E-3,120.5E-3
336.0E-3,121.1E-3
337.0E-3,121.6E-3
338.0E-3,122.2E-3
339.0E-3,122.7E-3
340.0E-3,123.3E-3
341.0E-3,123.9E-3
342.0E-3,124.4E-3
343.0E-3,125.0E-3
344.0E-3,125.5E-3
345.0E-3,126.1E-3
346.0E-3,126.6E-3
347.0E-3,127.2E-3
348.0E-3,127.7E-3
349.0E-3,128.3E-3
350.0E-3,128.8E-3
351.0E-3,129.4E-3
352.0E-3,129.9E-3
353.0E-3,130.5E-3
354.0E-3,131.0E-3
355.0E-3,131.6E-3
356.0E-3,132.1E-3
357.0E-3,132.7E-3
358.0E-3,133.2E-3
359.0E-3,133.8E-3
360.0E-3,134.3E-3
361.0E-3,134.9E-3
362.0E-3,135.4E-3
363.0E-3,136.0E-3
364.0E-3,136.5E-3
365.0E-3,137.1E-3
366.0E-3,137.6E-3
367.0E-3,138.2E-3
368.0E-3,138.7E-3
369.0E-3,139.3E-3
370.0E-3,139.9E-3
371.0E-3,140.4E-3
372.0E-3,141.0E-3
373.0E-3,141.5E-3
374.0E-3,142.1E-3
375.0E-3,142.6E-3
376.0E-3,143.2E-3
377.0E-3,143.7E-3
378.0E-3,144.3E-3
379.0E-3,144.8E-3
380.0E-3,145.4E-3
381.0E-3,145.9E-3
382.0E-3,146.5E-3
383.0E-3,147.0E-3
384.0E-3,147.6E-3
385.0E-3,148.1E-3
386.0E-3,148.7E-3
387.0E-3,149.2E-3
388.0E-3,149.8E-3
389.0E-3,150.3E-3
390.0E-3,150.9E-3
391.0E-3,151.4E-3
392.0E-3,152.0E-3
393.0E-3,152.5E-3
394.0E-3,153.1E-3
395.0E-3,153.6E-3
396.0E-3,154.2E-3
397.0E-3,154.7E-3
398.0E-3,155.3E-3
399.0E-3,155.8E-3
400.0E-3,156.4E-3
401.0E-3,157.0E-3
402.0E-3,157.6E-3
403.0E-3,158.2E-3
404.0E-3,158.7E-3
405.0E-3,159.3E-3
406.0E-3,159.9E-3
407.0E-3,160.5E-3
408.0E-3,161.1E-3
409.0E-3,161.7E-3
410.0E-3,162.3E-3
411.0E-3,162.9E-3
412.0E-3,163.4E-3
413.0E-3,164.0E-3
414.0E-3,164.6E-3
415.0E-3,165.2E-3
416.0E-3,165.8E-3
417.0E-3,166.4E-3
418.0E-3,167.0E-3
419.0E-3,167.6E-3
420.0E-3,168.1E-3
421.0E-3,168.7E-3
422.0E-3,169.3E-3
423.0E-3,169.9E-3
424.0E-3,170.5E-3
425.0E-3,171.1E-3
426.0E-3,171.7E-3
427.0E-3,172.3E-3
428.0E-3,172.8E-3
429.0E-3,173.4E-3
430.0E-3,174.0E-3
431.0E-3,174.6E-3
432.0E-3,175.2E-3
433.0E-3,175.8E-3
434.0E-3,176.4E-3
435.0E-3,177.0E-3
436.0E-3,177.5E-3
437.0E-3,178.1E-3
438.0E-3,178.7E-3
439.0E-3,179.3E-3
440.0E-3,179.9E-3
441.0E-3,180.5E-3
442.0E-3,181.1E-3
443.0E-3,181.7E-3
444.0E-3,182.2E-3
445.0E-3,182.8E-3
446.0E-3,183.4E-3
447.0E-3,184.0E-3
448.0E-3,184.6E-3
449.0E-3,185.2E-3
450.0E-3,185.8E-3
451.0E-3,186.4E-3
452.0E-3,186.9E-3
453.0E-3,187.5E-3
454.0E-3,188.1E-3
455.0E-3,188.7E-3
456.0E-3,189.3E-3
457.0E-3,189.9E-3
458.0E-3,190.5E-3
459.0E-3,191.0E-3
460.0E-3,191.6E-3
461.0E-3,192.2E-3
462.0E-3,192.8E-3
463.0E-3,193.4E-3
464.0E-3,194.0E-3
465.0E-3,194.6E-3
466.0E-3,195.2E-3
467.0E-3,195.7E-3
468.0E-3,196.3E-3
469.0E-3,196.9E-3
470.0E-3,197.5E-3
471.0E-3,198.1E-3
472.0E-3,198.7E-3
473.0E-3,199.3E-3
474.0E-3,199.9E-3
475.0E-3,200.4E-3
476.0E-3,201.0E-3
477.0E-3,201.6E-3
478.0E-3,202.2E-3
479.0E-3,202.8E-3
480.0E-3,203.4E-3
481.0E-3,204.0E-3
482.0E-3,204.6E-3
483.0E-3,205.2E-3
484.0E-3,205.8E-3
485.0E-3,206.4E-3
486.0E-3,207.1E-3
487.0E-3,207.7E-3
488.0E-3,208.3E-3
489.0E-3,208.9E-3
490.0E-3,209.5E-3
491.0E-3,210.1E-3
492.0E-3,210.7E-3
493.0E-3,211.3E-3
494.0E-3,212.0E-3
495.0E-3,212.6E-3
496.0E-3,213.2E-3
497.0E-3,213.8E-3
498.0E-3,214.4E-3
499.0E-3,215.0E-3
500.0E-3,215.6E-3
501.0E-3,216.2E-3
502.0E-3,216.8E-3
503.0E-3,217.5E-3
504.0E-3,218.1E-3
505.0E-3,218.7E-3
506.0E-3,219.3E-3
507.0E-3,219.9E-3
508.0E-3,220.5E-3
509.0E-3,221.1E-3
510.0E-3,221.7E-3
511.0E-3,222.4E-3
512.0E-3,223.0E-3
513.0E-3,223.6E-3
514.0E-3,224.2E-3
515.0E-3,224.8E-3
516.0E-3,225.4E-3
517.0E-3,226.0E-3
518.0E-3,226.6E-3
519.0E-3,227.3E-3
520.0E-3,227.9E-3
521.0E-3,228.5E-3
522.0E-3,229.1E-3
523.0E-3,229.7E-3
524.0E-3,230.3E-3
525.0E-3,230.9E-3
526.0E-3,231.5E-3
527.0E-3,232.2E-3
528.0E-3,232.8E-3
529.0E-3,233.4E-3
530.0E-3,234.0E-3
531.0E-3,234.6E-3
532.0E-3,235.2E-3
533.0E-3,235.8E-3
534.0E-3,236.4E-3
535.0E-3,237.0E-3
536.0E-3,237.7E-3
537.0E-3,238.3E-3
538.0E-3,238.9E-3
539.0E-3,239.5E-3
540.0E-3,240.1E-3
541.0E-3,240.7E-3
542.0E-3,241.3E-3
543.0E-3,241.9E-3
544.0E-3,242.6E-3
545.0E-3,243.2E-3
546.0E-3,243.8E-3
547.0E-3,244.4E-3
548.0E-3,245.0E-3
549.0E-3,245.6E-3
550.0E-3,246.2E-3
551.0E-3,246.8E-3
552.0E-3,247.5E-3
553.0E-3,248.1E-3
554.0E-3,248.7E-3
555.0E-3,249.3E-3
556.0E-3,249.9E-3
557.0E-3,250.5E-3
558.0E-3,251.1E-3
559.0E-3,251.7E-3
560.0E-3,252.4E-3
561.0E-3,253.0E-3
562.0E-3,253.6E-3
563.0E-3,254.2E-3
564.0E-3,254.9E-3
565.0E-3,255.5E-3
566.0E-3,256.1E-3
567.0E-3,256.8E-3
568.0E-3,257.4E-3
569.0E-3,258.0E-3
570.0E-3,258.7E-3
571.0E-3,259.3E-3
572.0E-3,259.9E-3
573.0E-3,260.5E-3
574.0E-3,261.2E-3
575.0E-3,261.8E-3
576.0E-3,262.4E-3
577.0E-3,263.1E-3
578.0E-3,263.7E-3
579.0E-3,264.3E-3
580.0E-3,265.0E-3
581.0E-3,265.6E-3
582.0E-3,266.2E-3
583.0E-3,266.8E-3
584.0E-3,267.5E-3
585.0E-3,268.1E-3
586.0E-3,268.7E-3
587.0E-3,269.4E-3
588.0E-3,270.0E-3
589.0E-3,270.6E-3
590.0E-3,271.3E-3
591.0E-3,271.9E-3
592.0E-3,272.5E-3
593.0E-3,273.1E-3
594.0E-3,273.8E-3
595.0E-3,274.4E-3
596.0E-3,275.0E-3
597.0E-3,275.7E-3
598.0E-3,276.3E-3
599.0E-3,276.9E-3
600.0E-3,277.6E-3
601.0E-3,278.2E-3
602.0E-3,278.8E-3
603.0E-3,279.4E-3
604.0E-3,280.1E-3
605.0E-3,280.7E-3
606.0E-3,281.3E-3
607.0E-3,282.0E-3
608.0E-3,282.6E-3
609.0E-3,283.2E-3
610.0E-3,283.9E-3
611.0E-3,284.5E-3
612.0E-3,285.1E-3
613.0E-3,285.7E-3
614.0E-3,286.4E-3
615.0E-3,287.0E-3
616.0E-3,287.6E-3
617.0E-3,288.3E-3
618.0E-3,288.9E-3
619.0E-3,289.5E-3
620.0E-3,290.2E-3
621.0E-3,290.8E-3
622.0E-3,291.4E-3
623.0E-3,292.0E-3
624.0E-3,292.7E-3
625.0E-3,293.3E-3
626.0E-3,293.9E-3
627.0E-3,294.6E-3
628.0E-3,295.2E-3
629.0E-3,295.8E-3
630.0E-3,296.5E-3
631.0E-3,297.1E-3
632.0E-3,297.7E-3
633.0E-3,298.4E-3
634.0E-3,299.0E-3
635.0E-3,299.6E-3
636.0E-3,300.2E-3
637.0E-3,300.9E-3
638.0E-3,301.5E-3
639.0E-3,302.1E-3
640.0E-3,302.8E-3
641.0E-3,303.4E-3
642.0E-3,304.0E-3
643.0E-3,304.7E-3
644.0E-3,305.3E-3
645.0E-3,306.0E-3
646.0E-3,306.6E-3
647.0E-3,307.3E-3
648.0E-3,307.9E-3
649.0E-3,308.6E-3
650.0E-3,309.2E-3
651.0E-3,309.8E-3
652.0E-3,310.5E-3
653.0E-3,311.1E-3
654.0E-3,311.8E-3
655.0E-3,312.4E-3
656.0E-3,313.1E-3
657.0E-3,313.7E-3
658.0E-3,314.4E-3
659.0E-3,315.0E-3
660.0E-3,315.6E-3
661.0E-3,316.3E-3
662.0E-3,316.9E-3
663.0E-3,317.6E-3
664.0E-3,318.2E-3
665.0E-3,318.9E-3
666.0E-3,319.5E-3
667.0E-3,320.1E-3
668.0E-3,320.8E-3
669.0E-3,321.4E-3
670.0E-3,322.1E-3
671.0E-3,322.7E-3
672.0E-3,323.4E-3
673.0E-3,324.0E-3
674.0E-3,324.7E-3
675.0E-3,325.3E-3
676.0E-3,325.9E-3
677.0E-3,326.6E-3
678.0E-3,327.2E-3
679.0E-3,327.9E-3
680.0E-3,328.5E-3
681.0E-3,329.2E-3
682.0E-3,329.8E-3
683.0E-3,330.4E-3
684.0E-3,331.1E-3
685.0E-3,331.7E-3
686.0E-3,332.4E-3
687.0E-3,333.0E-3
688.0E-3,333.7E-3
689.0E-3,334.3E-3
690.0E-3,335.0E-3
691.0E-3,335.6E-3
692.0E-3,336.2E-3
693.0E-3,336.9E-3
694.0E-3,337.5E-3
695.0E-3,338.2E-3
696.0E-3,338.8E-3
697.0E-3,339.5E-3
698.0E-3,340.1E-3
699.0E-3,340.7E-3
700.0E-3,341.4E-3
701.0E-3,342.0E-3
702.0E-3,342.7E-3
703.0E-3,343.3E-3
704.0E-3,344.0E-3
705.0E-3,344.6E-3
706.0E-3,345.3E-3
707.0E-3,345.9E-3
708.0E-3,346.5E-3
709.0E-3,347.2E-3
710.0E-3,347.8E-3
711.0E-3,348.5E-3
712.0E-3,349.1E-3
713.0E-3,349.8E-3
714.0E-3,350.4E-3
715.0E-3,351.0E-3
716.0E-3,351.7E-3
717.0E-3,352.3E-3
718.0E-3,353.0E-3
719.0E-3,353.6E-3
720.0E-3,354.3E-3
721.0E-3,354.9E-3
722.0E-3,355.6E-3
723.0E-3,356.2E-3
724.0E-3,356.9E-3
725.0E-3,357.5E-3
726.0E-3,358.2E-3
727.0E-3,358.9E-3
728.0E-3,359.5E-3
729.0E-3,360.2E-3
730.0E-3,360.8E-3
731.0E-3,361.5E-3
732.0E-3,362.1E-3
733.0E-3,362.8E-3
734.0E-3,363.4E-3
735.0E-3,364.1E-3
736.0E-3,364.7E-3
737.0E-3,365.4E-3
738.0E-3,366.1E-3
739.0E-3,366.7E-3
740.0E-3,367.4E-3
741.0E-3,368.0E-3
742.0E-3,368.7E-3
743.0E-3,369.3E-3
744.0E-3,370.0E-3
745.0E-3,370.6E-3
746.0E-3,371.3E-3
747.0E-3,371.9E-3
748.0E-3,372.6E-3
749.0E-3,373.3E-3
750.0E-3,373.9E-3
751.0E-3,374.6E-3
752.0E-3,375.2E-3
753.0E-3,375.9E-3
754.0E-3,376.5E-3
755.0E-3,377.2E-3
756.0E-3,377.8E-3
757.0E-3,378.5E-3
758.0E-3,379.1E-3
759.0E-3,379.8E-3
760.0E-3,380.5E-3
761.0E-3,381.1E-3
762.0E-3,381.8E-3
763.0E-3,382.4E-3
764.0E-3,383.1E-3
765.0E-3,383.7E-3
766.0E-3,384.4E-3
767.0E-3,385.0E-3
768.0E-3,385.7E-3
769.0E-3,386.3E-3
770.0E-3,387.0E-3
771.0E-3,387.7E-3
772.0E-3,388.3E-3
773.0E-3,389.0E-3
774.0E-3,389.6E-3
775.0E-3,390.3E-3
776.0E-3,390.9E-3
777.0E-3,391.6E-3
778.0E-3,392.2E-3
779.0E-3,392.9E-3
780.0E-3,393.5E-3
781.0E-3,394.2E-3
782.0E-3,394.9E-3
783.0E-3,395.5E-3
784.0E-3,396.2E-3
785.0E-3,396.8E-3
786.0E-3,397.5E-3
787.0E-3,398.1E-3
788.0E-3,398.8E-3
789.0E-3,399.4E-3
790.0E-3,400.1E-3
791.0E-3,400.7E-3
792.0E-3,401.4E-3
793.0E-3,402.1E-3
794.0E-3,402.7E-3
795.0E-3,403.4E-3
796.0E-3,404.0E-3
797.0E-3,404.7E-3
798.0E-3,405.3E-3
799.0E-3,406.0E-3
800.0E-3,406.6E-3
801.0E-3,407.3E-3
802.0E-3,408.0E-3
803.0E-3,408.6E-3
804.0E-3,409.3E-3
805.0E-3,410.0E-3
806.0E-3,410.6E-3
807.0E-3,411.3E-3
808.0E-3,411.9E-3
809.0E-3,412.6E-3
810.0E-3,413.3E-3
811.0E-3,413.9E-3
812.0E-3,414.6E-3
813.0E-3,415.3E-3
814.0E-3,415.9E-3
815.0E-3,416.6E-3
816.0E-3,417.2E-3
817.0E-3,417.9E-3
818.0E-3,418.6E-3
819.0E-3,419.2E-3
820.0E-3,419.9E-3
821.0E-3,420.6E-3
822.0E-3,421.2E-3
823.0E-3,421.9E-3
824.0E-3,422.6E-3
825.0E-3,423.2E-3
826.0E-3,423.9E-3
827.0E-3,424.5E-3
828.0E-3,425.2E-3
829.0E-3,425.9E-3
830.0E-3,426.5E-3
831.0E-3,427.2E-3
832.0E-3,427.9E-3
833.0E-3,428.5E-3
834.0E-3,429.2E-3
835.0E-3,429.9E-3
836.0E-3,430.5E-3
837.0E-3,431.2E-3
838.0E-3,431.8E-3
839.0E-3,432.5E-3
840.0E-3,433.2E-3
841.0E-3,433.8E-3
842.0E-3,434.5E-3
843.0E-3,435.2E-3
844.0E-3,435.8E-3
845.0E-3,436.5E-3
846.0E-3,437.1E-3
847.0E-3,437.8E-3
848.0E-3,438.5E-3
849.0E-3,439.1E-3
850.0E-3,439.8E-3
851.0E-3,440.5E-3
852.0E-3,441.1E-3
853.0E-3,441.8E-3
854.0E-3,442.5E-3
855.0E-3,443.1E-3
856.0E-3,443.8E-3
857.0E-3,444.4E-3
858.0E-3,445.1E-3
859.0E-3,445.8E-3
860.0E-3,446.4E-3
861.0E-3,447.1E-3
862.0E-3,447.8E-3
863.0E-3,448.4E-3
864.0E-3,449.1E-3
865.0E-3,449.8E-3
866.0E-3,450.4E-3
867.0E-3,451.1E-3
868.0E-3,451.7E-3
869.0E-3,452.4E-3
870.0E-3,453.1E-3
871.0E-3,453.7E-3
872.0E-3,454.4E-3
873.0E-3,455.1E-3
874.0E-3,455.7E-3
875.0E-3,456.4E-3
876.0E-3,457.0E-3
877.0E-3,457.7E-3
878.0E-3,458.4E-3
879.0E-3,459.0E-3
880.0E-3,459.7E-3
881.0E-3,460.4E-3
882.0E-3,461.0E-3
883.0E-3,461.7E-3
884.0E-3,462.4E-3
885.0E-3,463.1E-3
886.0E-3,463.7E-3
887.0E-3,464.4E-3
888.0E-3,465.1E-3
889.0E-3,465.7E-3
890.0E-3,466.4E-3
891.0E-3,467.1E-3
892.0E-3,467.7E-3
893.0E-3,468.4E-3
894.0E-3,469.1E-3
895.0E-3,469.8E-3
896.0E-3,470.4E-3
897.0E-3,471.1E-3
898.0E-3,471.8E-3
899.0E-3,472.4E-3
900.0E-3,473.1E-3
901.0E-3,473.8E-3
902.0E-3,474.5E-3
903.0E-3,475.1E-3
904.0E-3,475.8E-3
905.0E-3,476.5E-3
906.0E-3,477.1E-3
907.0E-3,477.8E-3
908.0E-3,478.5E-3
909.0E-3,479.1E-3
910.0E-3,479.8E-3
911.0E-3,480.5E-3
912.0E-3,481.2E-3
913.0E-3,481.8E-3
914.0E-3,482.5E-3
915.0E-3,483.2E-3
916.0E-3,483.8E-3
917.0E-3,484.5E-3
918.0E-3,485.2E-3
919.0E-3,485.9E-3
920.0E-3,486.5E-3
921.0E-3,487.2E-3
922.0E-3,487.9E-3
923.0E-3,488.5E-3
924.0E-3,489.2E-3
925.0E-3,489.9E-3
926.0E-3,490.5E-3
927.0E-3,491.2E-3
928.0E-3,491.9E-3
929.0E-3,492.6E-3
930.0E-3,493.2E-3
931.0E-3,493.9E-3
932.0E-3,494.6E-3
933.0E-3,495.2E-3
934.0E-3,495.9E-3
935.0E-3,496.6E-3
936.0E-3,497.3E-3
937.0E-3,497.9E-3
938.0E-3,498.6E-3
939.0E-3,499.3E-3
940.0E-3,499.9E-3
941.0E-3,500.6E-3
942.0E-3,501.3E-3
943.0E-3,501.9E-3
944.0E-3,502.6E-3
945.0E-3,503.3E-3
946.0E-3,504.0E-3
947.0E-3,504.6E-3
948.0E-3,505.3E-3
949.0E-3,506.0E-3
950.0E-3,506.6E-3
951.0E-3,507.3E-3
952.0E-3,508.0E-3
953.0E-3,508.7E-3
954.0E-3,509.3E-3
955.0E-3,510.0E-3
956.0E-3,510.7E-3
957.0E-3,511.3E-3
958.0E-3,512.0E-3
959.0E-3,512.7E-3
960.0E-3,513.3E-3
961.0E-3,514.0E-3
962.0E-3,514.7E-3
963.0E-3,515.4E-3
964.0E-3,516.1E-3
965.0E-3,516.7E-3
966.0E-3,517.4E-3
967.0E-3,518.1E-3
968.0E-3,518.8E-3
969.0E-3,519.4E-3
970.0E-3,520.1E-3
971.0E-3,520.8E-3
972.0E-3,521.5E-3
973.0E-3,522.1E-3
974.0E-3,522.8E-3
975.0E-3,523.5E-3
976.0E-3,524.2E-3
977.0E-3,524.9E-3
978.0E-3,525.5E-3
979.0E-3,526.2E-3
980.0E-3,526.9E-3
981.0E-3,527.6E-3
982.0E-3,528.2E-3
983.0E-3,528.9E-3
984.0E-3,529.6E-3
985.0E-3,530.3E-3
986.0E-3,530.9E-3
987.0E-3,531.6E-3
988.0E-3,532.3E-3
989.0E-3,533.0E-3
990.0E-3,533.7E-3
991.0E-3,534.3E-3
992.0E-3,535.0E-3
993.0E-3,535.7E-3
994.0E-3,536.4E-3
995.0E-3,537.0E-3
996.0E-3,537.7E-3
997.0E-3,538.4E-3
998.0E-3,539.1E-3
999.0E-3,539.7E-3
1.000,540.4E-3
1.001,541.1E-3
1.002,541.8E-3
1.003,542.5E-3
1.004,543.1E-3
1.005,543.8E-3
1.006,544.5E-3
1.007,545.2E-3
1.008,545.8E-3
1.009,546.5E-3
1.010,547.2E-3
1.011,547.9E-3
1.012,548.5E-3
1.013,549.2E-3
1.014,549.9E-3
1.015,550.6E-3
1.016,551.3E-3
1.017,551.9E-3
1.018,552.6E-3
1.019,553.3E-3
1.020,554.0E-3
1.021,554.6E-3
1.022,555.3E-3
1.023,556.0E-3
1.024,556.7E-3
1.025,557.3E-3
1.026,558.0E-3
1.027,558.7E-3
1.028,559.4E-3
1.029,560.1E-3
1.030,560.7E-3
1.031,561.4E-3
1.032,562.1E-3
1.033,562.8E-3
1.034,563.4E-3
1.035,564.1E-3
1.036,564.8E-3
1.037,565.5E-3
1.038,566.1E-3
1.039,566.8E-3
1.040,567.5E-3
1.041,568.2E-3
1.042,568.9E-3
1.043,569.5E-3
1.044,570.2E-3
1.045,570.9E-3
1.046,571.6E-3
1.047,572.3E-3
1.048,573.0E-3
1.049,573.6E-3
1.050,574.3E-3
1.051,575.0E-3
1.052,575.7E-3
1.053,576.4E-3
1.054,577.0E-3
1.055,577.7E-3
1.056,578.4E-3
1.057,579.1E-3
1.058,579.8E-3
1.059,580.5E-3
1.060,581.1E-3
1.061,581.8E-3
1.062,582.5E-3
1.063,583.2E-3
1.064,583.9E-3
1.065,584.6E-3
1.066,585.2E-3
1.067,585.9E-3
1.068,586.6E-3
1.069,587.3E-3
1.070,588.0E-3
1.071,588.6E-3
1.072,589.3E-3
1.073,590.0E-3
1.074,590.7E-3
1.075,591.4E-3
1.076,592.1E-3
1.077,592.7E-3
1.078,593.4E-3
1.079,594.1E-3
1.080,594.8E-3
1.081,595.5E-3
1.082,596.2E-3
1.083,596.8E-3
1.084,597.5E-3
1.085,598.2E-3
1.086,598.9E-3
1.087,599.6E-3
1.088,600.2E-3
1.089,600.9E-3
1.090,601.6E-3
1.091,602.3E-3
1.092,603.0E-3
1.093,603.7E-3
1.094,604.3E-3
1.095,605.0E-3
1.096,605.7E-3
1.097,606.4E-3
1.098,607.1E-3
1.099,607.7E-3
1.100,608.4E-3
1.101,609.1E-3
1.102,609.8E-3
1.103,610.5E-3
1.104,611.2E-3
1.105,611.8E-3
1.106,612.5E-3
1.107,613.2E-3
1.108,613.9E-3
1.109,614.6E-3
1.110,615.3E-3
1.111,615.9E-3
1.112,616.6E-3
1.113,617.3E-3
1.114,618.0E-3
1.115,618.7E-3
1.116,619.3E-3
1.117,620.0E-3
1.118,620.7E-3
1.119,621.4E-3
1.120,622.1E-3
1.121,622.8E-3
1.122,623.5E-3
1.123,624.1E-3
1.124,624.8E-3
1.125,625.5E-3
1.126,626.2E-3
1.127,626.9E-3
1.128,627.6E-3
1.129,628.3E-3
1.130,628.9E-3
1.131,629.6E-3
1.132,630.3E-3
1.133,631.0E-3
1.134,631.7E-3
1.135,632.4E-3
1.136,633.1E-3
1.137,633.8E-3
1.138,634.4E-3
1.139,635.1E-3
1.140,635.8E-3
1.141,636.5E-3
1.142,637.2E-3
1.143,637.9E-3
1.144,638.6E-3
1.145,639.3E-3
1.146,639.9E-3
1.147,640.6E-3
1.148,641.3E-3
1.149,642.0E-3
1.150,642.7E-3
1.151,643.4E-3
1.152,644.1E-3
1.153,644.8E-3
1.154,645.4E-3
1.155,646.1E-3
1.156,646.8E-3
1.157,647.5E-3
1.158,648.2E-3
1.159,648.9E-3
1.160,649.6E-3
1.161,650.2E-3
1.162,650.9E-3
1.163,651.6E-3
1.164,652.3E-3
1.165,653.0E-3
1.166,653.7E-3
1.167,654.4E-3
1.168,655.1E-3
1.169,655.7E-3
1.170,656.4E-3
1.171,657.1E-3
1.172,657.8E-3
1.173,658.5E-3
1.174,659.2E-3
1.175,659.9E-3
1.176,660.6E-3
1.177,661.2E-3
1.178,661.9E-3
1.179,662.6E-3
1.180,663.3E-3
1.181,664.0E-3
1.182,664.7E-3
1.183,665.4E-3
1.184,666.1E-3
1.185,666.7E-3
1.186,667.4E-3
1.187,668.1E-3
1.188,668.8E-3
1.189,669.5E-3
1.190,670.2E-3
1.191,670.9E-3
1.192,671.5E-3
1.193,672.2E-3
1.194,672.9E-3
1.195,673.6E-3
1.196,674.3E-3
1.197,675.0E-3
1.198,675.7E-3
1.199,676.4E-3
1.200,677.0E-3
1.201,677.7E-3
1.202,678.4E-3
1.203,679.1E-3
1.204,679.8E-3
1.205,680.5E-3
1.206,681.2E-3
1.207,681.9E-3
1.208,682.6E-3
1.209,683.3E-3
1.210,684.0E-3
1.211,684.6E-3
1.212,685.3E-3
1.213,686.0E-3
1.214,686.7E-3
1.215,687.4E-3
1.216,688.1E-3
1.217,688.8E-3
1.218,689.5E-3
1.219,690.2E-3
1.220,690.9E-3
1.221,691.6E-3
1.222,692.3E-3
1.223,692.9E-3
1.224,693.6E-3
1.225,694.3E-3
1.226,695.0E-3
1.227,695.7E-3
1.228,696.4E-3
1.229,697.1E-3
1.230,697.8E-3
1.231,698.5E-3
1.232,699.2E-3
1.233,699.9E-3
1.234,700.6E-3
1.235,701.2E-3
1.236,701.9E-3
1.237,702.6E-3
1.238,703.3E-3
1.239,704.0E-3
1.240,704.7E-3
1.241,705.4E-3
1.242,706.1E-3
1.243,706.8E-3
1.244,707.5E-3
1.245,708.2E-3
1.246,708.8E-3
1.247,709.5E-3
1.248,710.2E-3
1.249,710.9E-3
1.250,711.6E-3
1.251,712.3E-3
1.252,713.0E-3
1.253,713.7E-3
1.254,714.4E-3
1.255,715.1E-3
1.256,715.8E-3
1.257,716.5E-3
1.258,717.1E-3
1.259,717.8E-3
1.260,718.5E-3
1.261,719.2E-3
1.262,719.9E-3
1.263,720.6E-3
1.264,721.3E-3
1.265,722.0E-3
1.266,722.7E-3
1.267,723.4E-3
1.268,724.1E-3
1.269,724.7E-3
1.270,725.4E-3
1.271,726.1E-3
1.272,726.8E-3
1.273,727.5E-3
1.274,728.2E-3
1.275,728.9E-3
1.276,729.6E-3
1.277,730.3E-3
1.278,731.0E-3
1.279,731.7E-3
1.280,732.4E-3
1.281,733.1E-3
1.282,733.7E-3
1.283,734.4E-3
1.284,735.1E-3
1.285,735.8E-3
1.286,736.5E-3
1.287,737.2E-3
1.288,737.9E-3
1.289,738.6E-3
1.290,739.3E-3
1.291,740.0E-3
1.292,740.7E-3
1.293,741.4E-3
1.294,742.1E-3
1.295,742.8E-3
1.296,743.5E-3
1.297,744.2E-3
1.298,744.9E-3
1.299,745.6E-3
1.300,746.3E-3
1.301,747.0E-3
1.302,747.7E-3
1.303,748.3E-3
1.304,749.0E-3
1.305,749.7E-3
1.306,750.4E-3
1.307,751.1E-3
1.308,751.8E-3
1.309,752.5E-3
1.310,753.2E-3
1.311,753.9E-3
1.312,754.6E-3
1.313,755.3E-3
1.314,756.0E-3
1.315,756.7E-3
1.316,757.4E-3
1.317,758.1E-3
1.318,758.8E-3
1.319,759.5E-3
1.320,760.2E-3
1.321,760.9E-3
1.322,761.6E-3
1.323,762.3E-3
1.324,762.9E-3
1.325,763.6E-3
1.326,764.3E-3
1.327,765.0E-3
1.328,765.7E-3
1.329,766.4E-3
1.330,767.1E-3
1.331,767.8E-3
1.332,768.5E-3
1.333,769.2E-3
1.334,769.9E-3
1.335,770.6E-3
1.336,771.3E-3
1.337,772.0E-3
1.338,772.7E-3
1.339,773.4E-3
1.340,774.1E-3
1.341,774.8E-3
1.342,775.5E-3
1.343,776.2E-3
1.344,776.9E-3
1.345,777.6E-3
1.346,778.2E-3
1.347,778.9E-3
1.348,779.6E-3
1.349,780.3E-3
1.350,781.0E-3
1.351,781.7E-3
1.352,782.4E-3
1.353,783.1E-3
1.354,783.8E-3
1.355,784.5E-3
1.356,785.2E-3
1.357,785.9E-3
1.358,786.6E-3
1.359,787.3E-3
1.360,788.0E-3
1.361,788.7E-3
1.362,789.4E-3
1.363,790.1E-3
1.364,790.8E-3
1.365,791.5E-3
1.366,792.2E-3
1.367,792.9E-3
1.368,793.6E-3
1.369,794.3E-3
1.370,795.0E-3
1.371,795.7E-3
1.372,796.4E-3
1.373,797.1E-3
1.374,797.8E-3
1.375,798.5E-3
1.376,799.2E-3
1.377,799.9E-3
1.378,800.6E-3
1.379,801.3E-3
1.380,802.0E-3
1.381,802.7E-3
1.382,803.4E-3
1.383,804.1E-3
1.384,804.8E-3
1.385,805.5E-3
1.386,806.2E-3
1.387,806.9E-3
1.388,807.6E-3
1.389,808.2E-3
1.390,808.9E-3
1.391,809.6E-3
1.392,810.3E-3
1.393,811.0E-3
1.394,811.7E-3
1.395,812.4E-3
1.396,813.1E-3
1.397,813.8E-3
1.398,814.5E-3
1.399,815.2E-3
1.400,815.9E-3
1.401,816.6E-3
1.402,817.3E-3
1.403,818.0E-3
1.404,818.7E-3
1.405,819.4E-3
1.406,820.1E-3
1.407,820.8E-3
1.408,821.5E-3
1.409,822.2E-3
1.410,822.9E-3
1.411,823.6E-3
1.412,824.3E-3
1.413,825.0E-3
1.414,825.7E-3
1.415,826.4E-3
1.416,827.1E-3
1.417,827.8E-3
1.418,828.5E-3
1.419,829.2E-3
1.420,829.9E-3
1.421,830.6E-3
1.422,831.3E-3
1.423,832.0E-3
1.424,832.7E-3
1.425,833.4E-3
1.426,834.1E-3
1.427,834.8E-3
1.428,835.5E-3
1.429,836.2E-3
1.430,836.9E-3
1.431,837.6E-3
1.432,838.3E-3
1.433,839.0E-3
1.434,839.7E-3
1.435,840.4E-3
1.436,841.1E-3
1.437,841.8E-3
1.438,842.5E-3
1.439,843.2E-3
1.440,843.9E-3
1.441,844.6E-3
1.442,845.3E-3
1.443,846.0E-3
1.444,846.7E-3
1.445,847.4E-3
1.446,848.1E-3
1.447,848.8E-3
1.448,849.5E-3
1.449,850.2E-3
1.450,850.9E-3
1.451,851.6E-3
1.452,852.3E-3
1.453,853.0E-3
1.454,853.7E-3
1.455,854.4E-3
1.456,855.1E-3
1.457,855.8E-3
1.458,856.5E-3
1.459,857.2E-3
1.460,857.9E-3
1.461,858.6E-3
1.462,859.3E-3
1.463,860.0E-3
1.464,860.7E-3
1.465,861.5E-3
1.466,862.2E-3
1.467,862.9E-3
1.468,863.6E-3
1.469,864.3E-3
1.470,865.0E-3
1.471,865.7E-3
1.472,866.4E-3
1.473,867.1E-3
1.474,867.8E-3
1.475,868.5E-3
1.476,869.2E-3
1.477,869.9E-3
1.478,870.6E-3
1.479,871.3E-3
1.480,872.0E-3
1.481,872.7E-3
1.482,873.4E-3
1.483,874.1E-3
1.484,874.8E-3
1.485,875.5E-3
1.486,876.2E-3
1.487,876.9E-3
1.488,877.6E-3
1.489,878.3E-3
1.490,879.0E-3
1.491,879.7E-3
1.492,880.4E-3
1.493,881.1E-3
1.494,881.8E-3
1.495,882.5E-3
1.496,883.2E-3
1.497,883.9E-3
1.498,884.6E-3
1.499,885.3E-3
1.500,886.0E-3
1.501,886.7E-3
1.502,887.4E-3
1.503,888.1E-3
1.504,888.8E-3
1.505,889.5E-3
1.506,890.2E-3
1.507,890.9E-3
1.508,891.6E-3
1.509,892.3E-3
1.510,893.1E-3
1.511,893.8E-3
1.512,894.5E-3
1.513,895.2E-3
1.514,895.9E-3
1.515,896.6E-3
1.516,897.3E-3
1.517,898.0E-3
1.518,898.7E-3
1.519,899.4E-3
1.520,900.1E-3
1.521,900.8E-3
1.522,901.5E-3
1.523,902.2E-3
1.524,902.9E-3
1.525,903.6E-3
1.526,904.3E-3
1.527,905.0E-3
1.528,905.7E-3
1.529,906.4E-3
1.530,907.1E-3
1.531,907.8E-3
1.532,908.5E-3
1.533,909.2E-3
1.534,909.9E-3
1.535,910.7E-3
1.536,911.4E-3
1.537,912.1E-3
1.538,912.8E-3
1.539,913.5E-3
1.540,914.2E-3
1.541,914.9E-3
1.542,915.6E-3
1.543,916.3E-3
1.544,917.0E-3
1.545,917.7E-3
1.546,918.4E-3
1.547,919.1E-3
1.548,919.8E-3
1.549,920.5E-3
1.550,921.2E-3
1.551,921.9E-3
1.552,922.6E-3
1.553,923.3E-3
1.554,924.1E-3
1.555,924.8E-3
1.556,925.5E-3
1.557,926.2E-3
1.558,926.9E-3
1.559,927.6E-3
1.560,928.3E-3
1.561,929.0E-3
1.562,929.7E-3
1.563,930.4E-3
1.564,931.1E-3
1.565,931.8E-3
1.566,932.5E-3
1.567,933.2E-3
1.568,933.9E-3
1.569,934.6E-3
1.570,935.3E-3
1.571,936.0E-3
1.572,936.8E-3
1.573,937.5E-3
1.574,938.2E-3
1.575,938.9E-3
1.576,939.6E-3
1.577,940.3E-3
1.578,941.0E-3
1.579,941.7E-3
1.580,942.4E-3
1.581,943.1E-3
1.582,943.8E-3
1.583,944.5E-3
1.584,945.2E-3
1.585,945.9E-3
1.586,946.6E-3
1.587,947.3E-3
1.588,948.0E-3
1.589,948.7E-3
1.590,949.4E-3
1.591,950.2E-3
1.592,950.9E-3
1.593,951.6E-3
1.594,952.3E-3
1.595,953.0E-3
1.596,953.7E-3
1.597,954.4E-3
1.598,955.1E-3
1.599,955.8E-3
1.600,956.5E-3
1.601,957.2E-3
1.602,957.9E-3
1.603,958.6E-3
1.604,959.3E-3
1.605,960.0E-3
1.606,960.7E-3
1.607,961.5E-3
1.608,962.2E-3
1.609,962.9E-3
1.610,963.6E-3
1.611,964.3E-3
1.612,965.0E-3
1.613,965.7E-3
1.614,966.4E-3
1.615,967.1E-3
1.616,967.8E-3
1.617,968.5E-3
1.618,969.2E-3
1.619,970.0E-3
1.620,970.7E-3
1.621,971.4E-3
1.622,972.1E-3
1.623,972.8E-3
1.624,973.5E-3
1.625,974.2E-3
1.626,974.9E-3
1.627,975.6E-3
1.628,976.3E-3
1.629,977.0E-3
1.630,977.7E-3
1.631,978.5E-3
1.632,979.2E-3
1.633,979.9E-3
1.634,980.6E-3
1.635,981.3E-3
1.636,982.0E-3
1.637,982.7E-3
1.638,983.4E-3
1.639,984.1E-3
1.640,984.8E-3
1.641,985.5E-3
1.642,986.2E-3
1.643,987.0E-3
1.644,987.7E-3
1.645,988.4E-3
1.646,989.1E-3
1.647,989.8E-3
1.648,990.5E-3
1.649,991.2E-3
1.650,991.9E-3
1.651,992.6E-3
1.652,993.3E-3
1.653,994.0E-3
1.654,994.7E-3
1.655,995.5E-3
1.656,996.2E-3
1.657,996.9E-3
1.658,997.6E-3
1.659,998.3E-3
1.660,999.0E-3
1.661,999.7E-3
1.662,1.000
1.663,1.001
1.664,1.002
1.665,1.003
1.666,1.003
1.667,1.004
1.668,1.005
1.669,1.005
1.670,1.006
1.671,1.007
1.672,1.007
1.673,1.008
1.674,1.009
1.675,1.010
1.676,1.010
1.677,1.011
1.678,1.012
1.679,1.012
1.680,1.013
1.681,1.014
1.682,1.015
1.683,1.015
1.684,1.016
1.685,1.017
1.686,1.017
1.687,1.018
1.688,1.019
1.689,1.020
1.690,1.020
1.691,1.021
1.692,1.022
1.693,1.022
1.694,1.023
1.695,1.024
1.696,1.025
1.697,1.025
1.698,1.026
1.699,1.027
1.700,1.027
1.701,1.028
1.702,1.029
1.703,1.030
1.704,1.030
1.705,1.031
1.706,1.032
1.707,1.032
1.708,1.033
1.709,1.034
1.710,1.034
1.711,1.035
1.712,1.036
1.713,1.037
1.714,1.037
1.715,1.038
1.716,1.039
1.717,1.039
1.718,1.040
1.719,1.041
1.720,1.042
1.721,1.042
1.722,1.043
1.723,1.044
1.724,1.044
1.725,1.045
1.726,1.046
1.727,1.047
1.728,1.047
1.729,1.048
1.730,1.049
1.731,1.049
1.732,1.050
1.733,1.051
1.734,1.052
1.735,1.052
1.736,1.053
1.737,1.054
1.738,1.054
1.739,1.055
1.740,1.056
1.741,1.057
1.742,1.057
1.743,1.058
1.744,1.059
1.745,1.059
1.746,1.060
1.747,1.061
1.748,1.061
1.749,1.062
1.750,1.063
1.751,1.064
1.752,1.064
1.753,1.065
1.754,1.066
1.755,1.066
1.756,1.067
1.757,1.068
1.758,1.069
1.759,1.069
1.760,1.070
1.761,1.071
1.762,1.071
1.763,1.072
1.764,1.073
1.765,1.074
1.766,1.074
1.767,1.075
1.768,1.076
1.769,1.076
1.770,1.077
1.771,1.078
1.772,1.079
1.773,1.079
1.774,1.080
1.775,1.081
1.776,1.081
1.777,1.082
1.778,1.083
1.779,1.084
1.780,1.084
1.781,1.085
1.782,1.086
1.783,1.086
1.784,1.087
1.785,1.088
1.786,1.089
1.787,1.089
1.788,1.090
1.789,1.091
1.790,1.091
1.791,1.092
1.792,1.093
1.793,1.094
1.794,1.094
1.795,1.095
1.796,1.096
1.797,1.096
1.798,1.097
1.799,1.098
1.800,1.099
1.801,1.099
1.802,1.100
1.803,1.101
1.804,1.101
1.805,1.102
1.806,1.103
1.807,1.104
1.808,1.104
1.809,1.105
1.810,1.106
1.811,1.106
1.812,1.107
1.813,1.108
1.814,1.109
1.815,1.109
1.816,1.110
1.817,1.111
1.818,1.111
1.819,1.112
1.820,1.113
1.821,1.114
1.822,1.114
1.823,1.115
1.824,1.116
1.825,1.116
1.826,1.117
1.827,1.118
1.828,1.119
1.829,1.119
1.830,1.120
1.831,1.121
1.832,1.121
1.833,1.122
1.834,1.123
1.835,1.124
1.836,1.124
1.837,1.125
1.838,1.126
1.839,1.126
1.840,1.127
1.841,1.128
1.842,1.129
1.843,1.129
1.844,1.130
1.845,1.131
1.846,1.131
1.847,1.132
1.848,1.133
1.849,1.134
1.850,1.134
1.851,1.135
1.852,1.136
1.853,1.136
1.854,1.137
1.855,1.138
1.856,1.139
1.857,1.139
1.858,1.140
1.859,1.141
1.860,1.141
1.861,1.142
1.862,1.143
1.863,1.144
1.864,1.144
1.865,1.145
1.866,1.146
1.867,1.146
1.868,1.147
1.869,1.148
1.870,1.149
1.871,1.149
1.872,1.150
1.873,1.151
1.874,1.151
1.875,1.152
1.876,1.153
1.877,1.154
1.878,1.154
1.879,1.155
1.880,1.156
1.881,1.156
1.882,1.157
1.883,1.158
1.884,1.159
1.885,1.159
1.886,1.160
1.887,1.161
1.888,1.161
1.889,1.162
1.890,1.163
1.891,1.164
1.892,1.164
1.893,1.165
1.894,1.166
1.895,1.166
1.896,1.167
1.897,1.168
1.898,1.169
1.899,1.169
1.900,1.170
1.901,1.171
1.902,1.171
1.903,1.172
1.904,1.173
1.905,1.174
1.906,1.174
1.907,1.175
1.908,1.176
1.909,1.177
1.910,1.177
1.911,1.178
1.912,1.179
1.913,1.179
1.914,1.180
1.915,1.181
1.916,1.182
1.917,1.182
1.918,1.183
1.919,1.184
1.920,1.184
1.921,1.185
1.922,1.186
1.923,1.187
1.924,1.187
1.925,1.188
1.926,1.189
1.927,1.189
1.928,1.190
1.929,1.191
1.930,1.192
1.931,1.192
1.932,1.193
1.933,1.194
1.934,1.194
1.935,1.195
1.936,1.196
1.937,1.197
1.938,1.197
1.939,1.198
1.940,1.199
1.941,1.199
1.942,1.200
1.943,1.201
1.944,1.202
1.945,1.202
1.946,1.203
1.947,1.204
1.948,1.204
1.949,1.205
1.950,1.206
1.951,1.207
1.952,1.207
1.953,1.208
1.954,1.209
1.955,1.210
1.956,1.210
1.957,1.211
1.958,1.212
1.959,1.212
1.960,1.213
1.961,1.214
1.962,1.215
1.963,1.215
1.964,1.216
1.965,1.217
1.966,1.217
1.967,1.218
1.968,1.219
1.969,1.220
1.970,1.220
1.971,1.221
1.972,1.222
1.973,1.222
1.974,1.223
1.975,1.224
1.976,1.225
1.977,1.225
1.978,1.226
1.979,1.227
1.980,1.227
1.981,1.228
1.982,1.229
1.983,1.230
1.984,1.230
1.985,1.231
1.986,1.232
1.987,1.232
1.988,1.233
1.989,1.234
1.990,1.235
1.991,1.235
1.992,1.236
1.993,1.237
1.994,1.238
1.995,1.238
1.996,1.239
1.997,1.240
1.998,1.240
1.999,1.241
2.000,1.242
2.000,1.242
