vin ,/vout_faulty (V)
-2.000,79.33E-3
-1.999,79.33E-3
-1.998,79.33E-3
-1.997,79.33E-3
-1.996,79.33E-3
-1.995,79.33E-3
-1.994,79.33E-3
-1.993,79.33E-3
-1.992,79.33E-3
-1.991,79.33E-3
-1.990,79.33E-3
-1.989,79.33E-3
-1.988,79.33E-3
-1.987,79.33E-3
-1.986,79.33E-3
-1.985,79.33E-3
-1.984,79.33E-3
-1.983,79.33E-3
-1.982,79.33E-3
-1.981,79.33E-3
-1.980,79.33E-3
-1.979,79.33E-3
-1.978,79.33E-3
-1.977,79.33E-3
-1.976,79.33E-3
-1.975,79.33E-3
-1.974,79.33E-3
-1.973,79.33E-3
-1.972,79.33E-3
-1.971,79.33E-3
-1.970,79.33E-3
-1.969,79.33E-3
-1.968,79.33E-3
-1.967,79.33E-3
-1.966,79.33E-3
-1.965,79.33E-3
-1.964,79.33E-3
-1.963,79.33E-3
-1.962,79.33E-3
-1.961,79.33E-3
-1.960,79.33E-3
-1.959,79.33E-3
-1.958,79.33E-3
-1.957,79.33E-3
-1.956,79.33E-3
-1.955,79.33E-3
-1.954,79.33E-3
-1.953,79.33E-3
-1.952,79.33E-3
-1.951,79.33E-3
-1.950,79.33E-3
-1.949,79.33E-3
-1.948,79.33E-3
-1.947,79.33E-3
-1.946,79.33E-3
-1.945,79.33E-3
-1.944,79.33E-3
-1.943,79.33E-3
-1.942,79.33E-3
-1.941,79.33E-3
-1.940,79.33E-3
-1.939,79.33E-3
-1.938,79.33E-3
-1.937,79.33E-3
-1.936,79.33E-3
-1.935,79.33E-3
-1.934,79.33E-3
-1.933,79.33E-3
-1.932,79.33E-3
-1.931,79.33E-3
-1.930,79.33E-3
-1.929,79.33E-3
-1.928,79.33E-3
-1.927,79.33E-3
-1.926,79.33E-3
-1.925,79.33E-3
-1.924,79.33E-3
-1.923,79.33E-3
-1.922,79.33E-3
-1.921,79.33E-3
-1.920,79.33E-3
-1.919,79.33E-3
-1.918,79.33E-3
-1.917,79.33E-3
-1.916,79.33E-3
-1.915,79.33E-3
-1.914,79.33E-3
-1.913,79.33E-3
-1.912,79.33E-3
-1.911,79.33E-3
-1.910,79.33E-3
-1.909,79.33E-3
-1.908,79.33E-3
-1.907,79.33E-3
-1.906,79.33E-3
-1.905,79.33E-3
-1.904,79.33E-3
-1.903,79.33E-3
-1.902,79.33E-3
-1.901,79.33E-3
-1.900,79.33E-3
-1.899,79.33E-3
-1.898,79.33E-3
-1.897,79.33E-3
-1.896,79.33E-3
-1.895,79.33E-3
-1.894,79.33E-3
-1.893,79.33E-3
-1.892,79.33E-3
-1.891,79.33E-3
-1.890,79.33E-3
-1.889,79.33E-3
-1.888,79.33E-3
-1.887,79.33E-3
-1.886,79.33E-3
-1.885,79.33E-3
-1.884,79.33E-3
-1.883,79.33E-3
-1.882,79.33E-3
-1.881,79.33E-3
-1.880,79.33E-3
-1.879,79.33E-3
-1.878,79.33E-3
-1.877,79.33E-3
-1.876,79.33E-3
-1.875,79.33E-3
-1.874,79.33E-3
-1.873,79.33E-3
-1.872,79.33E-3
-1.871,79.33E-3
-1.870,79.33E-3
-1.869,79.33E-3
-1.868,79.33E-3
-1.867,79.33E-3
-1.866,79.33E-3
-1.865,79.33E-3
-1.864,79.33E-3
-1.863,79.33E-3
-1.862,79.33E-3
-1.861,79.33E-3
-1.860,79.33E-3
-1.859,79.33E-3
-1.858,79.33E-3
-1.857,79.33E-3
-1.856,79.33E-3
-1.855,79.33E-3
-1.854,79.33E-3
-1.853,79.33E-3
-1.852,79.33E-3
-1.851,79.33E-3
-1.850,79.33E-3
-1.849,79.33E-3
-1.848,79.33E-3
-1.847,79.33E-3
-1.846,79.33E-3
-1.845,79.33E-3
-1.844,79.33E-3
-1.843,79.33E-3
-1.842,79.33E-3
-1.841,79.33E-3
-1.840,79.33E-3
-1.839,79.33E-3
-1.838,79.33E-3
-1.837,79.33E-3
-1.836,79.33E-3
-1.835,79.33E-3
-1.834,79.33E-3
-1.833,79.33E-3
-1.832,79.33E-3
-1.831,79.33E-3
-1.830,79.33E-3
-1.829,79.33E-3
-1.828,79.33E-3
-1.827,79.33E-3
-1.826,79.33E-3
-1.825,79.33E-3
-1.824,79.33E-3
-1.823,79.33E-3
-1.822,79.33E-3
-1.821,79.33E-3
-1.820,79.33E-3
-1.819,79.33E-3
-1.818,79.33E-3
-1.817,79.33E-3
-1.816,79.33E-3
-1.815,79.33E-3
-1.814,79.33E-3
-1.813,79.33E-3
-1.812,79.33E-3
-1.811,79.33E-3
-1.810,79.33E-3
-1.809,79.33E-3
-1.808,79.33E-3
-1.807,79.33E-3
-1.806,79.33E-3
-1.805,79.33E-3
-1.804,79.33E-3
-1.803,79.33E-3
-1.802,79.33E-3
-1.801,79.33E-3
-1.800,79.33E-3
-1.799,79.33E-3
-1.798,79.33E-3
-1.797,79.33E-3
-1.796,79.33E-3
-1.795,79.33E-3
-1.794,79.33E-3
-1.793,79.33E-3
-1.792,79.33E-3
-1.791,79.33E-3
-1.790,79.33E-3
-1.789,79.33E-3
-1.788,79.33E-3
-1.787,79.33E-3
-1.786,79.33E-3
-1.785,79.33E-3
-1.784,79.33E-3
-1.783,79.33E-3
-1.782,79.33E-3
-1.781,79.33E-3
-1.780,79.33E-3
-1.779,79.33E-3
-1.778,79.33E-3
-1.777,79.33E-3
-1.776,79.33E-3
-1.775,79.33E-3
-1.774,79.33E-3
-1.773,79.33E-3
-1.772,79.33E-3
-1.771,79.33E-3
-1.770,79.33E-3
-1.769,79.33E-3
-1.768,79.33E-3
-1.767,79.33E-3
-1.766,79.33E-3
-1.765,79.33E-3
-1.764,79.33E-3
-1.763,79.33E-3
-1.762,79.33E-3
-1.761,79.33E-3
-1.760,79.33E-3
-1.759,79.33E-3
-1.758,79.33E-3
-1.757,79.33E-3
-1.756,79.33E-3
-1.755,79.33E-3
-1.754,79.33E-3
-1.753,79.33E-3
-1.752,79.33E-3
-1.751,79.33E-3
-1.750,79.33E-3
-1.749,79.33E-3
-1.748,79.33E-3
-1.747,79.33E-3
-1.746,79.33E-3
-1.745,79.33E-3
-1.744,79.33E-3
-1.743,79.33E-3
-1.742,79.33E-3
-1.741,79.33E-3
-1.740,79.33E-3
-1.739,79.33E-3
-1.738,79.33E-3
-1.737,79.33E-3
-1.736,79.33E-3
-1.735,79.33E-3
-1.734,79.33E-3
-1.733,79.33E-3
-1.732,79.33E-3
-1.731,79.33E-3
-1.730,79.33E-3
-1.729,79.33E-3
-1.728,79.33E-3
-1.727,79.33E-3
-1.726,79.33E-3
-1.725,79.33E-3
-1.724,79.33E-3
-1.723,79.33E-3
-1.722,79.33E-3
-1.721,79.33E-3
-1.720,79.33E-3
-1.719,79.33E-3
-1.718,79.33E-3
-1.717,79.33E-3
-1.716,79.33E-3
-1.715,79.33E-3
-1.714,79.33E-3
-1.713,79.33E-3
-1.712,79.33E-3
-1.711,79.33E-3
-1.710,79.33E-3
-1.709,79.33E-3
-1.708,79.33E-3
-1.707,79.33E-3
-1.706,79.33E-3
-1.705,79.33E-3
-1.704,79.33E-3
-1.703,79.33E-3
-1.702,79.33E-3
-1.701,79.33E-3
-1.700,79.33E-3
-1.699,79.33E-3
-1.698,79.33E-3
-1.697,79.33E-3
-1.696,79.33E-3
-1.695,79.33E-3
-1.694,79.33E-3
-1.693,79.33E-3
-1.692,79.33E-3
-1.691,79.33E-3
-1.690,79.33E-3
-1.689,79.33E-3
-1.688,79.33E-3
-1.687,79.33E-3
-1.686,79.33E-3
-1.685,79.33E-3
-1.684,79.33E-3
-1.683,79.33E-3
-1.682,79.33E-3
-1.681,79.33E-3
-1.680,79.33E-3
-1.679,79.33E-3
-1.678,79.33E-3
-1.677,79.33E-3
-1.676,79.33E-3
-1.675,79.33E-3
-1.674,79.33E-3
-1.673,79.33E-3
-1.672,79.33E-3
-1.671,79.33E-3
-1.670,79.33E-3
-1.669,79.33E-3
-1.668,79.33E-3
-1.667,79.33E-3
-1.666,79.33E-3
-1.665,79.33E-3
-1.664,79.33E-3
-1.663,79.33E-3
-1.662,79.33E-3
-1.661,79.33E-3
-1.660,79.33E-3
-1.659,79.33E-3
-1.658,79.33E-3
-1.657,79.33E-3
-1.656,79.33E-3
-1.655,79.33E-3
-1.654,79.33E-3
-1.653,79.33E-3
-1.652,79.33E-3
-1.651,79.33E-3
-1.650,79.33E-3
-1.649,79.33E-3
-1.648,79.33E-3
-1.647,79.33E-3
-1.646,79.33E-3
-1.645,79.33E-3
-1.644,79.33E-3
-1.643,79.33E-3
-1.642,79.33E-3
-1.641,79.33E-3
-1.640,79.33E-3
-1.639,79.33E-3
-1.638,79.33E-3
-1.637,79.33E-3
-1.636,79.33E-3
-1.635,79.33E-3
-1.634,79.33E-3
-1.633,79.33E-3
-1.632,79.33E-3
-1.631,79.33E-3
-1.630,79.33E-3
-1.629,79.33E-3
-1.628,79.33E-3
-1.627,79.33E-3
-1.626,79.33E-3
-1.625,79.33E-3
-1.624,79.33E-3
-1.623,79.33E-3
-1.622,79.33E-3
-1.621,79.33E-3
-1.620,79.33E-3
-1.619,79.33E-3
-1.618,79.33E-3
-1.617,79.33E-3
-1.616,79.33E-3
-1.615,79.33E-3
-1.614,79.33E-3
-1.613,79.33E-3
-1.612,79.33E-3
-1.611,79.33E-3
-1.610,79.33E-3
-1.609,79.33E-3
-1.608,79.33E-3
-1.607,79.33E-3
-1.606,79.33E-3
-1.605,79.33E-3
-1.604,79.33E-3
-1.603,79.33E-3
-1.602,79.33E-3
-1.601,79.33E-3
-1.600,79.33E-3
-1.599,79.33E-3
-1.598,79.33E-3
-1.597,79.33E-3
-1.596,79.33E-3
-1.595,79.33E-3
-1.594,79.33E-3
-1.593,79.33E-3
-1.592,79.33E-3
-1.591,79.33E-3
-1.590,79.33E-3
-1.589,79.33E-3
-1.588,79.33E-3
-1.587,79.33E-3
-1.586,79.33E-3
-1.585,79.33E-3
-1.584,79.33E-3
-1.583,79.33E-3
-1.582,79.33E-3
-1.581,79.33E-3
-1.580,79.33E-3
-1.579,79.33E-3
-1.578,79.33E-3
-1.577,79.33E-3
-1.576,79.33E-3
-1.575,79.33E-3
-1.574,79.33E-3
-1.573,79.33E-3
-1.572,79.33E-3
-1.571,79.33E-3
-1.570,79.33E-3
-1.569,79.33E-3
-1.568,79.33E-3
-1.567,79.33E-3
-1.566,79.33E-3
-1.565,79.33E-3
-1.564,79.33E-3
-1.563,79.33E-3
-1.562,79.33E-3
-1.561,79.33E-3
-1.560,79.33E-3
-1.559,79.33E-3
-1.558,79.33E-3
-1.557,79.33E-3
-1.556,79.33E-3
-1.555,79.33E-3
-1.554,79.33E-3
-1.553,79.33E-3
-1.552,79.33E-3
-1.551,79.33E-3
-1.550,79.33E-3
-1.549,79.33E-3
-1.548,79.33E-3
-1.547,79.33E-3
-1.546,79.33E-3
-1.545,79.33E-3
-1.544,79.33E-3
-1.543,79.33E-3
-1.542,79.33E-3
-1.541,79.33E-3
-1.540,79.33E-3
-1.539,79.33E-3
-1.538,79.33E-3
-1.537,79.33E-3
-1.536,79.33E-3
-1.535,79.33E-3
-1.534,79.33E-3
-1.533,79.33E-3
-1.532,79.33E-3
-1.531,79.33E-3
-1.530,79.33E-3
-1.529,79.33E-3
-1.528,79.33E-3
-1.527,79.33E-3
-1.526,79.33E-3
-1.525,79.33E-3
-1.524,79.33E-3
-1.523,79.33E-3
-1.522,79.33E-3
-1.521,79.33E-3
-1.520,79.33E-3
-1.519,79.33E-3
-1.518,79.33E-3
-1.517,79.33E-3
-1.516,79.33E-3
-1.515,79.33E-3
-1.514,79.33E-3
-1.513,79.33E-3
-1.512,79.33E-3
-1.511,79.33E-3
-1.510,79.33E-3
-1.509,79.33E-3
-1.508,79.33E-3
-1.507,79.33E-3
-1.506,79.33E-3
-1.505,79.33E-3
-1.504,79.33E-3
-1.503,79.33E-3
-1.502,79.33E-3
-1.501,79.33E-3
-1.500,79.33E-3
-1.499,79.33E-3
-1.498,79.33E-3
-1.497,79.33E-3
-1.496,79.33E-3
-1.495,79.33E-3
-1.494,79.33E-3
-1.493,79.33E-3
-1.492,79.33E-3
-1.491,79.33E-3
-1.490,79.33E-3
-1.489,79.33E-3
-1.488,79.33E-3
-1.487,79.33E-3
-1.486,79.33E-3
-1.485,79.33E-3
-1.484,79.33E-3
-1.483,79.33E-3
-1.482,79.33E-3
-1.481,79.33E-3
-1.480,79.33E-3
-1.479,79.33E-3
-1.478,79.33E-3
-1.477,79.33E-3
-1.476,79.33E-3
-1.475,79.33E-3
-1.474,79.33E-3
-1.473,79.33E-3
-1.472,79.33E-3
-1.471,79.33E-3
-1.470,79.33E-3
-1.469,79.33E-3
-1.468,79.33E-3
-1.467,79.33E-3
-1.466,79.33E-3
-1.465,79.33E-3
-1.464,79.33E-3
-1.463,79.33E-3
-1.462,79.33E-3
-1.461,79.33E-3
-1.460,79.33E-3
-1.459,79.33E-3
-1.458,79.33E-3
-1.457,79.33E-3
-1.456,79.33E-3
-1.455,79.33E-3
-1.454,79.33E-3
-1.453,79.33E-3
-1.452,79.33E-3
-1.451,79.33E-3
-1.450,79.33E-3
-1.449,79.33E-3
-1.448,79.33E-3
-1.447,79.33E-3
-1.446,79.33E-3
-1.445,79.33E-3
-1.444,79.33E-3
-1.443,79.33E-3
-1.442,79.33E-3
-1.441,79.33E-3
-1.440,79.33E-3
-1.439,79.33E-3
-1.438,79.33E-3
-1.437,79.33E-3
-1.436,79.33E-3
-1.435,79.33E-3
-1.434,79.33E-3
-1.433,79.33E-3
-1.432,79.33E-3
-1.431,79.33E-3
-1.430,79.33E-3
-1.429,79.33E-3
-1.428,79.33E-3
-1.427,79.33E-3
-1.426,79.33E-3
-1.425,79.33E-3
-1.424,79.33E-3
-1.423,79.33E-3
-1.422,79.33E-3
-1.421,79.33E-3
-1.420,79.33E-3
-1.419,79.33E-3
-1.418,79.33E-3
-1.417,79.33E-3
-1.416,79.33E-3
-1.415,79.33E-3
-1.414,79.33E-3
-1.413,79.33E-3
-1.412,79.33E-3
-1.411,79.33E-3
-1.410,79.33E-3
-1.409,79.33E-3
-1.408,79.33E-3
-1.407,79.33E-3
-1.406,79.33E-3
-1.405,79.33E-3
-1.404,79.33E-3
-1.403,79.33E-3
-1.402,79.33E-3
-1.401,79.33E-3
-1.400,79.33E-3
-1.399,79.33E-3
-1.398,79.33E-3
-1.397,79.33E-3
-1.396,79.33E-3
-1.395,79.33E-3
-1.394,79.33E-3
-1.393,79.33E-3
-1.392,79.33E-3
-1.391,79.33E-3
-1.390,79.33E-3
-1.389,79.33E-3
-1.388,79.33E-3
-1.387,79.33E-3
-1.386,79.33E-3
-1.385,79.33E-3
-1.384,79.33E-3
-1.383,79.33E-3
-1.382,79.33E-3
-1.381,79.33E-3
-1.380,79.33E-3
-1.379,79.33E-3
-1.378,79.33E-3
-1.377,79.33E-3
-1.376,79.33E-3
-1.375,79.33E-3
-1.374,79.33E-3
-1.373,79.33E-3
-1.372,79.33E-3
-1.371,79.33E-3
-1.370,79.33E-3
-1.369,79.33E-3
-1.368,79.33E-3
-1.367,79.33E-3
-1.366,79.33E-3
-1.365,79.33E-3
-1.364,79.33E-3
-1.363,79.33E-3
-1.362,79.33E-3
-1.361,79.33E-3
-1.360,79.33E-3
-1.359,79.33E-3
-1.358,79.33E-3
-1.357,79.33E-3
-1.356,79.33E-3
-1.355,79.33E-3
-1.354,79.33E-3
-1.353,79.33E-3
-1.352,79.33E-3
-1.351,79.33E-3
-1.350,79.33E-3
-1.349,79.33E-3
-1.348,79.33E-3
-1.347,79.33E-3
-1.346,79.33E-3
-1.345,79.33E-3
-1.344,79.33E-3
-1.343,79.33E-3
-1.342,79.33E-3
-1.341,79.33E-3
-1.340,79.33E-3
-1.339,79.33E-3
-1.338,79.33E-3
-1.337,79.33E-3
-1.336,79.33E-3
-1.335,79.33E-3
-1.334,79.33E-3
-1.333,79.33E-3
-1.332,79.33E-3
-1.331,79.33E-3
-1.330,79.33E-3
-1.329,79.33E-3
-1.328,79.33E-3
-1.327,79.33E-3
-1.326,79.33E-3
-1.325,79.33E-3
-1.324,79.33E-3
-1.323,79.33E-3
-1.322,79.33E-3
-1.321,79.33E-3
-1.320,79.33E-3
-1.319,79.33E-3
-1.318,79.33E-3
-1.317,79.33E-3
-1.316,79.33E-3
-1.315,79.33E-3
-1.314,79.33E-3
-1.313,79.33E-3
-1.312,79.33E-3
-1.311,79.33E-3
-1.310,79.33E-3
-1.309,79.33E-3
-1.308,79.33E-3
-1.307,79.33E-3
-1.306,79.33E-3
-1.305,79.33E-3
-1.304,79.33E-3
-1.303,79.33E-3
-1.302,79.33E-3
-1.301,79.33E-3
-1.300,79.33E-3
-1.299,79.33E-3
-1.298,79.33E-3
-1.297,79.33E-3
-1.296,79.33E-3
-1.295,79.33E-3
-1.294,79.33E-3
-1.293,79.33E-3
-1.292,79.33E-3
-1.291,79.33E-3
-1.290,79.33E-3
-1.289,79.33E-3
-1.288,79.33E-3
-1.287,79.33E-3
-1.286,79.33E-3
-1.285,79.33E-3
-1.284,79.33E-3
-1.283,79.33E-3
-1.282,79.33E-3
-1.281,79.33E-3
-1.280,79.33E-3
-1.279,79.33E-3
-1.278,79.33E-3
-1.277,79.33E-3
-1.276,79.33E-3
-1.275,79.33E-3
-1.274,79.33E-3
-1.273,79.33E-3
-1.272,79.33E-3
-1.271,79.33E-3
-1.270,79.33E-3
-1.269,79.33E-3
-1.268,79.33E-3
-1.267,79.33E-3
-1.266,79.33E-3
-1.265,79.33E-3
-1.264,79.33E-3
-1.263,79.33E-3
-1.262,79.33E-3
-1.261,79.33E-3
-1.260,79.33E-3
-1.259,79.33E-3
-1.258,79.33E-3
-1.257,79.33E-3
-1.256,79.33E-3
-1.255,79.33E-3
-1.254,79.33E-3
-1.253,79.33E-3
-1.252,79.33E-3
-1.251,79.33E-3
-1.250,79.33E-3
-1.249,79.33E-3
-1.248,79.33E-3
-1.247,79.33E-3
-1.246,79.33E-3
-1.245,79.33E-3
-1.244,79.33E-3
-1.243,79.33E-3
-1.242,79.33E-3
-1.241,79.33E-3
-1.240,79.33E-3
-1.239,79.33E-3
-1.238,79.33E-3
-1.237,79.33E-3
-1.236,79.33E-3
-1.235,79.33E-3
-1.234,79.33E-3
-1.233,79.33E-3
-1.232,79.33E-3
-1.231,79.33E-3
-1.230,79.33E-3
-1.229,79.33E-3
-1.228,79.33E-3
-1.227,79.33E-3
-1.226,79.33E-3
-1.225,79.33E-3
-1.224,79.33E-3
-1.223,79.33E-3
-1.222,79.33E-3
-1.221,79.33E-3
-1.220,79.33E-3
-1.219,79.33E-3
-1.218,79.33E-3
-1.217,79.33E-3
-1.216,79.33E-3
-1.215,79.33E-3
-1.214,79.33E-3
-1.213,79.33E-3
-1.212,79.33E-3
-1.211,79.33E-3
-1.210,79.33E-3
-1.209,79.33E-3
-1.208,79.33E-3
-1.207,79.33E-3
-1.206,79.33E-3
-1.205,79.33E-3
-1.204,79.33E-3
-1.203,79.33E-3
-1.202,79.33E-3
-1.201,79.33E-3
-1.200,79.33E-3
-1.199,79.33E-3
-1.198,79.33E-3
-1.197,79.33E-3
-1.196,79.33E-3
-1.195,79.33E-3
-1.194,79.33E-3
-1.193,79.33E-3
-1.192,79.33E-3
-1.191,79.33E-3
-1.190,79.33E-3
-1.189,79.33E-3
-1.188,79.33E-3
-1.187,79.33E-3
-1.186,79.33E-3
-1.185,79.33E-3
-1.184,79.33E-3
-1.183,79.33E-3
-1.182,79.33E-3
-1.181,79.33E-3
-1.180,79.33E-3
-1.179,79.33E-3
-1.178,79.33E-3
-1.177,79.33E-3
-1.176,79.33E-3
-1.175,79.33E-3
-1.174,79.33E-3
-1.173,79.33E-3
-1.172,79.33E-3
-1.171,79.33E-3
-1.170,79.33E-3
-1.169,79.33E-3
-1.168,79.33E-3
-1.167,79.33E-3
-1.166,79.33E-3
-1.165,79.33E-3
-1.164,79.33E-3
-1.163,79.33E-3
-1.162,79.33E-3
-1.161,79.33E-3
-1.160,79.33E-3
-1.159,79.33E-3
-1.158,79.33E-3
-1.157,79.33E-3
-1.156,79.33E-3
-1.155,79.33E-3
-1.154,79.33E-3
-1.153,79.33E-3
-1.152,79.33E-3
-1.151,79.33E-3
-1.150,79.33E-3
-1.149,79.33E-3
-1.148,79.33E-3
-1.147,79.33E-3
-1.146,79.33E-3
-1.145,79.33E-3
-1.144,79.33E-3
-1.143,79.33E-3
-1.142,79.33E-3
-1.141,79.33E-3
-1.140,79.33E-3
-1.139,79.33E-3
-1.138,79.33E-3
-1.137,79.33E-3
-1.136,79.33E-3
-1.135,79.33E-3
-1.134,79.33E-3
-1.133,79.33E-3
-1.132,79.33E-3
-1.131,79.33E-3
-1.130,79.33E-3
-1.129,79.33E-3
-1.128,79.33E-3
-1.127,79.33E-3
-1.126,79.33E-3
-1.125,79.33E-3
-1.124,79.33E-3
-1.123,79.33E-3
-1.122,79.33E-3
-1.121,79.33E-3
-1.120,79.33E-3
-1.119,79.33E-3
-1.118,79.33E-3
-1.117,79.33E-3
-1.116,79.33E-3
-1.115,79.33E-3
-1.114,79.33E-3
-1.113,79.33E-3
-1.112,79.33E-3
-1.111,79.33E-3
-1.110,79.33E-3
-1.109,79.33E-3
-1.108,79.33E-3
-1.107,79.33E-3
-1.106,79.33E-3
-1.105,79.33E-3
-1.104,79.33E-3
-1.103,79.33E-3
-1.102,79.33E-3
-1.101,79.33E-3
-1.100,79.33E-3
-1.099,79.33E-3
-1.098,79.33E-3
-1.097,79.33E-3
-1.096,79.33E-3
-1.095,79.33E-3
-1.094,79.33E-3
-1.093,79.33E-3
-1.092,79.33E-3
-1.091,79.33E-3
-1.090,79.33E-3
-1.089,79.33E-3
-1.088,79.33E-3
-1.087,79.33E-3
-1.086,79.33E-3
-1.085,79.33E-3
-1.084,79.33E-3
-1.083,79.33E-3
-1.082,79.33E-3
-1.081,79.33E-3
-1.080,79.33E-3
-1.079,79.33E-3
-1.078,79.33E-3
-1.077,79.33E-3
-1.076,79.33E-3
-1.075,79.33E-3
-1.074,79.33E-3
-1.073,79.33E-3
-1.072,79.33E-3
-1.071,79.33E-3
-1.070,79.33E-3
-1.069,79.33E-3
-1.068,79.33E-3
-1.067,79.33E-3
-1.066,79.33E-3
-1.065,79.33E-3
-1.064,79.33E-3
-1.063,79.33E-3
-1.062,79.33E-3
-1.061,79.33E-3
-1.060,79.33E-3
-1.059,79.33E-3
-1.058,79.33E-3
-1.057,79.33E-3
-1.056,79.33E-3
-1.055,79.33E-3
-1.054,79.33E-3
-1.053,79.33E-3
-1.052,79.33E-3
-1.051,79.33E-3
-1.050,79.33E-3
-1.049,79.33E-3
-1.048,79.33E-3
-1.047,79.33E-3
-1.046,79.33E-3
-1.045,79.33E-3
-1.044,79.33E-3
-1.043,79.33E-3
-1.042,79.33E-3
-1.041,79.33E-3
-1.040,79.33E-3
-1.039,79.33E-3
-1.038,79.33E-3
-1.037,79.33E-3
-1.036,79.33E-3
-1.035,79.33E-3
-1.034,79.33E-3
-1.033,79.33E-3
-1.032,79.33E-3
-1.031,79.33E-3
-1.030,79.33E-3
-1.029,79.33E-3
-1.028,79.33E-3
-1.027,79.33E-3
-1.026,79.33E-3
-1.025,79.33E-3
-1.024,79.33E-3
-1.023,79.33E-3
-1.022,79.33E-3
-1.021,79.33E-3
-1.020,79.33E-3
-1.019,79.33E-3
-1.018,79.33E-3
-1.017,79.33E-3
-1.016,79.33E-3
-1.015,79.33E-3
-1.014,79.33E-3
-1.013,79.33E-3
-1.012,79.33E-3
-1.011,79.33E-3
-1.010,79.33E-3
-1.009,79.33E-3
-1.008,79.33E-3
-1.007,79.33E-3
-1.006,79.33E-3
-1.005,79.33E-3
-1.004,79.33E-3
-1.003,79.33E-3
-1.002,79.33E-3
-1.001,79.33E-3
-1.000,79.33E-3
-999.0E-3,79.33E-3
-998.0E-3,79.33E-3
-997.0E-3,79.33E-3
-996.0E-3,79.33E-3
-995.0E-3,79.33E-3
-994.0E-3,79.33E-3
-993.0E-3,79.33E-3
-992.0E-3,79.33E-3
-991.0E-3,79.33E-3
-990.0E-3,79.33E-3
-989.0E-3,79.33E-3
-988.0E-3,79.33E-3
-987.0E-3,79.33E-3
-986.0E-3,79.33E-3
-985.0E-3,79.33E-3
-984.0E-3,79.33E-3
-983.0E-3,79.33E-3
-982.0E-3,79.33E-3
-981.0E-3,79.33E-3
-980.0E-3,79.33E-3
-979.0E-3,79.33E-3
-978.0E-3,79.33E-3
-977.0E-3,79.33E-3
-976.0E-3,79.33E-3
-975.0E-3,79.33E-3
-974.0E-3,79.33E-3
-973.0E-3,79.33E-3
-972.0E-3,79.33E-3
-971.0E-3,79.33E-3
-970.0E-3,79.33E-3
-969.0E-3,79.33E-3
-968.0E-3,79.33E-3
-967.0E-3,79.33E-3
-966.0E-3,79.33E-3
-965.0E-3,79.33E-3
-964.0E-3,79.33E-3
-963.0E-3,79.33E-3
-962.0E-3,79.33E-3
-961.0E-3,79.33E-3
-960.0E-3,79.33E-3
-959.0E-3,79.33E-3
-958.0E-3,79.33E-3
-957.0E-3,79.33E-3
-956.0E-3,79.33E-3
-955.0E-3,79.33E-3
-954.0E-3,79.33E-3
-953.0E-3,79.33E-3
-952.0E-3,79.33E-3
-951.0E-3,79.33E-3
-950.0E-3,79.33E-3
-949.0E-3,79.33E-3
-948.0E-3,79.33E-3
-947.0E-3,79.33E-3
-946.0E-3,79.33E-3
-945.0E-3,79.33E-3
-944.0E-3,79.33E-3
-943.0E-3,79.33E-3
-942.0E-3,79.33E-3
-941.0E-3,79.33E-3
-940.0E-3,79.33E-3
-939.0E-3,79.33E-3
-938.0E-3,79.33E-3
-937.0E-3,79.33E-3
-936.0E-3,79.33E-3
-935.0E-3,79.33E-3
-934.0E-3,79.33E-3
-933.0E-3,79.33E-3
-932.0E-3,79.33E-3
-931.0E-3,79.33E-3
-930.0E-3,79.33E-3
-929.0E-3,79.33E-3
-928.0E-3,79.33E-3
-927.0E-3,79.33E-3
-926.0E-3,79.33E-3
-925.0E-3,79.33E-3
-924.0E-3,79.33E-3
-923.0E-3,79.33E-3
-922.0E-3,79.33E-3
-921.0E-3,79.33E-3
-920.0E-3,79.33E-3
-919.0E-3,79.33E-3
-918.0E-3,79.33E-3
-917.0E-3,79.33E-3
-916.0E-3,79.33E-3
-915.0E-3,79.33E-3
-914.0E-3,79.33E-3
-913.0E-3,79.33E-3
-912.0E-3,79.33E-3
-911.0E-3,79.33E-3
-910.0E-3,79.33E-3
-909.0E-3,79.33E-3
-908.0E-3,79.33E-3
-907.0E-3,79.33E-3
-906.0E-3,79.33E-3
-905.0E-3,79.33E-3
-904.0E-3,79.33E-3
-903.0E-3,79.33E-3
-902.0E-3,79.33E-3
-901.0E-3,79.33E-3
-900.0E-3,79.33E-3
-899.0E-3,79.33E-3
-898.0E-3,79.33E-3
-897.0E-3,79.33E-3
-896.0E-3,79.33E-3
-895.0E-3,79.33E-3
-894.0E-3,79.33E-3
-893.0E-3,79.33E-3
-892.0E-3,79.33E-3
-891.0E-3,79.33E-3
-890.0E-3,79.33E-3
-889.0E-3,79.33E-3
-888.0E-3,79.33E-3
-887.0E-3,79.33E-3
-886.0E-3,79.33E-3
-885.0E-3,79.33E-3
-884.0E-3,79.33E-3
-883.0E-3,79.33E-3
-882.0E-3,79.33E-3
-881.0E-3,79.33E-3
-880.0E-3,79.33E-3
-879.0E-3,79.33E-3
-878.0E-3,79.33E-3
-877.0E-3,79.33E-3
-876.0E-3,79.33E-3
-875.0E-3,79.33E-3
-874.0E-3,79.33E-3
-873.0E-3,79.33E-3
-872.0E-3,79.33E-3
-871.0E-3,79.33E-3
-870.0E-3,79.33E-3
-869.0E-3,79.33E-3
-868.0E-3,79.33E-3
-867.0E-3,79.33E-3
-866.0E-3,79.33E-3
-865.0E-3,79.33E-3
-864.0E-3,79.33E-3
-863.0E-3,79.33E-3
-862.0E-3,79.33E-3
-861.0E-3,79.33E-3
-860.0E-3,79.33E-3
-859.0E-3,79.33E-3
-858.0E-3,79.33E-3
-857.0E-3,79.33E-3
-856.0E-3,79.33E-3
-855.0E-3,79.33E-3
-854.0E-3,79.33E-3
-853.0E-3,79.33E-3
-852.0E-3,79.33E-3
-851.0E-3,79.33E-3
-850.0E-3,79.33E-3
-849.0E-3,79.33E-3
-848.0E-3,79.33E-3
-847.0E-3,79.33E-3
-846.0E-3,79.33E-3
-845.0E-3,79.33E-3
-844.0E-3,79.33E-3
-843.0E-3,79.33E-3
-842.0E-3,79.33E-3
-841.0E-3,79.33E-3
-840.0E-3,79.33E-3
-839.0E-3,79.33E-3
-838.0E-3,79.33E-3
-837.0E-3,79.33E-3
-836.0E-3,79.33E-3
-835.0E-3,79.33E-3
-834.0E-3,79.33E-3
-833.0E-3,79.33E-3
-832.0E-3,79.33E-3
-831.0E-3,79.33E-3
-830.0E-3,79.33E-3
-829.0E-3,79.33E-3
-828.0E-3,79.33E-3
-827.0E-3,79.33E-3
-826.0E-3,79.33E-3
-825.0E-3,79.33E-3
-824.0E-3,79.33E-3
-823.0E-3,79.33E-3
-822.0E-3,79.33E-3
-821.0E-3,79.33E-3
-820.0E-3,79.33E-3
-819.0E-3,79.33E-3
-818.0E-3,79.33E-3
-817.0E-3,79.33E-3
-816.0E-3,79.33E-3
-815.0E-3,79.33E-3
-814.0E-3,79.33E-3
-813.0E-3,79.33E-3
-812.0E-3,79.33E-3
-811.0E-3,79.33E-3
-810.0E-3,79.33E-3
-809.0E-3,79.33E-3
-808.0E-3,79.33E-3
-807.0E-3,79.33E-3
-806.0E-3,79.33E-3
-805.0E-3,79.33E-3
-804.0E-3,79.33E-3
-803.0E-3,79.33E-3
-802.0E-3,79.33E-3
-801.0E-3,79.33E-3
-800.0E-3,79.33E-3
-799.0E-3,79.33E-3
-798.0E-3,79.33E-3
-797.0E-3,79.33E-3
-796.0E-3,79.33E-3
-795.0E-3,79.33E-3
-794.0E-3,79.33E-3
-793.0E-3,79.33E-3
-792.0E-3,79.33E-3
-791.0E-3,79.33E-3
-790.0E-3,79.33E-3
-789.0E-3,79.33E-3
-788.0E-3,79.33E-3
-787.0E-3,79.33E-3
-786.0E-3,79.33E-3
-785.0E-3,79.33E-3
-784.0E-3,79.33E-3
-783.0E-3,79.33E-3
-782.0E-3,79.33E-3
-781.0E-3,79.33E-3
-780.0E-3,79.33E-3
-779.0E-3,79.33E-3
-778.0E-3,79.33E-3
-777.0E-3,79.33E-3
-776.0E-3,79.33E-3
-775.0E-3,79.33E-3
-774.0E-3,79.33E-3
-773.0E-3,79.33E-3
-772.0E-3,79.33E-3
-771.0E-3,79.33E-3
-770.0E-3,79.33E-3
-769.0E-3,79.33E-3
-768.0E-3,79.33E-3
-767.0E-3,79.33E-3
-766.0E-3,79.33E-3
-765.0E-3,79.33E-3
-764.0E-3,79.33E-3
-763.0E-3,79.33E-3
-762.0E-3,79.33E-3
-761.0E-3,79.33E-3
-760.0E-3,79.33E-3
-759.0E-3,79.33E-3
-758.0E-3,79.33E-3
-757.0E-3,79.33E-3
-756.0E-3,79.33E-3
-755.0E-3,79.33E-3
-754.0E-3,79.33E-3
-753.0E-3,79.33E-3
-752.0E-3,79.33E-3
-751.0E-3,79.33E-3
-750.0E-3,79.33E-3
-749.0E-3,79.33E-3
-748.0E-3,79.33E-3
-747.0E-3,79.33E-3
-746.0E-3,79.33E-3
-745.0E-3,79.33E-3
-744.0E-3,79.33E-3
-743.0E-3,79.33E-3
-742.0E-3,79.33E-3
-741.0E-3,79.33E-3
-740.0E-3,79.33E-3
-739.0E-3,79.33E-3
-738.0E-3,79.33E-3
-737.0E-3,79.33E-3
-736.0E-3,79.33E-3
-735.0E-3,79.33E-3
-734.0E-3,79.33E-3
-733.0E-3,79.33E-3
-732.0E-3,79.33E-3
-731.0E-3,79.33E-3
-730.0E-3,79.33E-3
-729.0E-3,79.33E-3
-728.0E-3,79.33E-3
-727.0E-3,79.33E-3
-726.0E-3,79.33E-3
-725.0E-3,79.33E-3
-724.0E-3,79.33E-3
-723.0E-3,79.33E-3
-722.0E-3,79.33E-3
-721.0E-3,79.33E-3
-720.0E-3,79.33E-3
-719.0E-3,79.33E-3
-718.0E-3,79.33E-3
-717.0E-3,79.33E-3
-716.0E-3,79.33E-3
-715.0E-3,79.33E-3
-714.0E-3,79.33E-3
-713.0E-3,79.33E-3
-712.0E-3,79.33E-3
-711.0E-3,79.33E-3
-710.0E-3,79.33E-3
-709.0E-3,79.33E-3
-708.0E-3,79.33E-3
-707.0E-3,79.33E-3
-706.0E-3,79.33E-3
-705.0E-3,79.33E-3
-704.0E-3,79.33E-3
-703.0E-3,79.33E-3
-702.0E-3,79.33E-3
-701.0E-3,79.33E-3
-700.0E-3,79.33E-3
-699.0E-3,79.33E-3
-698.0E-3,79.33E-3
-697.0E-3,79.33E-3
-696.0E-3,79.33E-3
-695.0E-3,79.33E-3
-694.0E-3,79.33E-3
-693.0E-3,79.33E-3
-692.0E-3,79.33E-3
-691.0E-3,79.33E-3
-690.0E-3,79.33E-3
-689.0E-3,79.33E-3
-688.0E-3,79.33E-3
-687.0E-3,79.33E-3
-686.0E-3,79.33E-3
-685.0E-3,79.33E-3
-684.0E-3,79.33E-3
-683.0E-3,79.33E-3
-682.0E-3,79.33E-3
-681.0E-3,79.33E-3
-680.0E-3,79.33E-3
-679.0E-3,79.33E-3
-678.0E-3,79.33E-3
-677.0E-3,79.33E-3
-676.0E-3,79.33E-3
-675.0E-3,79.33E-3
-674.0E-3,79.33E-3
-673.0E-3,79.33E-3
-672.0E-3,79.33E-3
-671.0E-3,79.33E-3
-670.0E-3,79.33E-3
-669.0E-3,79.33E-3
-668.0E-3,79.33E-3
-667.0E-3,79.33E-3
-666.0E-3,79.33E-3
-665.0E-3,79.33E-3
-664.0E-3,79.33E-3
-663.0E-3,79.33E-3
-662.0E-3,79.33E-3
-661.0E-3,79.33E-3
-660.0E-3,79.33E-3
-659.0E-3,79.33E-3
-658.0E-3,79.33E-3
-657.0E-3,79.33E-3
-656.0E-3,79.33E-3
-655.0E-3,79.33E-3
-654.0E-3,79.33E-3
-653.0E-3,79.33E-3
-652.0E-3,79.33E-3
-651.0E-3,79.33E-3
-650.0E-3,79.33E-3
-649.0E-3,79.33E-3
-648.0E-3,79.33E-3
-647.0E-3,79.33E-3
-646.0E-3,79.33E-3
-645.0E-3,79.33E-3
-644.0E-3,79.33E-3
-643.0E-3,79.33E-3
-642.0E-3,79.33E-3
-641.0E-3,79.33E-3
-640.0E-3,79.33E-3
-639.0E-3,79.33E-3
-638.0E-3,79.33E-3
-637.0E-3,79.33E-3
-636.0E-3,79.33E-3
-635.0E-3,79.33E-3
-634.0E-3,79.33E-3
-633.0E-3,79.33E-3
-632.0E-3,79.33E-3
-631.0E-3,79.33E-3
-630.0E-3,79.33E-3
-629.0E-3,79.33E-3
-628.0E-3,79.33E-3
-627.0E-3,79.33E-3
-626.0E-3,79.33E-3
-625.0E-3,79.33E-3
-624.0E-3,79.33E-3
-623.0E-3,79.33E-3
-622.0E-3,79.33E-3
-621.0E-3,79.33E-3
-620.0E-3,79.33E-3
-619.0E-3,79.33E-3
-618.0E-3,79.33E-3
-617.0E-3,79.33E-3
-616.0E-3,79.33E-3
-615.0E-3,79.33E-3
-614.0E-3,79.33E-3
-613.0E-3,79.33E-3
-612.0E-3,79.33E-3
-611.0E-3,79.33E-3
-610.0E-3,79.33E-3
-609.0E-3,79.33E-3
-608.0E-3,79.33E-3
-607.0E-3,79.33E-3
-606.0E-3,79.33E-3
-605.0E-3,79.33E-3
-604.0E-3,79.33E-3
-603.0E-3,79.33E-3
-602.0E-3,79.33E-3
-601.0E-3,79.33E-3
-600.0E-3,79.33E-3
-599.0E-3,79.33E-3
-598.0E-3,79.33E-3
-597.0E-3,79.33E-3
-596.0E-3,79.33E-3
-595.0E-3,79.33E-3
-594.0E-3,79.33E-3
-593.0E-3,79.33E-3
-592.0E-3,79.33E-3
-591.0E-3,79.33E-3
-590.0E-3,79.33E-3
-589.0E-3,79.33E-3
-588.0E-3,79.33E-3
-587.0E-3,79.33E-3
-586.0E-3,79.33E-3
-585.0E-3,79.33E-3
-584.0E-3,79.33E-3
-583.0E-3,79.33E-3
-582.0E-3,79.33E-3
-581.0E-3,79.33E-3
-580.0E-3,79.33E-3
-579.0E-3,79.33E-3
-578.0E-3,79.33E-3
-577.0E-3,79.33E-3
-576.0E-3,79.33E-3
-575.0E-3,79.33E-3
-574.0E-3,79.33E-3
-573.0E-3,79.33E-3
-572.0E-3,79.33E-3
-571.0E-3,79.33E-3
-570.0E-3,79.33E-3
-569.0E-3,79.33E-3
-568.0E-3,79.33E-3
-567.0E-3,79.33E-3
-566.0E-3,79.33E-3
-565.0E-3,79.33E-3
-564.0E-3,79.33E-3
-563.0E-3,79.33E-3
-562.0E-3,79.33E-3
-561.0E-3,79.33E-3
-560.0E-3,79.33E-3
-559.0E-3,79.33E-3
-558.0E-3,79.33E-3
-557.0E-3,79.33E-3
-556.0E-3,79.33E-3
-555.0E-3,79.33E-3
-554.0E-3,79.33E-3
-553.0E-3,79.33E-3
-552.0E-3,79.33E-3
-551.0E-3,79.33E-3
-550.0E-3,79.33E-3
-549.0E-3,79.33E-3
-548.0E-3,79.33E-3
-547.0E-3,79.33E-3
-546.0E-3,79.33E-3
-545.0E-3,79.33E-3
-544.0E-3,79.33E-3
-543.0E-3,79.33E-3
-542.0E-3,79.33E-3
-541.0E-3,79.33E-3
-540.0E-3,79.33E-3
-539.0E-3,79.33E-3
-538.0E-3,79.33E-3
-537.0E-3,79.33E-3
-536.0E-3,79.33E-3
-535.0E-3,79.33E-3
-534.0E-3,79.33E-3
-533.0E-3,79.33E-3
-532.0E-3,79.33E-3
-531.0E-3,79.33E-3
-530.0E-3,79.33E-3
-529.0E-3,79.33E-3
-528.0E-3,79.33E-3
-527.0E-3,79.33E-3
-526.0E-3,79.33E-3
-525.0E-3,79.33E-3
-524.0E-3,79.33E-3
-523.0E-3,79.33E-3
-522.0E-3,79.33E-3
-521.0E-3,79.33E-3
-520.0E-3,79.33E-3
-519.0E-3,79.33E-3
-518.0E-3,79.33E-3
-517.0E-3,79.33E-3
-516.0E-3,79.33E-3
-515.0E-3,79.33E-3
-514.0E-3,79.33E-3
-513.0E-3,79.33E-3
-512.0E-3,79.33E-3
-511.0E-3,79.33E-3
-510.0E-3,79.33E-3
-509.0E-3,79.33E-3
-508.0E-3,79.33E-3
-507.0E-3,79.33E-3
-506.0E-3,79.33E-3
-505.0E-3,79.33E-3
-504.0E-3,79.33E-3
-503.0E-3,79.33E-3
-502.0E-3,79.33E-3
-501.0E-3,79.33E-3
-500.0E-3,79.33E-3
-499.0E-3,79.33E-3
-498.0E-3,79.33E-3
-497.0E-3,79.33E-3
-496.0E-3,79.33E-3
-495.0E-3,79.33E-3
-494.0E-3,79.33E-3
-493.0E-3,79.33E-3
-492.0E-3,79.33E-3
-491.0E-3,79.33E-3
-490.0E-3,79.33E-3
-489.0E-3,79.33E-3
-488.0E-3,79.33E-3
-487.0E-3,79.33E-3
-486.0E-3,79.33E-3
-485.0E-3,79.33E-3
-484.0E-3,79.33E-3
-483.0E-3,79.33E-3
-482.0E-3,79.33E-3
-481.0E-3,79.33E-3
-480.0E-3,79.33E-3
-479.0E-3,79.33E-3
-478.0E-3,79.33E-3
-477.0E-3,79.33E-3
-476.0E-3,79.33E-3
-475.0E-3,79.33E-3
-474.0E-3,79.33E-3
-473.0E-3,79.33E-3
-472.0E-3,79.33E-3
-471.0E-3,79.33E-3
-470.0E-3,79.33E-3
-469.0E-3,79.33E-3
-468.0E-3,79.33E-3
-467.0E-3,79.33E-3
-466.0E-3,79.33E-3
-465.0E-3,79.33E-3
-464.0E-3,79.33E-3
-463.0E-3,79.33E-3
-462.0E-3,79.33E-3
-461.0E-3,79.33E-3
-460.0E-3,79.33E-3
-459.0E-3,79.33E-3
-458.0E-3,79.33E-3
-457.0E-3,79.33E-3
-456.0E-3,79.33E-3
-455.0E-3,79.33E-3
-454.0E-3,79.33E-3
-453.0E-3,79.33E-3
-452.0E-3,79.33E-3
-451.0E-3,79.33E-3
-450.0E-3,79.33E-3
-449.0E-3,79.33E-3
-448.0E-3,79.33E-3
-447.0E-3,79.33E-3
-446.0E-3,79.33E-3
-445.0E-3,79.33E-3
-444.0E-3,79.33E-3
-443.0E-3,79.33E-3
-442.0E-3,79.33E-3
-441.0E-3,79.33E-3
-440.0E-3,79.33E-3
-439.0E-3,79.33E-3
-438.0E-3,79.33E-3
-437.0E-3,79.33E-3
-436.0E-3,79.33E-3
-435.0E-3,79.33E-3
-434.0E-3,79.33E-3
-433.0E-3,79.33E-3
-432.0E-3,79.33E-3
-431.0E-3,79.33E-3
-430.0E-3,79.33E-3
-429.0E-3,79.33E-3
-428.0E-3,79.33E-3
-427.0E-3,79.33E-3
-426.0E-3,79.33E-3
-425.0E-3,79.33E-3
-424.0E-3,79.33E-3
-423.0E-3,79.33E-3
-422.0E-3,79.33E-3
-421.0E-3,79.33E-3
-420.0E-3,79.33E-3
-419.0E-3,79.33E-3
-418.0E-3,79.33E-3
-417.0E-3,79.33E-3
-416.0E-3,79.33E-3
-415.0E-3,79.33E-3
-414.0E-3,79.33E-3
-413.0E-3,79.33E-3
-412.0E-3,79.33E-3
-411.0E-3,79.33E-3
-410.0E-3,79.33E-3
-409.0E-3,79.33E-3
-408.0E-3,79.33E-3
-407.0E-3,79.33E-3
-406.0E-3,79.33E-3
-405.0E-3,79.33E-3
-404.0E-3,79.33E-3
-403.0E-3,79.33E-3
-402.0E-3,79.33E-3
-401.0E-3,79.33E-3
-400.0E-3,79.33E-3
-399.0E-3,79.33E-3
-398.0E-3,79.33E-3
-397.0E-3,79.33E-3
-396.0E-3,79.33E-3
-395.0E-3,79.33E-3
-394.0E-3,79.33E-3
-393.0E-3,79.33E-3
-392.0E-3,79.33E-3
-391.0E-3,79.33E-3
-390.0E-3,79.33E-3
-389.0E-3,79.33E-3
-388.0E-3,79.33E-3
-387.0E-3,79.33E-3
-386.0E-3,79.33E-3
-385.0E-3,79.33E-3
-384.0E-3,79.33E-3
-383.0E-3,79.33E-3
-382.0E-3,79.33E-3
-381.0E-3,79.33E-3
-380.0E-3,79.33E-3
-379.0E-3,79.33E-3
-378.0E-3,79.33E-3
-377.0E-3,79.33E-3
-376.0E-3,79.33E-3
-375.0E-3,79.33E-3
-374.0E-3,79.33E-3
-373.0E-3,79.33E-3
-372.0E-3,79.33E-3
-371.0E-3,79.33E-3
-370.0E-3,79.33E-3
-369.0E-3,79.33E-3
-368.0E-3,79.33E-3
-367.0E-3,79.33E-3
-366.0E-3,79.33E-3
-365.0E-3,79.33E-3
-364.0E-3,79.33E-3
-363.0E-3,79.33E-3
-362.0E-3,79.33E-3
-361.0E-3,79.33E-3
-360.0E-3,79.33E-3
-359.0E-3,79.33E-3
-358.0E-3,79.33E-3
-357.0E-3,79.33E-3
-356.0E-3,79.33E-3
-355.0E-3,79.33E-3
-354.0E-3,79.33E-3
-353.0E-3,79.33E-3
-352.0E-3,79.33E-3
-351.0E-3,79.34E-3
-350.0E-3,79.34E-3
-349.0E-3,79.34E-3
-348.0E-3,79.34E-3
-347.0E-3,79.34E-3
-346.0E-3,79.34E-3
-345.0E-3,79.34E-3
-344.0E-3,79.34E-3
-343.0E-3,79.34E-3
-342.0E-3,79.34E-3
-341.0E-3,79.34E-3
-340.0E-3,79.34E-3
-339.0E-3,79.34E-3
-338.0E-3,79.34E-3
-337.0E-3,79.34E-3
-336.0E-3,79.34E-3
-335.0E-3,79.34E-3
-334.0E-3,79.34E-3
-333.0E-3,79.34E-3
-332.0E-3,79.34E-3
-331.0E-3,79.34E-3
-330.0E-3,79.34E-3
-329.0E-3,79.34E-3
-328.0E-3,79.34E-3
-327.0E-3,79.34E-3
-326.0E-3,79.34E-3
-325.0E-3,79.34E-3
-324.0E-3,79.34E-3
-323.0E-3,79.34E-3
-322.0E-3,79.34E-3
-321.0E-3,79.34E-3
-320.0E-3,79.35E-3
-319.0E-3,79.35E-3
-318.0E-3,79.35E-3
-317.0E-3,79.35E-3
-316.0E-3,79.35E-3
-315.0E-3,79.35E-3
-314.0E-3,79.35E-3
-313.0E-3,79.35E-3
-312.0E-3,79.35E-3
-311.0E-3,79.35E-3
-310.0E-3,79.35E-3
-309.0E-3,79.35E-3
-308.0E-3,79.35E-3
-307.0E-3,79.35E-3
-306.0E-3,79.35E-3
-305.0E-3,79.35E-3
-304.0E-3,79.35E-3
-303.0E-3,79.35E-3
-302.0E-3,79.36E-3
-301.0E-3,79.36E-3
-300.0E-3,79.36E-3
-299.0E-3,79.36E-3
-298.0E-3,79.36E-3
-297.0E-3,79.36E-3
-296.0E-3,79.36E-3
-295.0E-3,79.36E-3
-294.0E-3,79.36E-3
-293.0E-3,79.36E-3
-292.0E-3,79.36E-3
-291.0E-3,79.36E-3
-290.0E-3,79.37E-3
-289.0E-3,79.37E-3
-288.0E-3,79.37E-3
-287.0E-3,79.37E-3
-286.0E-3,79.37E-3
-285.0E-3,79.37E-3
-284.0E-3,79.37E-3
-283.0E-3,79.37E-3
-282.0E-3,79.37E-3
-281.0E-3,79.38E-3
-280.0E-3,79.38E-3
-279.0E-3,79.38E-3
-278.0E-3,79.38E-3
-277.0E-3,79.38E-3
-276.0E-3,79.38E-3
-275.0E-3,79.38E-3
-274.0E-3,79.38E-3
-273.0E-3,79.39E-3
-272.0E-3,79.39E-3
-271.0E-3,79.39E-3
-270.0E-3,79.39E-3
-269.0E-3,79.39E-3
-268.0E-3,79.39E-3
-267.0E-3,79.40E-3
-266.0E-3,79.40E-3
-265.0E-3,79.40E-3
-264.0E-3,79.40E-3
-263.0E-3,79.40E-3
-262.0E-3,79.40E-3
-261.0E-3,79.41E-3
-260.0E-3,79.41E-3
-259.0E-3,79.41E-3
-258.0E-3,79.41E-3
-257.0E-3,79.41E-3
-256.0E-3,79.42E-3
-255.0E-3,79.42E-3
-254.0E-3,79.42E-3
-253.0E-3,79.42E-3
-252.0E-3,79.43E-3
-251.0E-3,79.43E-3
-250.0E-3,79.43E-3
-249.0E-3,79.43E-3
-248.0E-3,79.44E-3
-247.0E-3,79.44E-3
-246.0E-3,79.44E-3
-245.0E-3,79.44E-3
-244.0E-3,79.45E-3
-243.0E-3,79.45E-3
-242.0E-3,79.45E-3
-241.0E-3,79.45E-3
-240.0E-3,79.46E-3
-239.0E-3,79.46E-3
-238.0E-3,79.46E-3
-237.0E-3,79.47E-3
-236.0E-3,79.47E-3
-235.0E-3,79.47E-3
-234.0E-3,79.48E-3
-233.0E-3,79.48E-3
-232.0E-3,79.48E-3
-231.0E-3,79.49E-3
-230.0E-3,79.49E-3
-229.0E-3,79.50E-3
-228.0E-3,79.50E-3
-227.0E-3,79.50E-3
-226.0E-3,79.51E-3
-225.0E-3,79.51E-3
-224.0E-3,79.52E-3
-223.0E-3,79.52E-3
-222.0E-3,79.53E-3
-221.0E-3,79.53E-3
-220.0E-3,79.53E-3
-219.0E-3,79.54E-3
-218.0E-3,79.54E-3
-217.0E-3,79.55E-3
-216.0E-3,79.55E-3
-215.0E-3,79.56E-3
-214.0E-3,79.56E-3
-213.0E-3,79.57E-3
-212.0E-3,79.58E-3
-211.0E-3,79.58E-3
-210.0E-3,79.59E-3
-209.0E-3,79.59E-3
-208.0E-3,79.60E-3
-207.0E-3,79.60E-3
-206.0E-3,79.61E-3
-205.0E-3,79.62E-3
-204.0E-3,79.62E-3
-203.0E-3,79.63E-3
-202.0E-3,79.64E-3
-201.0E-3,79.64E-3
-200.0E-3,79.65E-3
-199.0E-3,79.66E-3
-198.0E-3,79.67E-3
-197.0E-3,79.67E-3
-196.0E-3,79.68E-3
-195.0E-3,79.69E-3
-194.0E-3,79.70E-3
-193.0E-3,79.70E-3
-192.0E-3,79.71E-3
-191.0E-3,79.72E-3
-190.0E-3,79.73E-3
-189.0E-3,79.74E-3
-188.0E-3,79.75E-3
-187.0E-3,79.76E-3
-186.0E-3,79.76E-3
-185.0E-3,79.77E-3
-184.0E-3,79.78E-3
-183.0E-3,79.79E-3
-182.0E-3,79.80E-3
-181.0E-3,79.81E-3
-180.0E-3,79.82E-3
-179.0E-3,79.83E-3
-178.0E-3,79.84E-3
-177.0E-3,79.85E-3
-176.0E-3,79.87E-3
-175.0E-3,79.88E-3
-174.0E-3,79.89E-3
-173.0E-3,79.90E-3
-172.0E-3,79.91E-3
-171.0E-3,79.92E-3
-170.0E-3,79.94E-3
-169.0E-3,79.95E-3
-168.0E-3,79.96E-3
-167.0E-3,79.97E-3
-166.0E-3,79.99E-3
-165.0E-3,80.00E-3
-164.0E-3,80.01E-3
-163.0E-3,80.03E-3
-162.0E-3,80.04E-3
-161.0E-3,80.05E-3
-160.0E-3,80.07E-3
-159.0E-3,80.08E-3
-158.0E-3,80.10E-3
-157.0E-3,80.11E-3
-156.0E-3,80.13E-3
-155.0E-3,80.15E-3
-154.0E-3,80.16E-3
-153.0E-3,80.18E-3
-152.0E-3,80.19E-3
-151.0E-3,80.21E-3
-150.0E-3,80.23E-3
-149.0E-3,80.25E-3
-148.0E-3,80.26E-3
-147.0E-3,80.28E-3
-146.0E-3,80.30E-3
-145.0E-3,80.32E-3
-144.0E-3,80.34E-3
-143.0E-3,80.36E-3
-142.0E-3,80.37E-3
-141.0E-3,80.39E-3
-140.0E-3,80.41E-3
-139.0E-3,80.43E-3
-138.0E-3,80.46E-3
-137.0E-3,80.48E-3
-136.0E-3,80.50E-3
-135.0E-3,80.52E-3
-134.0E-3,80.54E-3
-133.0E-3,80.56E-3
-132.0E-3,80.59E-3
-131.0E-3,80.61E-3
-130.0E-3,80.63E-3
-129.0E-3,80.65E-3
-128.0E-3,80.68E-3
-127.0E-3,80.70E-3
-126.0E-3,80.73E-3
-125.0E-3,80.75E-3
-124.0E-3,80.78E-3
-123.0E-3,80.80E-3
-122.0E-3,80.83E-3
-121.0E-3,80.86E-3
-120.0E-3,80.88E-3
-119.0E-3,80.91E-3
-118.0E-3,80.94E-3
-117.0E-3,80.97E-3
-116.0E-3,80.99E-3
-115.0E-3,81.02E-3
-114.0E-3,81.05E-3
-113.0E-3,81.08E-3
-112.0E-3,81.11E-3
-111.0E-3,81.14E-3
-110.0E-3,81.17E-3
-109.0E-3,81.20E-3
-108.0E-3,81.24E-3
-107.0E-3,81.27E-3
-106.0E-3,81.30E-3
-105.0E-3,81.33E-3
-104.0E-3,81.37E-3
-103.0E-3,81.40E-3
-102.0E-3,81.44E-3
-101.0E-3,81.47E-3
-100.0E-3,81.51E-3
-99.00E-3,81.54E-3
-98.00E-3,81.58E-3
-97.00E-3,81.61E-3
-96.00E-3,81.65E-3
-95.00E-3,81.69E-3
-94.00E-3,81.73E-3
-93.00E-3,81.77E-3
-92.00E-3,81.81E-3
-91.00E-3,81.85E-3
-90.00E-3,81.89E-3
-89.00E-3,81.93E-3
-88.00E-3,81.97E-3
-87.00E-3,82.01E-3
-86.00E-3,82.05E-3
-85.00E-3,82.09E-3
-84.00E-3,82.14E-3
-83.00E-3,82.18E-3
-82.00E-3,82.23E-3
-81.00E-3,82.27E-3
-80.00E-3,82.32E-3
-79.00E-3,82.36E-3
-78.00E-3,82.41E-3
-77.00E-3,82.46E-3
-76.00E-3,82.51E-3
-75.00E-3,82.56E-3
-74.00E-3,82.60E-3
-73.00E-3,82.65E-3
-72.00E-3,82.71E-3
-71.00E-3,82.76E-3
-70.00E-3,82.81E-3
-69.00E-3,82.86E-3
-68.00E-3,82.91E-3
-67.00E-3,82.97E-3
-66.00E-3,83.02E-3
-65.00E-3,83.08E-3
-64.00E-3,83.13E-3
-63.00E-3,83.19E-3
-62.00E-3,83.25E-3
-61.00E-3,83.31E-3
-60.00E-3,83.37E-3
-59.00E-3,83.43E-3
-58.00E-3,83.49E-3
-57.00E-3,83.55E-3
-56.00E-3,83.61E-3
-55.00E-3,83.67E-3
-54.00E-3,83.74E-3
-53.00E-3,83.80E-3
-52.00E-3,83.87E-3
-51.00E-3,83.93E-3
-50.00E-3,84.00E-3
-49.00E-3,84.07E-3
-48.00E-3,84.14E-3
-47.00E-3,84.21E-3
-46.00E-3,84.28E-3
-45.00E-3,84.35E-3
-44.00E-3,84.42E-3
-43.00E-3,84.50E-3
-42.00E-3,84.57E-3
-41.00E-3,84.65E-3
-40.00E-3,84.72E-3
-39.00E-3,84.80E-3
-38.00E-3,84.88E-3
-37.00E-3,84.96E-3
-36.00E-3,85.04E-3
-35.00E-3,85.12E-3
-34.00E-3,85.21E-3
-33.00E-3,85.29E-3
-32.00E-3,85.38E-3
-31.00E-3,85.46E-3
-30.00E-3,85.55E-3
-29.00E-3,85.64E-3
-28.00E-3,85.73E-3
-27.00E-3,85.82E-3
-26.00E-3,85.92E-3
-25.00E-3,86.01E-3
-24.00E-3,86.11E-3
-23.00E-3,86.21E-3
-22.00E-3,86.31E-3
-21.00E-3,86.41E-3
-20.00E-3,86.51E-3
-19.00E-3,86.61E-3
-18.00E-3,86.72E-3
-17.00E-3,86.83E-3
-16.00E-3,86.94E-3
-15.00E-3,87.05E-3
-14.00E-3,87.16E-3
-13.00E-3,87.27E-3
-12.00E-3,87.39E-3
-11.00E-3,87.51E-3
-10.00E-3,87.63E-3
-9.000E-3,87.75E-3
-8.000E-3,87.88E-3
-7.000E-3,88.00E-3
-6.000E-3,88.13E-3
-5.000E-3,88.26E-3
-4.000E-3,88.40E-3
-3.000E-3,88.53E-3
-2.000E-3,88.67E-3
-1.000E-3,88.81E-3
-109.3E-15,88.96E-3
1.000E-3,89.11E-3
2.000E-3,89.26E-3
3.000E-3,89.41E-3
4.000E-3,89.56E-3
5.000E-3,89.72E-3
6.000E-3,89.88E-3
7.000E-3,90.05E-3
8.000E-3,90.22E-3
9.000E-3,90.39E-3
10.00E-3,90.57E-3
11.00E-3,90.75E-3
12.00E-3,90.93E-3
13.00E-3,91.12E-3
14.00E-3,91.32E-3
15.00E-3,91.51E-3
16.00E-3,91.72E-3
17.00E-3,91.92E-3
18.00E-3,92.14E-3
19.00E-3,92.36E-3
20.00E-3,92.58E-3
21.00E-3,92.81E-3
22.00E-3,93.05E-3
23.00E-3,93.29E-3
24.00E-3,93.54E-3
25.00E-3,93.79E-3
26.00E-3,94.06E-3
27.00E-3,94.33E-3
28.00E-3,94.61E-3
29.00E-3,94.90E-3
30.00E-3,95.20E-3
31.00E-3,95.50E-3
32.00E-3,95.82E-3
33.00E-3,96.15E-3
34.00E-3,96.49E-3
35.00E-3,96.84E-3
36.00E-3,97.21E-3
37.00E-3,97.59E-3
38.00E-3,97.98E-3
39.00E-3,98.39E-3
40.00E-3,98.81E-3
41.00E-3,99.26E-3
42.00E-3,99.72E-3
43.00E-3,100.2E-3
44.00E-3,100.7E-3
45.00E-3,101.2E-3
46.00E-3,101.8E-3
47.00E-3,102.4E-3
48.00E-3,103.0E-3
49.00E-3,103.6E-3
50.00E-3,104.3E-3
51.00E-3,105.0E-3
52.00E-3,105.8E-3
53.00E-3,106.6E-3
54.00E-3,107.5E-3
55.00E-3,108.4E-3
56.00E-3,109.4E-3
57.00E-3,110.4E-3
58.00E-3,111.6E-3
59.00E-3,112.8E-3
60.00E-3,114.1E-3
61.00E-3,115.6E-3
62.00E-3,117.2E-3
63.00E-3,118.9E-3
64.00E-3,120.8E-3
65.00E-3,122.9E-3
66.00E-3,125.3E-3
67.00E-3,127.9E-3
68.00E-3,130.9E-3
69.00E-3,134.3E-3
70.00E-3,138.2E-3
71.00E-3,142.7E-3
72.00E-3,147.9E-3
73.00E-3,154.1E-3
74.00E-3,161.4E-3
75.00E-3,169.9E-3
76.00E-3,180.0E-3
77.00E-3,191.6E-3
78.00E-3,204.6E-3
79.00E-3,218.7E-3
80.00E-3,233.6E-3
81.00E-3,248.8E-3
82.00E-3,264.0E-3
83.00E-3,279.2E-3
84.00E-3,294.1E-3
85.00E-3,308.7E-3
86.00E-3,323.1E-3
87.00E-3,337.1E-3
88.00E-3,348.0E-3
89.00E-3,357.9E-3
90.00E-3,367.4E-3
91.00E-3,376.7E-3
92.00E-3,385.8E-3
93.00E-3,394.6E-3
94.00E-3,403.2E-3
95.00E-3,411.6E-3
96.00E-3,419.9E-3
97.00E-3,428.0E-3
98.00E-3,436.0E-3
99.00E-3,444.0E-3
100.0E-3,452.0E-3
101.0E-3,460.0E-3
102.0E-3,468.3E-3
103.0E-3,476.8E-3
104.0E-3,485.8E-3
105.0E-3,495.5E-3
106.0E-3,506.1E-3
107.0E-3,517.8E-3
108.0E-3,530.5E-3
109.0E-3,543.9E-3
110.0E-3,557.6E-3
111.0E-3,571.1E-3
112.0E-3,584.2E-3
113.0E-3,597.0E-3
114.0E-3,609.2E-3
115.0E-3,620.9E-3
116.0E-3,632.3E-3
117.0E-3,643.1E-3
118.0E-3,653.6E-3
119.0E-3,663.6E-3
120.0E-3,673.3E-3
121.0E-3,682.6E-3
122.0E-3,691.6E-3
123.0E-3,700.2E-3
124.0E-3,708.6E-3
125.0E-3,716.7E-3
126.0E-3,724.5E-3
127.0E-3,732.1E-3
128.0E-3,739.4E-3
129.0E-3,746.4E-3
130.0E-3,753.3E-3
131.0E-3,760.0E-3
132.0E-3,766.4E-3
133.0E-3,772.7E-3
134.0E-3,778.8E-3
135.0E-3,784.8E-3
136.0E-3,790.5E-3
137.0E-3,796.1E-3
138.0E-3,801.6E-3
139.0E-3,807.0E-3
140.0E-3,812.2E-3
141.0E-3,817.2E-3
142.0E-3,822.2E-3
143.0E-3,827.1E-3
144.0E-3,831.8E-3
145.0E-3,836.4E-3
146.0E-3,840.9E-3
147.0E-3,845.4E-3
148.0E-3,849.7E-3
149.0E-3,854.0E-3
150.0E-3,858.1E-3
151.0E-3,862.2E-3
152.0E-3,866.2E-3
153.0E-3,870.2E-3
154.0E-3,874.0E-3
155.0E-3,877.8E-3
156.0E-3,881.5E-3
157.0E-3,885.2E-3
158.0E-3,888.7E-3
159.0E-3,892.3E-3
160.0E-3,895.7E-3
161.0E-3,899.1E-3
162.0E-3,902.5E-3
163.0E-3,905.8E-3
164.0E-3,909.0E-3
165.0E-3,912.2E-3
166.0E-3,915.4E-3
167.0E-3,918.5E-3
168.0E-3,921.5E-3
169.0E-3,924.6E-3
170.0E-3,927.5E-3
171.0E-3,930.7E-3
172.0E-3,933.6E-3
173.0E-3,936.3E-3
174.0E-3,938.9E-3
175.0E-3,941.4E-3
176.0E-3,943.7E-3
177.0E-3,945.9E-3
178.0E-3,948.0E-3
179.0E-3,950.0E-3
180.0E-3,951.9E-3
181.0E-3,953.7E-3
182.0E-3,955.4E-3
183.0E-3,957.1E-3
184.0E-3,958.6E-3
185.0E-3,960.1E-3
186.0E-3,961.5E-3
187.0E-3,962.9E-3
188.0E-3,964.2E-3
189.0E-3,965.4E-3
190.0E-3,966.6E-3
191.0E-3,967.7E-3
192.0E-3,968.8E-3
193.0E-3,969.8E-3
194.0E-3,970.8E-3
195.0E-3,971.7E-3
196.0E-3,972.6E-3
197.0E-3,973.5E-3
198.0E-3,974.3E-3
199.0E-3,975.1E-3
200.0E-3,975.9E-3
201.0E-3,976.6E-3
202.0E-3,977.3E-3
203.0E-3,978.0E-3
204.0E-3,978.6E-3
205.0E-3,979.2E-3
206.0E-3,979.8E-3
207.0E-3,980.4E-3
208.0E-3,980.9E-3
209.0E-3,981.5E-3
210.0E-3,982.0E-3
211.0E-3,982.5E-3
212.0E-3,983.0E-3
213.0E-3,983.4E-3
214.0E-3,983.9E-3
215.0E-3,984.3E-3
216.0E-3,984.7E-3
217.0E-3,985.1E-3
218.0E-3,985.5E-3
219.0E-3,985.9E-3
220.0E-3,986.2E-3
221.0E-3,986.6E-3
222.0E-3,986.9E-3
223.0E-3,987.2E-3
224.0E-3,987.5E-3
225.0E-3,987.8E-3
226.0E-3,988.1E-3
227.0E-3,988.4E-3
228.0E-3,988.7E-3
229.0E-3,988.9E-3
230.0E-3,989.2E-3
231.0E-3,989.4E-3
232.0E-3,989.7E-3
233.0E-3,989.9E-3
234.0E-3,990.1E-3
235.0E-3,990.4E-3
236.0E-3,990.6E-3
237.0E-3,990.8E-3
238.0E-3,991.0E-3
239.0E-3,991.2E-3
240.0E-3,991.4E-3
241.0E-3,991.5E-3
242.0E-3,991.7E-3
243.0E-3,991.9E-3
244.0E-3,992.1E-3
245.0E-3,992.2E-3
246.0E-3,992.4E-3
247.0E-3,992.5E-3
248.0E-3,992.7E-3
249.0E-3,992.8E-3
250.0E-3,993.0E-3
251.0E-3,993.1E-3
252.0E-3,993.2E-3
253.0E-3,993.4E-3
254.0E-3,993.5E-3
255.0E-3,993.6E-3
256.0E-3,993.7E-3
257.0E-3,993.9E-3
258.0E-3,994.0E-3
259.0E-3,994.1E-3
260.0E-3,994.2E-3
261.0E-3,994.3E-3
262.0E-3,994.4E-3
263.0E-3,994.5E-3
264.0E-3,994.6E-3
265.0E-3,994.7E-3
266.0E-3,994.8E-3
267.0E-3,994.9E-3
268.0E-3,995.0E-3
269.0E-3,995.1E-3
270.0E-3,995.1E-3
271.0E-3,995.2E-3
272.0E-3,995.3E-3
273.0E-3,995.4E-3
274.0E-3,995.5E-3
275.0E-3,995.5E-3
276.0E-3,995.6E-3
277.0E-3,995.7E-3
278.0E-3,995.7E-3
279.0E-3,995.8E-3
280.0E-3,995.9E-3
281.0E-3,995.9E-3
282.0E-3,996.0E-3
283.0E-3,996.1E-3
284.0E-3,996.1E-3
285.0E-3,996.2E-3
286.0E-3,996.3E-3
287.0E-3,996.3E-3
288.0E-3,996.4E-3
289.0E-3,996.4E-3
290.0E-3,996.5E-3
291.0E-3,996.5E-3
292.0E-3,996.6E-3
293.0E-3,996.6E-3
294.0E-3,996.7E-3
295.0E-3,996.7E-3
296.0E-3,996.8E-3
297.0E-3,996.8E-3
298.0E-3,996.9E-3
299.0E-3,996.9E-3
300.0E-3,997.0E-3
301.0E-3,997.0E-3
302.0E-3,997.0E-3
303.0E-3,997.1E-3
304.0E-3,997.1E-3
305.0E-3,997.2E-3
306.0E-3,997.2E-3
307.0E-3,997.2E-3
308.0E-3,997.3E-3
309.0E-3,997.3E-3
310.0E-3,997.3E-3
311.0E-3,997.4E-3
312.0E-3,997.4E-3
313.0E-3,997.4E-3
314.0E-3,997.5E-3
315.0E-3,997.5E-3
316.0E-3,997.5E-3
317.0E-3,997.6E-3
318.0E-3,997.6E-3
319.0E-3,997.6E-3
320.0E-3,997.7E-3
321.0E-3,997.7E-3
322.0E-3,997.7E-3
323.0E-3,997.7E-3
324.0E-3,997.8E-3
325.0E-3,997.8E-3
326.0E-3,997.8E-3
327.0E-3,997.8E-3
328.0E-3,997.9E-3
329.0E-3,997.9E-3
330.0E-3,997.9E-3
331.0E-3,997.9E-3
332.0E-3,998.0E-3
333.0E-3,998.0E-3
334.0E-3,998.0E-3
335.0E-3,998.0E-3
336.0E-3,998.1E-3
337.0E-3,998.1E-3
338.0E-3,998.1E-3
339.0E-3,998.1E-3
340.0E-3,998.1E-3
341.0E-3,998.2E-3
342.0E-3,998.2E-3
343.0E-3,998.2E-3
344.0E-3,998.2E-3
345.0E-3,998.2E-3
346.0E-3,998.3E-3
347.0E-3,998.3E-3
348.0E-3,998.3E-3
349.0E-3,998.3E-3
350.0E-3,998.3E-3
351.0E-3,998.3E-3
352.0E-3,998.4E-3
353.0E-3,998.4E-3
354.0E-3,998.4E-3
355.0E-3,998.4E-3
356.0E-3,998.4E-3
357.0E-3,998.4E-3
358.0E-3,998.5E-3
359.0E-3,998.5E-3
360.0E-3,998.5E-3
361.0E-3,998.5E-3
362.0E-3,998.5E-3
363.0E-3,998.5E-3
364.0E-3,998.5E-3
365.0E-3,998.6E-3
366.0E-3,998.6E-3
367.0E-3,998.6E-3
368.0E-3,998.6E-3
369.0E-3,998.6E-3
370.0E-3,998.6E-3
371.0E-3,998.6E-3
372.0E-3,998.6E-3
373.0E-3,998.7E-3
374.0E-3,998.7E-3
375.0E-3,998.7E-3
376.0E-3,998.7E-3
377.0E-3,998.7E-3
378.0E-3,998.7E-3
379.0E-3,998.7E-3
380.0E-3,998.7E-3
381.0E-3,998.8E-3
382.0E-3,998.8E-3
383.0E-3,998.8E-3
384.0E-3,998.8E-3
385.0E-3,998.8E-3
386.0E-3,998.8E-3
387.0E-3,998.8E-3
388.0E-3,998.8E-3
389.0E-3,998.8E-3
390.0E-3,998.8E-3
391.0E-3,998.8E-3
392.0E-3,998.9E-3
393.0E-3,998.9E-3
394.0E-3,998.9E-3
395.0E-3,998.9E-3
396.0E-3,998.9E-3
397.0E-3,998.9E-3
398.0E-3,998.9E-3
399.0E-3,998.9E-3
400.0E-3,998.9E-3
401.0E-3,998.9E-3
402.0E-3,998.9E-3
403.0E-3,999.0E-3
404.0E-3,999.0E-3
405.0E-3,999.0E-3
406.0E-3,999.0E-3
407.0E-3,999.0E-3
408.0E-3,999.0E-3
409.0E-3,999.0E-3
410.0E-3,999.0E-3
411.0E-3,999.0E-3
412.0E-3,999.0E-3
413.0E-3,999.0E-3
414.0E-3,999.0E-3
415.0E-3,999.0E-3
416.0E-3,999.0E-3
417.0E-3,999.1E-3
418.0E-3,999.1E-3
419.0E-3,999.1E-3
420.0E-3,999.1E-3
421.0E-3,999.1E-3
422.0E-3,999.1E-3
423.0E-3,999.1E-3
424.0E-3,999.1E-3
425.0E-3,999.1E-3
426.0E-3,999.1E-3
427.0E-3,999.1E-3
428.0E-3,999.1E-3
429.0E-3,999.1E-3
430.0E-3,999.1E-3
431.0E-3,999.1E-3
432.0E-3,999.1E-3
433.0E-3,999.1E-3
434.0E-3,999.2E-3
435.0E-3,999.2E-3
436.0E-3,999.2E-3
437.0E-3,999.2E-3
438.0E-3,999.2E-3
439.0E-3,999.2E-3
440.0E-3,999.2E-3
441.0E-3,999.2E-3
442.0E-3,999.2E-3
443.0E-3,999.2E-3
444.0E-3,999.2E-3
445.0E-3,999.2E-3
446.0E-3,999.2E-3
447.0E-3,999.2E-3
448.0E-3,999.2E-3
449.0E-3,999.2E-3
450.0E-3,999.2E-3
451.0E-3,999.2E-3
452.0E-3,999.2E-3
453.0E-3,999.2E-3
454.0E-3,999.2E-3
455.0E-3,999.2E-3
456.0E-3,999.3E-3
457.0E-3,999.3E-3
458.0E-3,999.3E-3
459.0E-3,999.3E-3
460.0E-3,999.3E-3
461.0E-3,999.3E-3
462.0E-3,999.3E-3
463.0E-3,999.3E-3
464.0E-3,999.3E-3
465.0E-3,999.3E-3
466.0E-3,999.3E-3
467.0E-3,999.3E-3
468.0E-3,999.3E-3
469.0E-3,999.3E-3
470.0E-3,999.3E-3
471.0E-3,999.3E-3
472.0E-3,999.3E-3
473.0E-3,999.3E-3
474.0E-3,999.3E-3
475.0E-3,999.3E-3
476.0E-3,999.3E-3
477.0E-3,999.3E-3
478.0E-3,999.3E-3
479.0E-3,999.3E-3
480.0E-3,999.3E-3
481.0E-3,999.3E-3
482.0E-3,999.3E-3
483.0E-3,999.3E-3
484.0E-3,999.3E-3
485.0E-3,999.4E-3
486.0E-3,999.4E-3
487.0E-3,999.4E-3
488.0E-3,999.4E-3
489.0E-3,999.4E-3
490.0E-3,999.4E-3
491.0E-3,999.4E-3
492.0E-3,999.4E-3
493.0E-3,999.4E-3
494.0E-3,999.4E-3
495.0E-3,999.4E-3
496.0E-3,999.4E-3
497.0E-3,999.4E-3
498.0E-3,999.4E-3
499.0E-3,999.4E-3
500.0E-3,999.4E-3
501.0E-3,999.4E-3
502.0E-3,999.4E-3
503.0E-3,999.4E-3
504.0E-3,999.4E-3
505.0E-3,999.4E-3
506.0E-3,999.4E-3
507.0E-3,999.4E-3
508.0E-3,999.4E-3
509.0E-3,999.4E-3
510.0E-3,999.4E-3
511.0E-3,999.4E-3
512.0E-3,999.4E-3
513.0E-3,999.4E-3
514.0E-3,999.4E-3
515.0E-3,999.4E-3
516.0E-3,999.4E-3
517.0E-3,999.4E-3
518.0E-3,999.4E-3
519.0E-3,999.4E-3
520.0E-3,999.4E-3
521.0E-3,999.4E-3
522.0E-3,999.4E-3
523.0E-3,999.4E-3
524.0E-3,999.4E-3
525.0E-3,999.4E-3
526.0E-3,999.5E-3
527.0E-3,999.5E-3
528.0E-3,999.5E-3
529.0E-3,999.5E-3
530.0E-3,999.5E-3
531.0E-3,999.5E-3
532.0E-3,999.5E-3
533.0E-3,999.5E-3
534.0E-3,999.5E-3
535.0E-3,999.5E-3
536.0E-3,999.5E-3
537.0E-3,999.5E-3
538.0E-3,999.5E-3
539.0E-3,999.5E-3
540.0E-3,999.5E-3
541.0E-3,999.5E-3
542.0E-3,999.5E-3
543.0E-3,999.5E-3
544.0E-3,999.5E-3
545.0E-3,999.5E-3
546.0E-3,999.5E-3
547.0E-3,999.5E-3
548.0E-3,999.5E-3
549.0E-3,999.5E-3
550.0E-3,999.5E-3
551.0E-3,999.5E-3
552.0E-3,999.5E-3
553.0E-3,999.5E-3
554.0E-3,999.5E-3
555.0E-3,999.5E-3
556.0E-3,999.5E-3
557.0E-3,999.5E-3
558.0E-3,999.5E-3
559.0E-3,999.5E-3
560.0E-3,999.5E-3
561.0E-3,999.5E-3
562.0E-3,999.5E-3
563.0E-3,999.5E-3
564.0E-3,999.5E-3
565.0E-3,999.5E-3
566.0E-3,999.5E-3
567.0E-3,999.5E-3
568.0E-3,999.5E-3
569.0E-3,999.5E-3
570.0E-3,999.5E-3
571.0E-3,999.5E-3
572.0E-3,999.5E-3
573.0E-3,999.5E-3
574.0E-3,999.5E-3
575.0E-3,999.5E-3
576.0E-3,999.5E-3
577.0E-3,999.5E-3
578.0E-3,999.5E-3
579.0E-3,999.5E-3
580.0E-3,999.5E-3
581.0E-3,999.5E-3
582.0E-3,999.5E-3
583.0E-3,999.5E-3
584.0E-3,999.5E-3
585.0E-3,999.5E-3
586.0E-3,999.5E-3
587.0E-3,999.5E-3
588.0E-3,999.5E-3
589.0E-3,999.5E-3
590.0E-3,999.5E-3
591.0E-3,999.5E-3
592.0E-3,999.5E-3
593.0E-3,999.5E-3
594.0E-3,999.5E-3
595.0E-3,999.5E-3
596.0E-3,999.6E-3
597.0E-3,999.6E-3
598.0E-3,999.6E-3
599.0E-3,999.6E-3
600.0E-3,999.6E-3
601.0E-3,999.6E-3
602.0E-3,999.6E-3
603.0E-3,999.6E-3
604.0E-3,999.6E-3
605.0E-3,999.6E-3
606.0E-3,999.6E-3
607.0E-3,999.6E-3
608.0E-3,999.6E-3
609.0E-3,999.6E-3
610.0E-3,999.6E-3
611.0E-3,999.6E-3
612.0E-3,999.6E-3
613.0E-3,999.6E-3
614.0E-3,999.6E-3
615.0E-3,999.6E-3
616.0E-3,999.6E-3
617.0E-3,999.6E-3
618.0E-3,999.6E-3
619.0E-3,999.6E-3
620.0E-3,999.6E-3
621.0E-3,999.6E-3
622.0E-3,999.6E-3
623.0E-3,999.6E-3
624.0E-3,999.6E-3
625.0E-3,999.6E-3
626.0E-3,999.6E-3
627.0E-3,999.6E-3
628.0E-3,999.6E-3
629.0E-3,999.6E-3
630.0E-3,999.6E-3
631.0E-3,999.6E-3
632.0E-3,999.6E-3
633.0E-3,999.6E-3
634.0E-3,999.6E-3
635.0E-3,999.6E-3
636.0E-3,999.6E-3
637.0E-3,999.6E-3
638.0E-3,999.6E-3
639.0E-3,999.6E-3
640.0E-3,999.6E-3
641.0E-3,999.6E-3
642.0E-3,999.6E-3
643.0E-3,999.6E-3
644.0E-3,999.6E-3
645.0E-3,999.6E-3
646.0E-3,999.6E-3
647.0E-3,999.6E-3
648.0E-3,999.6E-3
649.0E-3,999.6E-3
650.0E-3,999.6E-3
651.0E-3,999.6E-3
652.0E-3,999.6E-3
653.0E-3,999.6E-3
654.0E-3,999.6E-3
655.0E-3,999.6E-3
656.0E-3,999.6E-3
657.0E-3,999.6E-3
658.0E-3,999.6E-3
659.0E-3,999.6E-3
660.0E-3,999.6E-3
661.0E-3,999.6E-3
662.0E-3,999.6E-3
663.0E-3,999.6E-3
664.0E-3,999.6E-3
665.0E-3,999.6E-3
666.0E-3,999.6E-3
667.0E-3,999.6E-3
668.0E-3,999.6E-3
669.0E-3,999.6E-3
670.0E-3,999.6E-3
671.0E-3,999.6E-3
672.0E-3,999.6E-3
673.0E-3,999.6E-3
674.0E-3,999.6E-3
675.0E-3,999.6E-3
676.0E-3,999.6E-3
677.0E-3,999.6E-3
678.0E-3,999.6E-3
679.0E-3,999.6E-3
680.0E-3,999.6E-3
681.0E-3,999.6E-3
682.0E-3,999.6E-3
683.0E-3,999.6E-3
684.0E-3,999.6E-3
685.0E-3,999.6E-3
686.0E-3,999.6E-3
687.0E-3,999.6E-3
688.0E-3,999.6E-3
689.0E-3,999.6E-3
690.0E-3,999.6E-3
691.0E-3,999.6E-3
692.0E-3,999.6E-3
693.0E-3,999.6E-3
694.0E-3,999.6E-3
695.0E-3,999.6E-3
696.0E-3,999.6E-3
697.0E-3,999.6E-3
698.0E-3,999.6E-3
699.0E-3,999.6E-3
700.0E-3,999.6E-3
701.0E-3,999.6E-3
702.0E-3,999.6E-3
703.0E-3,999.6E-3
704.0E-3,999.6E-3
705.0E-3,999.6E-3
706.0E-3,999.6E-3
707.0E-3,999.6E-3
708.0E-3,999.6E-3
709.0E-3,999.6E-3
710.0E-3,999.6E-3
711.0E-3,999.6E-3
712.0E-3,999.6E-3
713.0E-3,999.6E-3
714.0E-3,999.6E-3
715.0E-3,999.6E-3
716.0E-3,999.6E-3
717.0E-3,999.6E-3
718.0E-3,999.6E-3
719.0E-3,999.6E-3
720.0E-3,999.6E-3
721.0E-3,999.6E-3
722.0E-3,999.6E-3
723.0E-3,999.6E-3
724.0E-3,999.6E-3
725.0E-3,999.6E-3
726.0E-3,999.6E-3
727.0E-3,999.6E-3
728.0E-3,999.6E-3
729.0E-3,999.6E-3
730.0E-3,999.6E-3
731.0E-3,999.6E-3
732.0E-3,999.6E-3
733.0E-3,999.6E-3
734.0E-3,999.6E-3
735.0E-3,999.6E-3
736.0E-3,999.6E-3
737.0E-3,999.6E-3
738.0E-3,999.6E-3
739.0E-3,999.6E-3
740.0E-3,999.6E-3
741.0E-3,999.6E-3
742.0E-3,999.6E-3
743.0E-3,999.6E-3
744.0E-3,999.6E-3
745.0E-3,999.6E-3
746.0E-3,999.6E-3
747.0E-3,999.6E-3
748.0E-3,999.6E-3
749.0E-3,999.6E-3
750.0E-3,999.6E-3
751.0E-3,999.6E-3
752.0E-3,999.6E-3
753.0E-3,999.6E-3
754.0E-3,999.6E-3
755.0E-3,999.6E-3
756.0E-3,999.6E-3
757.0E-3,999.6E-3
758.0E-3,999.6E-3
759.0E-3,999.6E-3
760.0E-3,999.6E-3
761.0E-3,999.7E-3
762.0E-3,999.7E-3
763.0E-3,999.7E-3
764.0E-3,999.7E-3
765.0E-3,999.7E-3
766.0E-3,999.7E-3
767.0E-3,999.7E-3
768.0E-3,999.7E-3
769.0E-3,999.7E-3
770.0E-3,999.7E-3
771.0E-3,999.7E-3
772.0E-3,999.7E-3
773.0E-3,999.7E-3
774.0E-3,999.7E-3
775.0E-3,999.7E-3
776.0E-3,999.7E-3
777.0E-3,999.7E-3
778.0E-3,999.7E-3
779.0E-3,999.7E-3
780.0E-3,999.7E-3
781.0E-3,999.7E-3
782.0E-3,999.7E-3
783.0E-3,999.7E-3
784.0E-3,999.7E-3
785.0E-3,999.7E-3
786.0E-3,999.7E-3
787.0E-3,999.7E-3
788.0E-3,999.7E-3
789.0E-3,999.7E-3
790.0E-3,999.7E-3
791.0E-3,999.7E-3
792.0E-3,999.7E-3
793.0E-3,999.7E-3
794.0E-3,999.7E-3
795.0E-3,999.7E-3
796.0E-3,999.7E-3
797.0E-3,999.7E-3
798.0E-3,999.7E-3
799.0E-3,999.7E-3
800.0E-3,999.7E-3
801.0E-3,999.7E-3
802.0E-3,999.7E-3
803.0E-3,999.7E-3
804.0E-3,999.7E-3
805.0E-3,999.7E-3
806.0E-3,999.7E-3
807.0E-3,999.7E-3
808.0E-3,999.7E-3
809.0E-3,999.7E-3
810.0E-3,999.7E-3
811.0E-3,999.7E-3
812.0E-3,999.7E-3
813.0E-3,999.7E-3
814.0E-3,999.7E-3
815.0E-3,999.7E-3
816.0E-3,999.7E-3
817.0E-3,999.7E-3
818.0E-3,999.7E-3
819.0E-3,999.7E-3
820.0E-3,999.7E-3
821.0E-3,999.7E-3
822.0E-3,999.7E-3
823.0E-3,999.7E-3
824.0E-3,999.7E-3
825.0E-3,999.7E-3
826.0E-3,999.7E-3
827.0E-3,999.7E-3
828.0E-3,999.7E-3
829.0E-3,999.7E-3
830.0E-3,999.7E-3
831.0E-3,999.7E-3
832.0E-3,999.7E-3
833.0E-3,999.7E-3
834.0E-3,999.7E-3
835.0E-3,999.7E-3
836.0E-3,999.7E-3
837.0E-3,999.7E-3
838.0E-3,999.7E-3
839.0E-3,999.7E-3
840.0E-3,999.7E-3
841.0E-3,999.7E-3
842.0E-3,999.7E-3
843.0E-3,999.7E-3
844.0E-3,999.7E-3
845.0E-3,999.7E-3
846.0E-3,999.7E-3
847.0E-3,999.7E-3
848.0E-3,999.7E-3
849.0E-3,999.7E-3
850.0E-3,999.7E-3
851.0E-3,999.7E-3
852.0E-3,999.7E-3
853.0E-3,999.7E-3
854.0E-3,999.7E-3
855.0E-3,999.7E-3
856.0E-3,999.7E-3
857.0E-3,999.7E-3
858.0E-3,999.7E-3
859.0E-3,999.7E-3
860.0E-3,999.7E-3
861.0E-3,999.7E-3
862.0E-3,999.7E-3
863.0E-3,999.7E-3
864.0E-3,999.7E-3
865.0E-3,999.7E-3
866.0E-3,999.7E-3
867.0E-3,999.7E-3
868.0E-3,999.7E-3
869.0E-3,999.7E-3
870.0E-3,999.7E-3
871.0E-3,999.7E-3
872.0E-3,999.7E-3
873.0E-3,999.7E-3
874.0E-3,999.7E-3
875.0E-3,999.7E-3
876.0E-3,999.7E-3
877.0E-3,999.7E-3
878.0E-3,999.7E-3
879.0E-3,999.7E-3
880.0E-3,999.7E-3
881.0E-3,999.7E-3
882.0E-3,999.7E-3
883.0E-3,999.7E-3
884.0E-3,999.7E-3
885.0E-3,999.7E-3
886.0E-3,999.7E-3
887.0E-3,999.7E-3
888.0E-3,999.7E-3
889.0E-3,999.7E-3
890.0E-3,999.7E-3
891.0E-3,999.7E-3
892.0E-3,999.7E-3
893.0E-3,999.7E-3
894.0E-3,999.7E-3
895.0E-3,999.7E-3
896.0E-3,999.7E-3
897.0E-3,999.7E-3
898.0E-3,999.7E-3
899.0E-3,999.7E-3
900.0E-3,999.7E-3
901.0E-3,999.7E-3
902.0E-3,999.7E-3
903.0E-3,999.7E-3
904.0E-3,999.7E-3
905.0E-3,999.7E-3
906.0E-3,999.7E-3
907.0E-3,999.7E-3
908.0E-3,999.7E-3
909.0E-3,999.7E-3
910.0E-3,999.7E-3
911.0E-3,999.7E-3
912.0E-3,999.7E-3
913.0E-3,999.7E-3
914.0E-3,999.7E-3
915.0E-3,999.7E-3
916.0E-3,999.7E-3
917.0E-3,999.7E-3
918.0E-3,999.7E-3
919.0E-3,999.7E-3
920.0E-3,999.7E-3
921.0E-3,999.7E-3
922.0E-3,999.7E-3
923.0E-3,999.7E-3
924.0E-3,999.7E-3
925.0E-3,999.7E-3
926.0E-3,999.7E-3
927.0E-3,999.7E-3
928.0E-3,999.7E-3
929.0E-3,999.7E-3
930.0E-3,999.7E-3
931.0E-3,999.7E-3
932.0E-3,999.7E-3
933.0E-3,999.7E-3
934.0E-3,999.7E-3
935.0E-3,999.7E-3
936.0E-3,999.7E-3
937.0E-3,999.7E-3
938.0E-3,999.7E-3
939.0E-3,999.7E-3
940.0E-3,999.7E-3
941.0E-3,999.7E-3
942.0E-3,999.7E-3
943.0E-3,999.7E-3
944.0E-3,999.7E-3
945.0E-3,999.7E-3
946.0E-3,999.7E-3
947.0E-3,999.7E-3
948.0E-3,999.7E-3
949.0E-3,999.7E-3
950.0E-3,999.7E-3
951.0E-3,999.7E-3
952.0E-3,999.7E-3
953.0E-3,999.7E-3
954.0E-3,999.7E-3
955.0E-3,999.7E-3
956.0E-3,999.7E-3
957.0E-3,999.7E-3
958.0E-3,999.7E-3
959.0E-3,999.7E-3
960.0E-3,999.7E-3
961.0E-3,999.7E-3
962.0E-3,999.7E-3
963.0E-3,999.7E-3
964.0E-3,999.7E-3
965.0E-3,999.7E-3
966.0E-3,999.7E-3
967.0E-3,999.7E-3
968.0E-3,999.7E-3
969.0E-3,999.7E-3
970.0E-3,999.7E-3
971.0E-3,999.7E-3
972.0E-3,999.7E-3
973.0E-3,999.7E-3
974.0E-3,999.7E-3
975.0E-3,999.7E-3
976.0E-3,999.7E-3
977.0E-3,999.7E-3
978.0E-3,999.7E-3
979.0E-3,999.7E-3
980.0E-3,999.7E-3
981.0E-3,999.7E-3
982.0E-3,999.7E-3
983.0E-3,999.7E-3
984.0E-3,999.7E-3
985.0E-3,999.7E-3
986.0E-3,999.7E-3
987.0E-3,999.7E-3
988.0E-3,999.7E-3
989.0E-3,999.7E-3
990.0E-3,999.7E-3
991.0E-3,999.7E-3
992.0E-3,999.7E-3
993.0E-3,999.7E-3
994.0E-3,999.7E-3
995.0E-3,999.7E-3
996.0E-3,999.7E-3
997.0E-3,999.7E-3
998.0E-3,999.7E-3
999.0E-3,999.7E-3
1.000,999.7E-3
1.001,999.7E-3
1.002,999.7E-3
1.003,999.7E-3
1.004,999.7E-3
1.005,999.7E-3
1.006,999.7E-3
1.007,999.7E-3
1.008,999.7E-3
1.009,999.7E-3
1.010,999.7E-3
1.011,999.7E-3
1.012,999.7E-3
1.013,999.7E-3
1.014,999.7E-3
1.015,999.7E-3
1.016,999.7E-3
1.017,999.7E-3
1.018,999.7E-3
1.019,999.7E-3
1.020,999.7E-3
1.021,999.7E-3
1.022,999.7E-3
1.023,999.7E-3
1.024,999.7E-3
1.025,999.7E-3
1.026,999.7E-3
1.027,999.7E-3
1.028,999.7E-3
1.029,999.7E-3
1.030,999.7E-3
1.031,999.7E-3
1.032,999.7E-3
1.033,999.7E-3
1.034,999.7E-3
1.035,999.7E-3
1.036,999.7E-3
1.037,999.7E-3
1.038,999.7E-3
1.039,999.7E-3
1.040,999.7E-3
1.041,999.7E-3
1.042,999.7E-3
1.043,999.7E-3
1.044,999.7E-3
1.045,999.7E-3
1.046,999.7E-3
1.047,999.7E-3
1.048,999.7E-3
1.049,999.7E-3
1.050,999.7E-3
1.051,999.7E-3
1.052,999.7E-3
1.053,999.7E-3
1.054,999.7E-3
1.055,999.7E-3
1.056,999.7E-3
1.057,999.7E-3
1.058,999.7E-3
1.059,999.7E-3
1.060,999.7E-3
1.061,999.7E-3
1.062,999.7E-3
1.063,999.7E-3
1.064,999.7E-3
1.065,999.7E-3
1.066,999.7E-3
1.067,999.7E-3
1.068,999.7E-3
1.069,999.7E-3
1.070,999.7E-3
1.071,999.7E-3
1.072,999.7E-3
1.073,999.7E-3
1.074,999.7E-3
1.075,999.7E-3
1.076,999.7E-3
1.077,999.7E-3
1.078,999.7E-3
1.079,999.7E-3
1.080,999.7E-3
1.081,999.7E-3
1.082,999.7E-3
1.083,999.7E-3
1.084,999.7E-3
1.085,999.7E-3
1.086,999.7E-3
1.087,999.7E-3
1.088,999.7E-3
1.089,999.7E-3
1.090,999.7E-3
1.091,999.7E-3
1.092,999.7E-3
1.093,999.7E-3
1.094,999.7E-3
1.095,999.7E-3
1.096,999.7E-3
1.097,999.7E-3
1.098,999.7E-3
1.099,999.7E-3
1.100,999.7E-3
1.101,999.7E-3
1.102,999.7E-3
1.103,999.7E-3
1.104,999.7E-3
1.105,999.7E-3
1.106,999.7E-3
1.107,999.7E-3
1.108,999.7E-3
1.109,999.7E-3
1.110,999.7E-3
1.111,999.7E-3
1.112,999.7E-3
1.113,999.7E-3
1.114,999.7E-3
1.115,999.7E-3
1.116,999.7E-3
1.117,999.7E-3
1.118,999.7E-3
1.119,999.7E-3
1.120,999.7E-3
1.121,999.7E-3
1.122,999.7E-3
1.123,999.7E-3
1.124,999.7E-3
1.125,999.7E-3
1.126,999.7E-3
1.127,999.7E-3
1.128,999.7E-3
1.129,999.7E-3
1.130,999.7E-3
1.131,999.7E-3
1.132,999.7E-3
1.133,999.7E-3
1.134,999.7E-3
1.135,999.7E-3
1.136,999.7E-3
1.137,999.7E-3
1.138,999.7E-3
1.139,999.7E-3
1.140,999.7E-3
1.141,999.7E-3
1.142,999.7E-3
1.143,999.7E-3
1.144,999.7E-3
1.145,999.7E-3
1.146,999.7E-3
1.147,999.7E-3
1.148,999.7E-3
1.149,999.7E-3
1.150,999.7E-3
1.151,999.7E-3
1.152,999.7E-3
1.153,999.7E-3
1.154,999.7E-3
1.155,999.7E-3
1.156,999.7E-3
1.157,999.7E-3
1.158,999.7E-3
1.159,999.7E-3
1.160,999.7E-3
1.161,999.7E-3
1.162,999.7E-3
1.163,999.7E-3
1.164,999.7E-3
1.165,999.7E-3
1.166,999.7E-3
1.167,999.7E-3
1.168,999.7E-3
1.169,999.7E-3
1.170,999.7E-3
1.171,999.7E-3
1.172,999.7E-3
1.173,999.7E-3
1.174,999.7E-3
1.175,999.7E-3
1.176,999.7E-3
1.177,999.7E-3
1.178,999.7E-3
1.179,999.7E-3
1.180,999.7E-3
1.181,999.7E-3
1.182,999.7E-3
1.183,999.7E-3
1.184,999.7E-3
1.185,999.7E-3
1.186,999.7E-3
1.187,999.7E-3
1.188,999.7E-3
1.189,999.7E-3
1.190,999.7E-3
1.191,999.7E-3
1.192,999.7E-3
1.193,999.7E-3
1.194,999.7E-3
1.195,999.7E-3
1.196,999.7E-3
1.197,999.7E-3
1.198,999.7E-3
1.199,999.7E-3
1.200,999.7E-3
1.201,999.7E-3
1.202,999.7E-3
1.203,999.7E-3
1.204,999.7E-3
1.205,999.7E-3
1.206,999.7E-3
1.207,999.7E-3
1.208,999.7E-3
1.209,999.7E-3
1.210,999.7E-3
1.211,999.7E-3
1.212,999.7E-3
1.213,999.7E-3
1.214,999.7E-3
1.215,999.7E-3
1.216,999.7E-3
1.217,999.7E-3
1.218,999.7E-3
1.219,999.7E-3
1.220,999.7E-3
1.221,999.7E-3
1.222,999.7E-3
1.223,999.7E-3
1.224,999.7E-3
1.225,999.7E-3
1.226,999.7E-3
1.227,999.7E-3
1.228,999.7E-3
1.229,999.7E-3
1.230,999.7E-3
1.231,999.7E-3
1.232,999.7E-3
1.233,999.7E-3
1.234,999.7E-3
1.235,999.7E-3
1.236,999.7E-3
1.237,999.7E-3
1.238,999.7E-3
1.239,999.7E-3
1.240,999.7E-3
1.241,999.7E-3
1.242,999.7E-3
1.243,999.7E-3
1.244,999.7E-3
1.245,999.7E-3
1.246,999.7E-3
1.247,999.7E-3
1.248,999.7E-3
1.249,999.7E-3
1.250,999.7E-3
1.251,999.7E-3
1.252,999.7E-3
1.253,999.7E-3
1.254,999.7E-3
1.255,999.7E-3
1.256,999.7E-3
1.257,999.7E-3
1.258,999.7E-3
1.259,999.7E-3
1.260,999.7E-3
1.261,999.7E-3
1.262,999.7E-3
1.263,999.7E-3
1.264,999.7E-3
1.265,999.7E-3
1.266,999.7E-3
1.267,999.7E-3
1.268,999.7E-3
1.269,999.7E-3
1.270,999.7E-3
1.271,999.7E-3
1.272,999.7E-3
1.273,999.7E-3
1.274,999.7E-3
1.275,999.7E-3
1.276,999.7E-3
1.277,999.7E-3
1.278,999.7E-3
1.279,999.7E-3
1.280,999.7E-3
1.281,999.7E-3
1.282,999.7E-3
1.283,999.7E-3
1.284,999.7E-3
1.285,999.7E-3
1.286,999.7E-3
1.287,999.7E-3
1.288,999.7E-3
1.289,999.7E-3
1.290,999.7E-3
1.291,999.7E-3
1.292,999.7E-3
1.293,999.7E-3
1.294,999.7E-3
1.295,999.7E-3
1.296,999.7E-3
1.297,999.7E-3
1.298,999.7E-3
1.299,999.7E-3
1.300,999.7E-3
1.301,999.7E-3
1.302,999.7E-3
1.303,999.7E-3
1.304,999.7E-3
1.305,999.7E-3
1.306,999.7E-3
1.307,999.7E-3
1.308,999.7E-3
1.309,999.7E-3
1.310,999.7E-3
1.311,999.7E-3
1.312,999.7E-3
1.313,999.7E-3
1.314,999.7E-3
1.315,999.7E-3
1.316,999.7E-3
1.317,999.7E-3
1.318,999.7E-3
1.319,999.7E-3
1.320,999.7E-3
1.321,999.7E-3
1.322,999.7E-3
1.323,999.7E-3
1.324,999.7E-3
1.325,999.7E-3
1.326,999.7E-3
1.327,999.7E-3
1.328,999.7E-3
1.329,999.7E-3
1.330,999.7E-3
1.331,999.7E-3
1.332,999.7E-3
1.333,999.7E-3
1.334,999.7E-3
1.335,999.7E-3
1.336,999.7E-3
1.337,999.7E-3
1.338,999.7E-3
1.339,999.7E-3
1.340,999.7E-3
1.341,999.7E-3
1.342,999.7E-3
1.343,999.7E-3
1.344,999.7E-3
1.345,999.7E-3
1.346,999.7E-3
1.347,999.7E-3
1.348,999.7E-3
1.349,999.7E-3
1.350,999.7E-3
1.351,999.7E-3
1.352,999.7E-3
1.353,999.7E-3
1.354,999.7E-3
1.355,999.7E-3
1.356,999.7E-3
1.357,999.7E-3
1.358,999.7E-3
1.359,999.7E-3
1.360,999.7E-3
1.361,999.7E-3
1.362,999.7E-3
1.363,999.7E-3
1.364,999.7E-3
1.365,999.7E-3
1.366,999.7E-3
1.367,999.7E-3
1.368,999.7E-3
1.369,999.7E-3
1.370,999.7E-3
1.371,999.7E-3
1.372,999.7E-3
1.373,999.7E-3
1.374,999.7E-3
1.375,999.7E-3
1.376,999.7E-3
1.377,999.7E-3
1.378,999.7E-3
1.379,999.7E-3
1.380,999.7E-3
1.381,999.7E-3
1.382,999.7E-3
1.383,999.7E-3
1.384,999.7E-3
1.385,999.7E-3
1.386,999.7E-3
1.387,999.7E-3
1.388,999.7E-3
1.389,999.7E-3
1.390,999.7E-3
1.391,999.7E-3
1.392,999.7E-3
1.393,999.7E-3
1.394,999.7E-3
1.395,999.7E-3
1.396,999.7E-3
1.397,999.7E-3
1.398,999.7E-3
1.399,999.7E-3
1.400,999.7E-3
1.401,999.7E-3
1.402,999.7E-3
1.403,999.7E-3
1.404,999.7E-3
1.405,999.7E-3
1.406,999.7E-3
1.407,999.7E-3
1.408,999.7E-3
1.409,999.7E-3
1.410,999.7E-3
1.411,999.7E-3
1.412,999.7E-3
1.413,999.7E-3
1.414,999.7E-3
1.415,999.7E-3
1.416,999.7E-3
1.417,999.7E-3
1.418,999.7E-3
1.419,999.7E-3
1.420,999.7E-3
1.421,999.7E-3
1.422,999.7E-3
1.423,999.7E-3
1.424,999.7E-3
1.425,999.7E-3
1.426,999.7E-3
1.427,999.7E-3
1.428,999.7E-3
1.429,999.7E-3
1.430,999.7E-3
1.431,999.7E-3
1.432,999.7E-3
1.433,999.7E-3
1.434,999.7E-3
1.435,999.7E-3
1.436,999.7E-3
1.437,999.7E-3
1.438,999.7E-3
1.439,999.7E-3
1.440,999.7E-3
1.441,999.7E-3
1.442,999.7E-3
1.443,999.7E-3
1.444,999.7E-3
1.445,999.7E-3
1.446,999.7E-3
1.447,999.7E-3
1.448,999.7E-3
1.449,999.7E-3
1.450,999.7E-3
1.451,999.7E-3
1.452,999.7E-3
1.453,999.7E-3
1.454,999.7E-3
1.455,999.7E-3
1.456,999.7E-3
1.457,999.7E-3
1.458,999.7E-3
1.459,999.7E-3
1.460,999.7E-3
1.461,999.7E-3
1.462,999.7E-3
1.463,999.7E-3
1.464,999.7E-3
1.465,999.7E-3
1.466,999.7E-3
1.467,999.7E-3
1.468,999.7E-3
1.469,999.7E-3
1.470,999.7E-3
1.471,999.7E-3
1.472,999.7E-3
1.473,999.7E-3
1.474,999.7E-3
1.475,999.7E-3
1.476,999.7E-3
1.477,999.7E-3
1.478,999.7E-3
1.479,999.7E-3
1.480,999.7E-3
1.481,999.7E-3
1.482,999.7E-3
1.483,999.7E-3
1.484,999.7E-3
1.485,999.7E-3
1.486,999.7E-3
1.487,999.7E-3
1.488,999.7E-3
1.489,999.7E-3
1.490,999.7E-3
1.491,999.7E-3
1.492,999.7E-3
1.493,999.7E-3
1.494,999.7E-3
1.495,999.7E-3
1.496,999.7E-3
1.497,999.7E-3
1.498,999.7E-3
1.499,999.7E-3
1.500,999.7E-3
1.501,999.7E-3
1.502,999.7E-3
1.503,999.7E-3
1.504,999.7E-3
1.505,999.7E-3
1.506,999.7E-3
1.507,999.7E-3
1.508,999.7E-3
1.509,999.7E-3
1.510,999.7E-3
1.511,999.7E-3
1.512,999.7E-3
1.513,999.7E-3
1.514,999.7E-3
1.515,999.7E-3
1.516,999.7E-3
1.517,999.7E-3
1.518,999.7E-3
1.519,999.7E-3
1.520,999.7E-3
1.521,999.7E-3
1.522,999.7E-3
1.523,999.7E-3
1.524,999.7E-3
1.525,999.7E-3
1.526,999.7E-3
1.527,999.7E-3
1.528,999.7E-3
1.529,999.7E-3
1.530,999.7E-3
1.531,999.7E-3
1.532,999.7E-3
1.533,999.7E-3
1.534,999.7E-3
1.535,999.7E-3
1.536,999.7E-3
1.537,999.7E-3
1.538,999.7E-3
1.539,999.7E-3
1.540,999.7E-3
1.541,999.7E-3
1.542,999.7E-3
1.543,999.7E-3
1.544,999.7E-3
1.545,999.7E-3
1.546,999.7E-3
1.547,999.7E-3
1.548,999.7E-3
1.549,999.7E-3
1.550,999.7E-3
1.551,999.7E-3
1.552,999.7E-3
1.553,999.7E-3
1.554,999.7E-3
1.555,999.7E-3
1.556,999.7E-3
1.557,999.7E-3
1.558,999.7E-3
1.559,999.7E-3
1.560,999.7E-3
1.561,999.7E-3
1.562,999.7E-3
1.563,999.7E-3
1.564,999.7E-3
1.565,999.7E-3
1.566,999.7E-3
1.567,999.7E-3
1.568,999.7E-3
1.569,999.7E-3
1.570,999.7E-3
1.571,999.7E-3
1.572,999.7E-3
1.573,999.7E-3
1.574,999.7E-3
1.575,999.7E-3
1.576,999.7E-3
1.577,999.7E-3
1.578,999.7E-3
1.579,999.7E-3
1.580,999.7E-3
1.581,999.7E-3
1.582,999.7E-3
1.583,999.7E-3
1.584,999.7E-3
1.585,999.7E-3
1.586,999.7E-3
1.587,999.7E-3
1.588,999.7E-3
1.589,999.7E-3
1.590,999.7E-3
1.591,999.7E-3
1.592,999.7E-3
1.593,999.7E-3
1.594,999.7E-3
1.595,999.7E-3
1.596,999.7E-3
1.597,999.7E-3
1.598,999.7E-3
1.599,999.7E-3
1.600,999.7E-3
1.601,999.7E-3
1.602,999.7E-3
1.603,999.7E-3
1.604,999.7E-3
1.605,999.7E-3
1.606,999.7E-3
1.607,999.7E-3
1.608,999.7E-3
1.609,999.7E-3
1.610,999.7E-3
1.611,999.7E-3
1.612,999.7E-3
1.613,999.7E-3
1.614,999.7E-3
1.615,999.7E-3
1.616,999.7E-3
1.617,999.7E-3
1.618,999.7E-3
1.619,999.7E-3
1.620,999.7E-3
1.621,999.7E-3
1.622,999.7E-3
1.623,999.7E-3
1.624,999.7E-3
1.625,999.7E-3
1.626,999.7E-3
1.627,999.7E-3
1.628,999.7E-3
1.629,999.7E-3
1.630,999.7E-3
1.631,999.7E-3
1.632,999.7E-3
1.633,999.7E-3
1.634,999.7E-3
1.635,999.7E-3
1.636,999.7E-3
1.637,999.7E-3
1.638,999.7E-3
1.639,999.7E-3
1.640,999.7E-3
1.641,999.7E-3
1.642,999.7E-3
1.643,999.7E-3
1.644,999.7E-3
1.645,999.7E-3
1.646,999.7E-3
1.647,999.7E-3
1.648,999.7E-3
1.649,999.7E-3
1.650,999.7E-3
1.651,999.7E-3
1.652,999.7E-3
1.653,999.7E-3
1.654,999.7E-3
1.655,999.7E-3
1.656,999.7E-3
1.657,999.7E-3
1.658,999.7E-3
1.659,999.7E-3
1.660,999.7E-3
1.661,999.7E-3
1.662,999.7E-3
1.663,999.7E-3
1.664,999.7E-3
1.665,999.7E-3
1.666,999.7E-3
1.667,999.7E-3
1.668,999.7E-3
1.669,999.7E-3
1.670,999.7E-3
1.671,999.7E-3
1.672,999.7E-3
1.673,999.7E-3
1.674,999.7E-3
1.675,999.7E-3
1.676,999.7E-3
1.677,999.7E-3
1.678,999.7E-3
1.679,999.7E-3
1.680,999.7E-3
1.681,999.7E-3
1.682,999.7E-3
1.683,999.7E-3
1.684,999.7E-3
1.685,999.7E-3
1.686,999.7E-3
1.687,999.7E-3
1.688,999.7E-3
1.689,999.7E-3
1.690,999.7E-3
1.691,999.7E-3
1.692,999.7E-3
1.693,999.7E-3
1.694,999.7E-3
1.695,999.7E-3
1.696,999.7E-3
1.697,999.7E-3
1.698,999.7E-3
1.699,999.7E-3
1.700,999.7E-3
1.701,999.7E-3
1.702,999.7E-3
1.703,999.7E-3
1.704,999.7E-3
1.705,999.7E-3
1.706,999.7E-3
1.707,999.7E-3
1.708,999.7E-3
1.709,999.7E-3
1.710,999.7E-3
1.711,999.7E-3
1.712,999.7E-3
1.713,999.7E-3
1.714,999.7E-3
1.715,999.7E-3
1.716,999.7E-3
1.717,999.7E-3
1.718,999.7E-3
1.719,999.7E-3
1.720,999.7E-3
1.721,999.7E-3
1.722,999.7E-3
1.723,999.7E-3
1.724,999.7E-3
1.725,999.7E-3
1.726,999.7E-3
1.727,999.7E-3
1.728,999.7E-3
1.729,999.7E-3
1.730,999.7E-3
1.731,999.7E-3
1.732,999.7E-3
1.733,999.7E-3
1.734,999.7E-3
1.735,999.7E-3
1.736,999.7E-3
1.737,999.7E-3
1.738,999.7E-3
1.739,999.7E-3
1.740,999.7E-3
1.741,999.7E-3
1.742,999.7E-3
1.743,999.7E-3
1.744,999.7E-3
1.745,999.7E-3
1.746,999.7E-3
1.747,999.7E-3
1.748,999.7E-3
1.749,999.7E-3
1.750,999.7E-3
1.751,999.7E-3
1.752,999.7E-3
1.753,999.7E-3
1.754,999.7E-3
1.755,999.7E-3
1.756,999.7E-3
1.757,999.7E-3
1.758,999.7E-3
1.759,999.7E-3
1.760,999.7E-3
1.761,999.7E-3
1.762,999.7E-3
1.763,999.7E-3
1.764,999.7E-3
1.765,999.7E-3
1.766,999.7E-3
1.767,999.7E-3
1.768,999.7E-3
1.769,999.7E-3
1.770,999.7E-3
1.771,999.7E-3
1.772,999.7E-3
1.773,999.7E-3
1.774,999.7E-3
1.775,999.7E-3
1.776,999.7E-3
1.777,999.7E-3
1.778,999.7E-3
1.779,999.7E-3
1.780,999.7E-3
1.781,999.7E-3
1.782,999.7E-3
1.783,999.7E-3
1.784,999.7E-3
1.785,999.7E-3
1.786,999.7E-3
1.787,999.7E-3
1.788,999.7E-3
1.789,999.7E-3
1.790,999.7E-3
1.791,999.7E-3
1.792,999.7E-3
1.793,999.7E-3
1.794,999.7E-3
1.795,999.7E-3
1.796,999.7E-3
1.797,999.7E-3
1.798,999.7E-3
1.799,999.7E-3
1.800,999.7E-3
1.801,999.7E-3
1.802,999.7E-3
1.803,999.7E-3
1.804,999.7E-3
1.805,999.7E-3
1.806,999.7E-3
1.807,999.7E-3
1.808,999.7E-3
1.809,999.7E-3
1.810,999.7E-3
1.811,999.7E-3
1.812,999.7E-3
1.813,999.7E-3
1.814,999.7E-3
1.815,999.7E-3
1.816,999.7E-3
1.817,999.7E-3
1.818,999.7E-3
1.819,999.7E-3
1.820,999.7E-3
1.821,999.7E-3
1.822,999.7E-3
1.823,999.7E-3
1.824,999.7E-3
1.825,999.7E-3
1.826,999.7E-3
1.827,999.7E-3
1.828,999.7E-3
1.829,999.7E-3
1.830,999.7E-3
1.831,999.7E-3
1.832,999.7E-3
1.833,999.7E-3
1.834,999.7E-3
1.835,999.7E-3
1.836,999.7E-3
1.837,999.7E-3
1.838,999.7E-3
1.839,999.7E-3
1.840,999.7E-3
1.841,999.7E-3
1.842,999.7E-3
1.843,999.7E-3
1.844,999.7E-3
1.845,999.7E-3
1.846,999.7E-3
1.847,999.7E-3
1.848,999.7E-3
1.849,999.7E-3
1.850,999.7E-3
1.851,999.7E-3
1.852,999.7E-3
1.853,999.7E-3
1.854,999.7E-3
1.855,999.7E-3
1.856,999.7E-3
1.857,999.7E-3
1.858,999.7E-3
1.859,999.7E-3
1.860,999.7E-3
1.861,999.7E-3
1.862,999.7E-3
1.863,999.7E-3
1.864,999.7E-3
1.865,999.7E-3
1.866,999.7E-3
1.867,999.7E-3
1.868,999.7E-3
1.869,999.7E-3
1.870,999.7E-3
1.871,999.7E-3
1.872,999.7E-3
1.873,999.7E-3
1.874,999.7E-3
1.875,999.7E-3
1.876,999.7E-3
1.877,999.7E-3
1.878,999.7E-3
1.879,999.7E-3
1.880,999.7E-3
1.881,999.7E-3
1.882,999.7E-3
1.883,999.7E-3
1.884,999.7E-3
1.885,999.7E-3
1.886,999.7E-3
1.887,999.7E-3
1.888,999.7E-3
1.889,999.7E-3
1.890,999.7E-3
1.891,999.7E-3
1.892,999.7E-3
1.893,999.7E-3
1.894,999.7E-3
1.895,999.7E-3
1.896,999.7E-3
1.897,999.7E-3
1.898,999.7E-3
1.899,999.7E-3
1.900,999.7E-3
1.901,999.7E-3
1.902,999.7E-3
1.903,999.7E-3
1.904,999.7E-3
1.905,999.7E-3
1.906,999.7E-3
1.907,999.7E-3
1.908,999.7E-3
1.909,999.7E-3
1.910,999.7E-3
1.911,999.7E-3
1.912,999.7E-3
1.913,999.7E-3
1.914,999.7E-3
1.915,999.7E-3
1.916,999.7E-3
1.917,999.7E-3
1.918,999.7E-3
1.919,999.7E-3
1.920,999.7E-3
1.921,999.7E-3
1.922,999.7E-3
1.923,999.7E-3
1.924,999.7E-3
1.925,999.7E-3
1.926,999.7E-3
1.927,999.7E-3
1.928,999.7E-3
1.929,999.7E-3
1.930,999.7E-3
1.931,999.7E-3
1.932,999.7E-3
1.933,999.7E-3
1.934,999.7E-3
1.935,999.7E-3
1.936,999.7E-3
1.937,999.7E-3
1.938,999.7E-3
1.939,999.7E-3
1.940,999.7E-3
1.941,999.7E-3
1.942,999.7E-3
1.943,999.7E-3
1.944,999.7E-3
1.945,999.7E-3
1.946,999.7E-3
1.947,999.7E-3
1.948,999.7E-3
1.949,999.7E-3
1.950,999.7E-3
1.951,999.7E-3
1.952,999.7E-3
1.953,999.7E-3
1.954,999.7E-3
1.955,999.7E-3
1.956,999.7E-3
1.957,999.7E-3
1.958,999.7E-3
1.959,999.7E-3
1.960,999.7E-3
1.961,999.7E-3
1.962,999.7E-3
1.963,999.7E-3
1.964,999.7E-3
1.965,999.7E-3
1.966,999.7E-3
1.967,999.7E-3
1.968,999.7E-3
1.969,999.7E-3
1.970,999.7E-3
1.971,999.7E-3
1.972,999.7E-3
1.973,999.7E-3
1.974,999.7E-3
1.975,999.7E-3
1.976,999.7E-3
1.977,999.7E-3
1.978,999.7E-3
1.979,999.7E-3
1.980,999.7E-3
1.981,999.7E-3
1.982,999.7E-3
1.983,999.7E-3
1.984,999.7E-3
1.985,999.7E-3
1.986,999.7E-3
1.987,999.7E-3
1.988,999.7E-3
1.989,999.7E-3
1.990,999.7E-3
1.991,999.7E-3
1.992,999.7E-3
1.993,999.7E-3
1.994,999.7E-3
1.995,999.7E-3
1.996,999.7E-3
1.997,999.7E-3
1.998,999.7E-3
1.999,999.7E-3
2.000,999.7E-3
2.000,999.7E-3
