vin ,/Vout_robust (V)
-2.000,-857.3E-3
-1.999,-857.3E-3
-1.998,-857.3E-3
-1.997,-857.3E-3
-1.996,-857.3E-3
-1.995,-857.3E-3
-1.994,-857.3E-3
-1.993,-857.3E-3
-1.992,-857.3E-3
-1.991,-857.3E-3
-1.990,-857.3E-3
-1.989,-857.3E-3
-1.988,-857.3E-3
-1.987,-857.3E-3
-1.986,-857.3E-3
-1.985,-857.3E-3
-1.984,-857.3E-3
-1.983,-857.3E-3
-1.982,-857.3E-3
-1.981,-857.3E-3
-1.980,-857.3E-3
-1.979,-857.3E-3
-1.978,-857.3E-3
-1.977,-857.3E-3
-1.976,-857.3E-3
-1.975,-857.3E-3
-1.974,-857.3E-3
-1.973,-857.3E-3
-1.972,-857.3E-3
-1.971,-857.3E-3
-1.970,-857.3E-3
-1.969,-857.3E-3
-1.968,-857.3E-3
-1.967,-857.3E-3
-1.966,-857.3E-3
-1.965,-857.3E-3
-1.964,-857.3E-3
-1.963,-857.3E-3
-1.962,-857.3E-3
-1.961,-857.3E-3
-1.960,-857.3E-3
-1.959,-857.3E-3
-1.958,-857.3E-3
-1.957,-857.3E-3
-1.956,-857.3E-3
-1.955,-857.3E-3
-1.954,-857.3E-3
-1.953,-857.3E-3
-1.952,-857.3E-3
-1.951,-857.3E-3
-1.950,-857.3E-3
-1.949,-857.3E-3
-1.948,-857.3E-3
-1.947,-857.3E-3
-1.946,-857.3E-3
-1.945,-857.3E-3
-1.944,-857.3E-3
-1.943,-857.3E-3
-1.942,-857.3E-3
-1.941,-857.3E-3
-1.940,-857.3E-3
-1.939,-857.3E-3
-1.938,-857.3E-3
-1.937,-857.3E-3
-1.936,-857.3E-3
-1.935,-857.3E-3
-1.934,-857.3E-3
-1.933,-857.3E-3
-1.932,-857.3E-3
-1.931,-857.3E-3
-1.930,-857.3E-3
-1.929,-857.3E-3
-1.928,-857.3E-3
-1.927,-857.3E-3
-1.926,-857.3E-3
-1.925,-857.3E-3
-1.924,-857.3E-3
-1.923,-857.3E-3
-1.922,-857.3E-3
-1.921,-857.3E-3
-1.920,-857.3E-3
-1.919,-857.3E-3
-1.918,-857.3E-3
-1.917,-857.3E-3
-1.916,-857.3E-3
-1.915,-857.3E-3
-1.914,-857.3E-3
-1.913,-857.3E-3
-1.912,-857.3E-3
-1.911,-857.3E-3
-1.910,-857.3E-3
-1.909,-857.3E-3
-1.908,-857.3E-3
-1.907,-857.3E-3
-1.906,-857.3E-3
-1.905,-857.3E-3
-1.904,-857.3E-3
-1.903,-857.3E-3
-1.902,-857.3E-3
-1.901,-857.3E-3
-1.900,-857.3E-3
-1.899,-857.3E-3
-1.898,-857.3E-3
-1.897,-857.3E-3
-1.896,-857.3E-3
-1.895,-857.3E-3
-1.894,-857.3E-3
-1.893,-857.3E-3
-1.892,-857.3E-3
-1.891,-857.3E-3
-1.890,-857.3E-3
-1.889,-857.3E-3
-1.888,-857.3E-3
-1.887,-857.3E-3
-1.886,-857.3E-3
-1.885,-857.3E-3
-1.884,-857.3E-3
-1.883,-857.3E-3
-1.882,-857.3E-3
-1.881,-857.3E-3
-1.880,-857.3E-3
-1.879,-857.3E-3
-1.878,-857.3E-3
-1.877,-857.3E-3
-1.876,-857.3E-3
-1.875,-857.3E-3
-1.874,-857.3E-3
-1.873,-857.3E-3
-1.872,-857.3E-3
-1.871,-857.3E-3
-1.870,-857.3E-3
-1.869,-857.3E-3
-1.868,-857.3E-3
-1.867,-857.3E-3
-1.866,-857.3E-3
-1.865,-857.3E-3
-1.864,-857.3E-3
-1.863,-857.3E-3
-1.862,-857.3E-3
-1.861,-857.3E-3
-1.860,-857.3E-3
-1.859,-857.3E-3
-1.858,-857.3E-3
-1.857,-857.3E-3
-1.856,-857.3E-3
-1.855,-857.3E-3
-1.854,-857.3E-3
-1.853,-857.3E-3
-1.852,-857.3E-3
-1.851,-857.3E-3
-1.850,-857.3E-3
-1.849,-857.3E-3
-1.848,-857.3E-3
-1.847,-857.3E-3
-1.846,-857.3E-3
-1.845,-857.3E-3
-1.844,-857.3E-3
-1.843,-857.3E-3
-1.842,-857.3E-3
-1.841,-857.3E-3
-1.840,-857.3E-3
-1.839,-857.3E-3
-1.838,-857.3E-3
-1.837,-857.3E-3
-1.836,-857.3E-3
-1.835,-857.3E-3
-1.834,-857.3E-3
-1.833,-857.3E-3
-1.832,-857.3E-3
-1.831,-857.3E-3
-1.830,-857.3E-3
-1.829,-857.3E-3
-1.828,-857.3E-3
-1.827,-857.3E-3
-1.826,-857.3E-3
-1.825,-857.3E-3
-1.824,-857.3E-3
-1.823,-857.3E-3
-1.822,-857.3E-3
-1.821,-857.3E-3
-1.820,-857.3E-3
-1.819,-857.3E-3
-1.818,-857.3E-3
-1.817,-857.3E-3
-1.816,-857.3E-3
-1.815,-857.3E-3
-1.814,-857.3E-3
-1.813,-857.3E-3
-1.812,-857.3E-3
-1.811,-857.3E-3
-1.810,-857.3E-3
-1.809,-857.3E-3
-1.808,-857.3E-3
-1.807,-857.3E-3
-1.806,-857.3E-3
-1.805,-857.3E-3
-1.804,-857.3E-3
-1.803,-857.3E-3
-1.802,-857.3E-3
-1.801,-857.3E-3
-1.800,-857.3E-3
-1.799,-857.3E-3
-1.798,-857.3E-3
-1.797,-857.3E-3
-1.796,-857.3E-3
-1.795,-857.3E-3
-1.794,-857.3E-3
-1.793,-857.3E-3
-1.792,-857.3E-3
-1.791,-857.3E-3
-1.790,-857.3E-3
-1.789,-857.3E-3
-1.788,-857.3E-3
-1.787,-857.3E-3
-1.786,-857.3E-3
-1.785,-857.3E-3
-1.784,-857.3E-3
-1.783,-857.3E-3
-1.782,-857.3E-3
-1.781,-857.3E-3
-1.780,-857.3E-3
-1.779,-857.3E-3
-1.778,-857.3E-3
-1.777,-857.3E-3
-1.776,-857.3E-3
-1.775,-857.3E-3
-1.774,-857.3E-3
-1.773,-857.3E-3
-1.772,-857.3E-3
-1.771,-857.3E-3
-1.770,-857.3E-3
-1.769,-857.3E-3
-1.768,-857.3E-3
-1.767,-857.3E-3
-1.766,-857.3E-3
-1.765,-857.3E-3
-1.764,-857.3E-3
-1.763,-857.3E-3
-1.762,-857.3E-3
-1.761,-857.3E-3
-1.760,-857.3E-3
-1.759,-857.3E-3
-1.758,-857.3E-3
-1.757,-857.3E-3
-1.756,-857.3E-3
-1.755,-857.3E-3
-1.754,-857.3E-3
-1.753,-857.3E-3
-1.752,-857.3E-3
-1.751,-857.3E-3
-1.750,-857.3E-3
-1.749,-857.3E-3
-1.748,-857.3E-3
-1.747,-857.3E-3
-1.746,-857.3E-3
-1.745,-857.3E-3
-1.744,-857.3E-3
-1.743,-857.3E-3
-1.742,-857.3E-3
-1.741,-857.3E-3
-1.740,-857.3E-3
-1.739,-857.3E-3
-1.738,-857.3E-3
-1.737,-857.3E-3
-1.736,-857.3E-3
-1.735,-857.3E-3
-1.734,-857.3E-3
-1.733,-857.3E-3
-1.732,-857.3E-3
-1.731,-857.3E-3
-1.730,-857.3E-3
-1.729,-857.3E-3
-1.728,-857.3E-3
-1.727,-857.3E-3
-1.726,-857.3E-3
-1.725,-857.3E-3
-1.724,-857.3E-3
-1.723,-857.3E-3
-1.722,-857.3E-3
-1.721,-857.3E-3
-1.720,-857.3E-3
-1.719,-857.3E-3
-1.718,-857.3E-3
-1.717,-857.3E-3
-1.716,-857.3E-3
-1.715,-857.3E-3
-1.714,-857.3E-3
-1.713,-857.3E-3
-1.712,-857.3E-3
-1.711,-857.3E-3
-1.710,-857.3E-3
-1.709,-857.3E-3
-1.708,-857.3E-3
-1.707,-857.3E-3
-1.706,-857.3E-3
-1.705,-857.3E-3
-1.704,-857.3E-3
-1.703,-857.3E-3
-1.702,-857.3E-3
-1.701,-857.3E-3
-1.700,-857.3E-3
-1.699,-857.3E-3
-1.698,-857.3E-3
-1.697,-857.3E-3
-1.696,-857.3E-3
-1.695,-857.3E-3
-1.694,-857.3E-3
-1.693,-857.3E-3
-1.692,-857.3E-3
-1.691,-857.3E-3
-1.690,-857.3E-3
-1.689,-857.3E-3
-1.688,-857.3E-3
-1.687,-857.3E-3
-1.686,-857.3E-3
-1.685,-857.3E-3
-1.684,-857.3E-3
-1.683,-857.3E-3
-1.682,-857.3E-3
-1.681,-857.3E-3
-1.680,-857.3E-3
-1.679,-857.3E-3
-1.678,-857.3E-3
-1.677,-857.3E-3
-1.676,-857.3E-3
-1.675,-857.3E-3
-1.674,-857.3E-3
-1.673,-857.3E-3
-1.672,-857.3E-3
-1.671,-857.3E-3
-1.670,-857.3E-3
-1.669,-857.3E-3
-1.668,-857.3E-3
-1.667,-857.3E-3
-1.666,-857.3E-3
-1.665,-857.3E-3
-1.664,-857.3E-3
-1.663,-857.3E-3
-1.662,-857.3E-3
-1.661,-857.3E-3
-1.660,-857.3E-3
-1.659,-857.3E-3
-1.658,-857.3E-3
-1.657,-857.3E-3
-1.656,-857.3E-3
-1.655,-857.3E-3
-1.654,-857.3E-3
-1.653,-857.3E-3
-1.652,-857.3E-3
-1.651,-857.3E-3
-1.650,-857.3E-3
-1.649,-857.3E-3
-1.648,-857.3E-3
-1.647,-857.3E-3
-1.646,-857.3E-3
-1.645,-857.3E-3
-1.644,-857.3E-3
-1.643,-857.3E-3
-1.642,-857.3E-3
-1.641,-857.3E-3
-1.640,-857.3E-3
-1.639,-857.3E-3
-1.638,-857.3E-3
-1.637,-857.3E-3
-1.636,-857.3E-3
-1.635,-857.3E-3
-1.634,-857.3E-3
-1.633,-857.3E-3
-1.632,-857.3E-3
-1.631,-857.3E-3
-1.630,-857.3E-3
-1.629,-857.3E-3
-1.628,-857.3E-3
-1.627,-857.3E-3
-1.626,-857.3E-3
-1.625,-857.3E-3
-1.624,-857.3E-3
-1.623,-857.3E-3
-1.622,-857.3E-3
-1.621,-857.3E-3
-1.620,-857.3E-3
-1.619,-857.3E-3
-1.618,-857.3E-3
-1.617,-857.3E-3
-1.616,-857.3E-3
-1.615,-857.3E-3
-1.614,-857.3E-3
-1.613,-857.3E-3
-1.612,-857.3E-3
-1.611,-857.3E-3
-1.610,-857.3E-3
-1.609,-857.3E-3
-1.608,-857.3E-3
-1.607,-857.3E-3
-1.606,-857.3E-3
-1.605,-857.3E-3
-1.604,-857.3E-3
-1.603,-857.3E-3
-1.602,-857.3E-3
-1.601,-857.3E-3
-1.600,-857.3E-3
-1.599,-857.3E-3
-1.598,-857.3E-3
-1.597,-857.3E-3
-1.596,-857.3E-3
-1.595,-857.3E-3
-1.594,-857.3E-3
-1.593,-857.3E-3
-1.592,-857.3E-3
-1.591,-857.3E-3
-1.590,-857.3E-3
-1.589,-857.3E-3
-1.588,-857.3E-3
-1.587,-857.3E-3
-1.586,-857.3E-3
-1.585,-857.3E-3
-1.584,-857.3E-3
-1.583,-857.3E-3
-1.582,-857.3E-3
-1.581,-857.3E-3
-1.580,-857.3E-3
-1.579,-857.3E-3
-1.578,-857.3E-3
-1.577,-857.3E-3
-1.576,-857.3E-3
-1.575,-857.3E-3
-1.574,-857.3E-3
-1.573,-857.3E-3
-1.572,-857.3E-3
-1.571,-857.3E-3
-1.570,-857.3E-3
-1.569,-857.3E-3
-1.568,-857.3E-3
-1.567,-857.3E-3
-1.566,-857.3E-3
-1.565,-857.3E-3
-1.564,-857.3E-3
-1.563,-857.3E-3
-1.562,-857.3E-3
-1.561,-857.3E-3
-1.560,-857.3E-3
-1.559,-857.3E-3
-1.558,-857.3E-3
-1.557,-857.3E-3
-1.556,-857.3E-3
-1.555,-857.3E-3
-1.554,-857.3E-3
-1.553,-857.3E-3
-1.552,-857.3E-3
-1.551,-857.3E-3
-1.550,-857.3E-3
-1.549,-857.3E-3
-1.548,-857.3E-3
-1.547,-857.3E-3
-1.546,-857.3E-3
-1.545,-857.3E-3
-1.544,-857.3E-3
-1.543,-857.3E-3
-1.542,-857.3E-3
-1.541,-857.3E-3
-1.540,-857.3E-3
-1.539,-857.3E-3
-1.538,-857.3E-3
-1.537,-857.3E-3
-1.536,-857.3E-3
-1.535,-857.3E-3
-1.534,-857.3E-3
-1.533,-857.3E-3
-1.532,-857.3E-3
-1.531,-857.3E-3
-1.530,-857.3E-3
-1.529,-857.3E-3
-1.528,-857.3E-3
-1.527,-857.3E-3
-1.526,-857.3E-3
-1.525,-857.3E-3
-1.524,-857.3E-3
-1.523,-857.3E-3
-1.522,-857.3E-3
-1.521,-857.3E-3
-1.520,-857.3E-3
-1.519,-857.3E-3
-1.518,-857.3E-3
-1.517,-857.3E-3
-1.516,-857.3E-3
-1.515,-857.3E-3
-1.514,-857.3E-3
-1.513,-857.3E-3
-1.512,-857.3E-3
-1.511,-857.3E-3
-1.510,-857.3E-3
-1.509,-857.3E-3
-1.508,-857.3E-3
-1.507,-857.3E-3
-1.506,-857.3E-3
-1.505,-857.3E-3
-1.504,-857.3E-3
-1.503,-857.3E-3
-1.502,-857.3E-3
-1.501,-857.3E-3
-1.500,-857.3E-3
-1.499,-857.3E-3
-1.498,-857.3E-3
-1.497,-857.3E-3
-1.496,-857.3E-3
-1.495,-857.3E-3
-1.494,-857.3E-3
-1.493,-857.3E-3
-1.492,-857.3E-3
-1.491,-857.3E-3
-1.490,-857.3E-3
-1.489,-857.3E-3
-1.488,-857.3E-3
-1.487,-857.3E-3
-1.486,-857.3E-3
-1.485,-857.3E-3
-1.484,-857.3E-3
-1.483,-857.3E-3
-1.482,-857.3E-3
-1.481,-857.3E-3
-1.480,-857.3E-3
-1.479,-857.3E-3
-1.478,-857.3E-3
-1.477,-857.3E-3
-1.476,-857.3E-3
-1.475,-857.3E-3
-1.474,-857.3E-3
-1.473,-857.3E-3
-1.472,-857.3E-3
-1.471,-857.3E-3
-1.470,-857.3E-3
-1.469,-857.3E-3
-1.468,-857.3E-3
-1.467,-857.3E-3
-1.466,-857.3E-3
-1.465,-857.3E-3
-1.464,-857.3E-3
-1.463,-857.3E-3
-1.462,-857.3E-3
-1.461,-857.3E-3
-1.460,-857.3E-3
-1.459,-857.3E-3
-1.458,-857.3E-3
-1.457,-857.3E-3
-1.456,-857.3E-3
-1.455,-857.3E-3
-1.454,-857.3E-3
-1.453,-857.3E-3
-1.452,-857.3E-3
-1.451,-857.3E-3
-1.450,-857.3E-3
-1.449,-857.3E-3
-1.448,-857.3E-3
-1.447,-857.3E-3
-1.446,-857.3E-3
-1.445,-857.3E-3
-1.444,-857.3E-3
-1.443,-857.3E-3
-1.442,-857.3E-3
-1.441,-857.3E-3
-1.440,-857.3E-3
-1.439,-857.3E-3
-1.438,-857.3E-3
-1.437,-857.3E-3
-1.436,-857.3E-3
-1.435,-857.3E-3
-1.434,-857.3E-3
-1.433,-857.3E-3
-1.432,-857.3E-3
-1.431,-857.3E-3
-1.430,-857.3E-3
-1.429,-857.3E-3
-1.428,-857.3E-3
-1.427,-857.3E-3
-1.426,-857.3E-3
-1.425,-857.3E-3
-1.424,-857.3E-3
-1.423,-857.3E-3
-1.422,-857.3E-3
-1.421,-857.3E-3
-1.420,-857.3E-3
-1.419,-857.3E-3
-1.418,-857.3E-3
-1.417,-857.3E-3
-1.416,-857.3E-3
-1.415,-857.3E-3
-1.414,-857.3E-3
-1.413,-857.3E-3
-1.412,-857.3E-3
-1.411,-857.3E-3
-1.410,-857.3E-3
-1.409,-857.3E-3
-1.408,-857.3E-3
-1.407,-857.3E-3
-1.406,-857.3E-3
-1.405,-857.3E-3
-1.404,-857.3E-3
-1.403,-857.3E-3
-1.402,-857.3E-3
-1.401,-857.3E-3
-1.400,-857.3E-3
-1.399,-857.3E-3
-1.398,-857.3E-3
-1.397,-857.3E-3
-1.396,-857.3E-3
-1.395,-857.3E-3
-1.394,-857.3E-3
-1.393,-857.3E-3
-1.392,-857.3E-3
-1.391,-857.3E-3
-1.390,-857.3E-3
-1.389,-857.3E-3
-1.388,-857.3E-3
-1.387,-857.3E-3
-1.386,-857.3E-3
-1.385,-857.3E-3
-1.384,-857.3E-3
-1.383,-857.3E-3
-1.382,-857.3E-3
-1.381,-857.3E-3
-1.380,-857.3E-3
-1.379,-857.3E-3
-1.378,-857.3E-3
-1.377,-857.3E-3
-1.376,-857.3E-3
-1.375,-857.3E-3
-1.374,-857.3E-3
-1.373,-857.3E-3
-1.372,-857.3E-3
-1.371,-857.3E-3
-1.370,-857.3E-3
-1.369,-857.3E-3
-1.368,-857.3E-3
-1.367,-857.3E-3
-1.366,-857.3E-3
-1.365,-857.3E-3
-1.364,-857.3E-3
-1.363,-857.3E-3
-1.362,-857.3E-3
-1.361,-857.3E-3
-1.360,-857.3E-3
-1.359,-857.3E-3
-1.358,-857.3E-3
-1.357,-857.3E-3
-1.356,-857.3E-3
-1.355,-857.3E-3
-1.354,-857.3E-3
-1.353,-857.3E-3
-1.352,-857.3E-3
-1.351,-857.3E-3
-1.350,-857.3E-3
-1.349,-857.3E-3
-1.348,-857.3E-3
-1.347,-857.3E-3
-1.346,-857.3E-3
-1.345,-857.3E-3
-1.344,-857.3E-3
-1.343,-857.3E-3
-1.342,-857.3E-3
-1.341,-857.3E-3
-1.340,-857.3E-3
-1.339,-857.3E-3
-1.338,-857.3E-3
-1.337,-857.3E-3
-1.336,-857.3E-3
-1.335,-857.3E-3
-1.334,-857.3E-3
-1.333,-857.3E-3
-1.332,-857.3E-3
-1.331,-857.3E-3
-1.330,-857.3E-3
-1.329,-857.3E-3
-1.328,-857.3E-3
-1.327,-857.3E-3
-1.326,-857.3E-3
-1.325,-857.3E-3
-1.324,-857.3E-3
-1.323,-857.3E-3
-1.322,-857.3E-3
-1.321,-857.3E-3
-1.320,-857.3E-3
-1.319,-857.3E-3
-1.318,-857.3E-3
-1.317,-857.3E-3
-1.316,-857.3E-3
-1.315,-857.3E-3
-1.314,-857.3E-3
-1.313,-857.3E-3
-1.312,-857.3E-3
-1.311,-857.3E-3
-1.310,-857.3E-3
-1.309,-857.3E-3
-1.308,-857.3E-3
-1.307,-857.3E-3
-1.306,-857.3E-3
-1.305,-857.3E-3
-1.304,-857.3E-3
-1.303,-857.3E-3
-1.302,-857.3E-3
-1.301,-857.3E-3
-1.300,-857.3E-3
-1.299,-857.3E-3
-1.298,-857.3E-3
-1.297,-857.3E-3
-1.296,-857.3E-3
-1.295,-857.3E-3
-1.294,-857.3E-3
-1.293,-857.3E-3
-1.292,-857.3E-3
-1.291,-857.3E-3
-1.290,-857.3E-3
-1.289,-857.3E-3
-1.288,-857.3E-3
-1.287,-857.3E-3
-1.286,-857.3E-3
-1.285,-857.3E-3
-1.284,-857.3E-3
-1.283,-857.3E-3
-1.282,-857.3E-3
-1.281,-857.3E-3
-1.280,-857.3E-3
-1.279,-857.3E-3
-1.278,-857.3E-3
-1.277,-857.3E-3
-1.276,-857.3E-3
-1.275,-857.3E-3
-1.274,-857.3E-3
-1.273,-857.3E-3
-1.272,-857.3E-3
-1.271,-857.3E-3
-1.270,-857.3E-3
-1.269,-857.3E-3
-1.268,-857.3E-3
-1.267,-857.3E-3
-1.266,-857.3E-3
-1.265,-857.3E-3
-1.264,-857.3E-3
-1.263,-857.3E-3
-1.262,-857.3E-3
-1.261,-857.3E-3
-1.260,-857.3E-3
-1.259,-857.3E-3
-1.258,-857.3E-3
-1.257,-857.3E-3
-1.256,-857.3E-3
-1.255,-857.3E-3
-1.254,-857.3E-3
-1.253,-857.3E-3
-1.252,-857.3E-3
-1.251,-857.3E-3
-1.250,-857.3E-3
-1.249,-857.3E-3
-1.248,-857.3E-3
-1.247,-857.3E-3
-1.246,-857.3E-3
-1.245,-857.3E-3
-1.244,-857.3E-3
-1.243,-857.3E-3
-1.242,-857.3E-3
-1.241,-857.3E-3
-1.240,-857.3E-3
-1.239,-857.3E-3
-1.238,-857.3E-3
-1.237,-857.3E-3
-1.236,-857.3E-3
-1.235,-857.3E-3
-1.234,-857.3E-3
-1.233,-857.3E-3
-1.232,-857.3E-3
-1.231,-857.3E-3
-1.230,-857.3E-3
-1.229,-857.3E-3
-1.228,-857.3E-3
-1.227,-857.3E-3
-1.226,-857.3E-3
-1.225,-857.3E-3
-1.224,-857.3E-3
-1.223,-857.3E-3
-1.222,-857.3E-3
-1.221,-857.3E-3
-1.220,-857.3E-3
-1.219,-857.3E-3
-1.218,-857.3E-3
-1.217,-857.3E-3
-1.216,-857.3E-3
-1.215,-857.3E-3
-1.214,-857.3E-3
-1.213,-857.3E-3
-1.212,-857.3E-3
-1.211,-857.3E-3
-1.210,-857.3E-3
-1.209,-857.3E-3
-1.208,-857.3E-3
-1.207,-857.3E-3
-1.206,-857.3E-3
-1.205,-857.3E-3
-1.204,-857.3E-3
-1.203,-857.3E-3
-1.202,-857.3E-3
-1.201,-857.3E-3
-1.200,-857.3E-3
-1.199,-857.3E-3
-1.198,-857.3E-3
-1.197,-857.3E-3
-1.196,-857.3E-3
-1.195,-857.3E-3
-1.194,-857.3E-3
-1.193,-857.3E-3
-1.192,-857.3E-3
-1.191,-857.3E-3
-1.190,-857.3E-3
-1.189,-857.3E-3
-1.188,-857.3E-3
-1.187,-857.3E-3
-1.186,-857.3E-3
-1.185,-857.3E-3
-1.184,-857.3E-3
-1.183,-857.3E-3
-1.182,-857.3E-3
-1.181,-857.3E-3
-1.180,-857.3E-3
-1.179,-857.3E-3
-1.178,-857.3E-3
-1.177,-857.3E-3
-1.176,-857.3E-3
-1.175,-857.3E-3
-1.174,-857.3E-3
-1.173,-857.3E-3
-1.172,-857.3E-3
-1.171,-857.3E-3
-1.170,-857.3E-3
-1.169,-857.3E-3
-1.168,-857.3E-3
-1.167,-857.3E-3
-1.166,-857.3E-3
-1.165,-857.3E-3
-1.164,-857.3E-3
-1.163,-857.3E-3
-1.162,-857.3E-3
-1.161,-857.3E-3
-1.160,-857.3E-3
-1.159,-857.3E-3
-1.158,-857.3E-3
-1.157,-857.3E-3
-1.156,-857.3E-3
-1.155,-857.3E-3
-1.154,-857.3E-3
-1.153,-857.3E-3
-1.152,-857.3E-3
-1.151,-857.3E-3
-1.150,-857.3E-3
-1.149,-857.3E-3
-1.148,-857.3E-3
-1.147,-857.3E-3
-1.146,-857.3E-3
-1.145,-857.3E-3
-1.144,-857.3E-3
-1.143,-857.3E-3
-1.142,-857.3E-3
-1.141,-857.3E-3
-1.140,-857.3E-3
-1.139,-857.3E-3
-1.138,-857.3E-3
-1.137,-857.3E-3
-1.136,-857.3E-3
-1.135,-857.3E-3
-1.134,-857.3E-3
-1.133,-857.3E-3
-1.132,-857.3E-3
-1.131,-857.3E-3
-1.130,-857.3E-3
-1.129,-857.3E-3
-1.128,-857.3E-3
-1.127,-857.3E-3
-1.126,-857.3E-3
-1.125,-857.3E-3
-1.124,-857.3E-3
-1.123,-857.3E-3
-1.122,-857.3E-3
-1.121,-857.3E-3
-1.120,-857.3E-3
-1.119,-857.3E-3
-1.118,-857.3E-3
-1.117,-857.3E-3
-1.116,-857.3E-3
-1.115,-857.3E-3
-1.114,-857.3E-3
-1.113,-857.3E-3
-1.112,-857.3E-3
-1.111,-857.3E-3
-1.110,-857.3E-3
-1.109,-857.3E-3
-1.108,-857.3E-3
-1.107,-857.3E-3
-1.106,-857.3E-3
-1.105,-857.3E-3
-1.104,-857.3E-3
-1.103,-857.3E-3
-1.102,-857.3E-3
-1.101,-857.3E-3
-1.100,-857.3E-3
-1.099,-857.3E-3
-1.098,-857.3E-3
-1.097,-857.3E-3
-1.096,-857.3E-3
-1.095,-857.3E-3
-1.094,-857.3E-3
-1.093,-857.3E-3
-1.092,-857.3E-3
-1.091,-857.3E-3
-1.090,-857.3E-3
-1.089,-857.3E-3
-1.088,-857.3E-3
-1.087,-857.3E-3
-1.086,-857.3E-3
-1.085,-857.3E-3
-1.084,-857.3E-3
-1.083,-857.3E-3
-1.082,-857.3E-3
-1.081,-857.3E-3
-1.080,-857.3E-3
-1.079,-857.3E-3
-1.078,-857.3E-3
-1.077,-857.3E-3
-1.076,-857.3E-3
-1.075,-857.3E-3
-1.074,-857.3E-3
-1.073,-857.3E-3
-1.072,-857.3E-3
-1.071,-857.3E-3
-1.070,-857.3E-3
-1.069,-857.3E-3
-1.068,-857.3E-3
-1.067,-857.3E-3
-1.066,-857.3E-3
-1.065,-857.3E-3
-1.064,-857.3E-3
-1.063,-857.3E-3
-1.062,-857.3E-3
-1.061,-857.3E-3
-1.060,-857.3E-3
-1.059,-857.3E-3
-1.058,-857.3E-3
-1.057,-857.3E-3
-1.056,-857.3E-3
-1.055,-857.3E-3
-1.054,-857.3E-3
-1.053,-857.3E-3
-1.052,-857.3E-3
-1.051,-857.3E-3
-1.050,-857.3E-3
-1.049,-857.3E-3
-1.048,-857.3E-3
-1.047,-857.3E-3
-1.046,-857.3E-3
-1.045,-857.3E-3
-1.044,-857.3E-3
-1.043,-857.3E-3
-1.042,-857.3E-3
-1.041,-857.3E-3
-1.040,-857.3E-3
-1.039,-857.3E-3
-1.038,-857.3E-3
-1.037,-857.3E-3
-1.036,-857.3E-3
-1.035,-857.3E-3
-1.034,-857.3E-3
-1.033,-857.3E-3
-1.032,-857.3E-3
-1.031,-857.3E-3
-1.030,-857.3E-3
-1.029,-857.3E-3
-1.028,-857.3E-3
-1.027,-857.3E-3
-1.026,-857.3E-3
-1.025,-857.3E-3
-1.024,-857.3E-3
-1.023,-857.3E-3
-1.022,-857.3E-3
-1.021,-857.3E-3
-1.020,-857.3E-3
-1.019,-857.3E-3
-1.018,-857.3E-3
-1.017,-857.3E-3
-1.016,-857.3E-3
-1.015,-857.3E-3
-1.014,-857.3E-3
-1.013,-857.3E-3
-1.012,-857.3E-3
-1.011,-857.3E-3
-1.010,-857.3E-3
-1.009,-857.3E-3
-1.008,-857.3E-3
-1.007,-857.3E-3
-1.006,-857.3E-3
-1.005,-857.3E-3
-1.004,-857.3E-3
-1.003,-857.3E-3
-1.002,-857.3E-3
-1.001,-857.3E-3
-1.000,-857.3E-3
-999.0E-3,-857.3E-3
-998.0E-3,-857.3E-3
-997.0E-3,-857.3E-3
-996.0E-3,-857.3E-3
-995.0E-3,-857.3E-3
-994.0E-3,-857.3E-3
-993.0E-3,-857.3E-3
-992.0E-3,-857.3E-3
-991.0E-3,-857.3E-3
-990.0E-3,-857.3E-3
-989.0E-3,-857.3E-3
-988.0E-3,-857.3E-3
-987.0E-3,-857.3E-3
-986.0E-3,-857.3E-3
-985.0E-3,-857.3E-3
-984.0E-3,-857.3E-3
-983.0E-3,-857.3E-3
-982.0E-3,-857.3E-3
-981.0E-3,-857.3E-3
-980.0E-3,-857.3E-3
-979.0E-3,-857.3E-3
-978.0E-3,-857.3E-3
-977.0E-3,-857.3E-3
-976.0E-3,-857.3E-3
-975.0E-3,-857.3E-3
-974.0E-3,-857.3E-3
-973.0E-3,-857.3E-3
-972.0E-3,-857.3E-3
-971.0E-3,-857.3E-3
-970.0E-3,-857.3E-3
-969.0E-3,-857.3E-3
-968.0E-3,-857.3E-3
-967.0E-3,-857.3E-3
-966.0E-3,-857.3E-3
-965.0E-3,-857.3E-3
-964.0E-3,-857.3E-3
-963.0E-3,-857.3E-3
-962.0E-3,-857.3E-3
-961.0E-3,-857.3E-3
-960.0E-3,-857.3E-3
-959.0E-3,-857.3E-3
-958.0E-3,-857.3E-3
-957.0E-3,-857.3E-3
-956.0E-3,-857.3E-3
-955.0E-3,-857.3E-3
-954.0E-3,-857.3E-3
-953.0E-3,-857.3E-3
-952.0E-3,-857.3E-3
-951.0E-3,-857.3E-3
-950.0E-3,-857.3E-3
-949.0E-3,-857.3E-3
-948.0E-3,-857.3E-3
-947.0E-3,-857.3E-3
-946.0E-3,-857.3E-3
-945.0E-3,-857.3E-3
-944.0E-3,-857.3E-3
-943.0E-3,-857.3E-3
-942.0E-3,-857.3E-3
-941.0E-3,-857.3E-3
-940.0E-3,-857.3E-3
-939.0E-3,-857.3E-3
-938.0E-3,-857.3E-3
-937.0E-3,-857.3E-3
-936.0E-3,-857.3E-3
-935.0E-3,-857.3E-3
-934.0E-3,-857.3E-3
-933.0E-3,-857.3E-3
-932.0E-3,-857.3E-3
-931.0E-3,-857.3E-3
-930.0E-3,-857.3E-3
-929.0E-3,-857.3E-3
-928.0E-3,-857.3E-3
-927.0E-3,-857.3E-3
-926.0E-3,-857.3E-3
-925.0E-3,-857.3E-3
-924.0E-3,-857.3E-3
-923.0E-3,-857.3E-3
-922.0E-3,-857.3E-3
-921.0E-3,-857.3E-3
-920.0E-3,-857.3E-3
-919.0E-3,-857.3E-3
-918.0E-3,-857.3E-3
-917.0E-3,-857.3E-3
-916.0E-3,-857.3E-3
-915.0E-3,-857.3E-3
-914.0E-3,-857.3E-3
-913.0E-3,-857.3E-3
-912.0E-3,-857.3E-3
-911.0E-3,-857.3E-3
-910.0E-3,-857.3E-3
-909.0E-3,-857.3E-3
-908.0E-3,-857.3E-3
-907.0E-3,-857.3E-3
-906.0E-3,-857.3E-3
-905.0E-3,-857.3E-3
-904.0E-3,-857.3E-3
-903.0E-3,-857.3E-3
-902.0E-3,-857.3E-3
-901.0E-3,-857.3E-3
-900.0E-3,-857.3E-3
-899.0E-3,-857.3E-3
-898.0E-3,-857.3E-3
-897.0E-3,-857.3E-3
-896.0E-3,-857.3E-3
-895.0E-3,-857.3E-3
-894.0E-3,-857.3E-3
-893.0E-3,-857.3E-3
-892.0E-3,-857.3E-3
-891.0E-3,-857.3E-3
-890.0E-3,-857.3E-3
-889.0E-3,-857.3E-3
-888.0E-3,-857.3E-3
-887.0E-3,-857.3E-3
-886.0E-3,-857.3E-3
-885.0E-3,-857.3E-3
-884.0E-3,-857.3E-3
-883.0E-3,-857.3E-3
-882.0E-3,-857.3E-3
-881.0E-3,-857.3E-3
-880.0E-3,-857.3E-3
-879.0E-3,-857.3E-3
-878.0E-3,-857.3E-3
-877.0E-3,-857.3E-3
-876.0E-3,-857.3E-3
-875.0E-3,-857.3E-3
-874.0E-3,-857.3E-3
-873.0E-3,-857.3E-3
-872.0E-3,-857.3E-3
-871.0E-3,-857.3E-3
-870.0E-3,-857.3E-3
-869.0E-3,-857.3E-3
-868.0E-3,-857.3E-3
-867.0E-3,-857.3E-3
-866.0E-3,-857.3E-3
-865.0E-3,-857.3E-3
-864.0E-3,-857.3E-3
-863.0E-3,-857.3E-3
-862.0E-3,-857.3E-3
-861.0E-3,-857.3E-3
-860.0E-3,-857.3E-3
-859.0E-3,-857.3E-3
-858.0E-3,-857.3E-3
-857.0E-3,-857.3E-3
-856.0E-3,-857.3E-3
-855.0E-3,-857.3E-3
-854.0E-3,-857.3E-3
-853.0E-3,-857.3E-3
-852.0E-3,-857.3E-3
-851.0E-3,-857.3E-3
-850.0E-3,-857.3E-3
-849.0E-3,-857.3E-3
-848.0E-3,-857.3E-3
-847.0E-3,-857.3E-3
-846.0E-3,-857.3E-3
-845.0E-3,-857.3E-3
-844.0E-3,-857.3E-3
-843.0E-3,-857.3E-3
-842.0E-3,-857.3E-3
-841.0E-3,-857.3E-3
-840.0E-3,-857.3E-3
-839.0E-3,-857.3E-3
-838.0E-3,-857.3E-3
-837.0E-3,-857.3E-3
-836.0E-3,-857.3E-3
-835.0E-3,-857.3E-3
-834.0E-3,-857.3E-3
-833.0E-3,-857.3E-3
-832.0E-3,-857.3E-3
-831.0E-3,-857.3E-3
-830.0E-3,-857.3E-3
-829.0E-3,-857.3E-3
-828.0E-3,-857.3E-3
-827.0E-3,-857.3E-3
-826.0E-3,-857.3E-3
-825.0E-3,-857.3E-3
-824.0E-3,-857.3E-3
-823.0E-3,-857.3E-3
-822.0E-3,-857.3E-3
-821.0E-3,-857.3E-3
-820.0E-3,-857.3E-3
-819.0E-3,-857.3E-3
-818.0E-3,-857.3E-3
-817.0E-3,-857.3E-3
-816.0E-3,-857.3E-3
-815.0E-3,-857.3E-3
-814.0E-3,-857.3E-3
-813.0E-3,-857.3E-3
-812.0E-3,-857.3E-3
-811.0E-3,-857.3E-3
-810.0E-3,-857.3E-3
-809.0E-3,-857.3E-3
-808.0E-3,-857.3E-3
-807.0E-3,-857.3E-3
-806.0E-3,-857.3E-3
-805.0E-3,-857.3E-3
-804.0E-3,-857.3E-3
-803.0E-3,-857.3E-3
-802.0E-3,-857.3E-3
-801.0E-3,-857.3E-3
-800.0E-3,-857.3E-3
-799.0E-3,-857.3E-3
-798.0E-3,-857.3E-3
-797.0E-3,-857.3E-3
-796.0E-3,-857.3E-3
-795.0E-3,-857.3E-3
-794.0E-3,-857.3E-3
-793.0E-3,-857.3E-3
-792.0E-3,-857.3E-3
-791.0E-3,-857.3E-3
-790.0E-3,-857.3E-3
-789.0E-3,-857.3E-3
-788.0E-3,-857.3E-3
-787.0E-3,-857.3E-3
-786.0E-3,-857.3E-3
-785.0E-3,-857.3E-3
-784.0E-3,-857.3E-3
-783.0E-3,-857.3E-3
-782.0E-3,-857.3E-3
-781.0E-3,-857.3E-3
-780.0E-3,-857.3E-3
-779.0E-3,-857.3E-3
-778.0E-3,-857.3E-3
-777.0E-3,-857.3E-3
-776.0E-3,-857.3E-3
-775.0E-3,-857.3E-3
-774.0E-3,-857.3E-3
-773.0E-3,-857.3E-3
-772.0E-3,-857.3E-3
-771.0E-3,-857.3E-3
-770.0E-3,-857.3E-3
-769.0E-3,-857.3E-3
-768.0E-3,-857.3E-3
-767.0E-3,-857.3E-3
-766.0E-3,-857.3E-3
-765.0E-3,-857.3E-3
-764.0E-3,-857.3E-3
-763.0E-3,-857.3E-3
-762.0E-3,-857.3E-3
-761.0E-3,-857.3E-3
-760.0E-3,-857.3E-3
-759.0E-3,-857.3E-3
-758.0E-3,-857.3E-3
-757.0E-3,-857.3E-3
-756.0E-3,-857.3E-3
-755.0E-3,-857.3E-3
-754.0E-3,-857.3E-3
-753.0E-3,-857.3E-3
-752.0E-3,-857.3E-3
-751.0E-3,-857.3E-3
-750.0E-3,-857.3E-3
-749.0E-3,-857.3E-3
-748.0E-3,-857.3E-3
-747.0E-3,-857.3E-3
-746.0E-3,-857.3E-3
-745.0E-3,-857.3E-3
-744.0E-3,-857.3E-3
-743.0E-3,-857.3E-3
-742.0E-3,-857.3E-3
-741.0E-3,-857.3E-3
-740.0E-3,-857.3E-3
-739.0E-3,-857.3E-3
-738.0E-3,-857.3E-3
-737.0E-3,-857.3E-3
-736.0E-3,-857.3E-3
-735.0E-3,-857.3E-3
-734.0E-3,-857.3E-3
-733.0E-3,-857.3E-3
-732.0E-3,-857.3E-3
-731.0E-3,-857.3E-3
-730.0E-3,-857.3E-3
-729.0E-3,-857.3E-3
-728.0E-3,-857.3E-3
-727.0E-3,-857.3E-3
-726.0E-3,-857.3E-3
-725.0E-3,-857.3E-3
-724.0E-3,-857.3E-3
-723.0E-3,-857.3E-3
-722.0E-3,-857.3E-3
-721.0E-3,-857.3E-3
-720.0E-3,-857.3E-3
-719.0E-3,-857.3E-3
-718.0E-3,-857.3E-3
-717.0E-3,-857.3E-3
-716.0E-3,-857.3E-3
-715.0E-3,-857.3E-3
-714.0E-3,-857.3E-3
-713.0E-3,-857.3E-3
-712.0E-3,-857.3E-3
-711.0E-3,-857.3E-3
-710.0E-3,-857.3E-3
-709.0E-3,-857.3E-3
-708.0E-3,-857.3E-3
-707.0E-3,-857.3E-3
-706.0E-3,-857.3E-3
-705.0E-3,-857.3E-3
-704.0E-3,-857.3E-3
-703.0E-3,-857.3E-3
-702.0E-3,-857.3E-3
-701.0E-3,-857.3E-3
-700.0E-3,-857.3E-3
-699.0E-3,-857.3E-3
-698.0E-3,-857.3E-3
-697.0E-3,-857.3E-3
-696.0E-3,-857.3E-3
-695.0E-3,-857.3E-3
-694.0E-3,-857.3E-3
-693.0E-3,-857.3E-3
-692.0E-3,-857.3E-3
-691.0E-3,-857.3E-3
-690.0E-3,-857.3E-3
-689.0E-3,-857.3E-3
-688.0E-3,-857.3E-3
-687.0E-3,-857.3E-3
-686.0E-3,-857.3E-3
-685.0E-3,-857.3E-3
-684.0E-3,-857.3E-3
-683.0E-3,-857.3E-3
-682.0E-3,-857.3E-3
-681.0E-3,-857.3E-3
-680.0E-3,-857.3E-3
-679.0E-3,-857.3E-3
-678.0E-3,-857.3E-3
-677.0E-3,-857.3E-3
-676.0E-3,-857.3E-3
-675.0E-3,-857.3E-3
-674.0E-3,-857.3E-3
-673.0E-3,-857.3E-3
-672.0E-3,-857.3E-3
-671.0E-3,-857.3E-3
-670.0E-3,-857.3E-3
-669.0E-3,-857.3E-3
-668.0E-3,-857.3E-3
-667.0E-3,-857.3E-3
-666.0E-3,-857.3E-3
-665.0E-3,-857.3E-3
-664.0E-3,-857.3E-3
-663.0E-3,-857.3E-3
-662.0E-3,-857.3E-3
-661.0E-3,-857.3E-3
-660.0E-3,-857.3E-3
-659.0E-3,-857.3E-3
-658.0E-3,-857.3E-3
-657.0E-3,-857.3E-3
-656.0E-3,-857.3E-3
-655.0E-3,-857.3E-3
-654.0E-3,-857.3E-3
-653.0E-3,-857.3E-3
-652.0E-3,-857.3E-3
-651.0E-3,-857.3E-3
-650.0E-3,-857.3E-3
-649.0E-3,-857.3E-3
-648.0E-3,-857.3E-3
-647.0E-3,-857.3E-3
-646.0E-3,-857.3E-3
-645.0E-3,-857.3E-3
-644.0E-3,-857.3E-3
-643.0E-3,-857.3E-3
-642.0E-3,-857.3E-3
-641.0E-3,-857.3E-3
-640.0E-3,-857.3E-3
-639.0E-3,-857.3E-3
-638.0E-3,-857.3E-3
-637.0E-3,-857.3E-3
-636.0E-3,-857.3E-3
-635.0E-3,-857.3E-3
-634.0E-3,-857.3E-3
-633.0E-3,-857.3E-3
-632.0E-3,-857.3E-3
-631.0E-3,-857.3E-3
-630.0E-3,-857.3E-3
-629.0E-3,-857.3E-3
-628.0E-3,-857.3E-3
-627.0E-3,-857.3E-3
-626.0E-3,-857.3E-3
-625.0E-3,-857.3E-3
-624.0E-3,-857.3E-3
-623.0E-3,-857.3E-3
-622.0E-3,-857.3E-3
-621.0E-3,-857.3E-3
-620.0E-3,-857.3E-3
-619.0E-3,-857.3E-3
-618.0E-3,-857.3E-3
-617.0E-3,-857.3E-3
-616.0E-3,-857.3E-3
-615.0E-3,-857.3E-3
-614.0E-3,-857.3E-3
-613.0E-3,-857.3E-3
-612.0E-3,-857.3E-3
-611.0E-3,-857.3E-3
-610.0E-3,-857.3E-3
-609.0E-3,-857.3E-3
-608.0E-3,-857.3E-3
-607.0E-3,-857.3E-3
-606.0E-3,-857.3E-3
-605.0E-3,-857.3E-3
-604.0E-3,-857.3E-3
-603.0E-3,-857.3E-3
-602.0E-3,-857.3E-3
-601.0E-3,-857.3E-3
-600.0E-3,-857.3E-3
-599.0E-3,-857.3E-3
-598.0E-3,-857.3E-3
-597.0E-3,-857.3E-3
-596.0E-3,-857.3E-3
-595.0E-3,-857.3E-3
-594.0E-3,-857.3E-3
-593.0E-3,-857.3E-3
-592.0E-3,-857.3E-3
-591.0E-3,-857.3E-3
-590.0E-3,-857.3E-3
-589.0E-3,-857.3E-3
-588.0E-3,-857.3E-3
-587.0E-3,-857.3E-3
-586.0E-3,-857.3E-3
-585.0E-3,-857.3E-3
-584.0E-3,-857.3E-3
-583.0E-3,-857.3E-3
-582.0E-3,-857.3E-3
-581.0E-3,-857.3E-3
-580.0E-3,-857.3E-3
-579.0E-3,-857.3E-3
-578.0E-3,-857.3E-3
-577.0E-3,-857.3E-3
-576.0E-3,-857.3E-3
-575.0E-3,-857.3E-3
-574.0E-3,-857.3E-3
-573.0E-3,-857.3E-3
-572.0E-3,-857.3E-3
-571.0E-3,-857.3E-3
-570.0E-3,-857.3E-3
-569.0E-3,-857.3E-3
-568.0E-3,-857.3E-3
-567.0E-3,-857.3E-3
-566.0E-3,-857.3E-3
-565.0E-3,-857.3E-3
-564.0E-3,-857.3E-3
-563.0E-3,-857.3E-3
-562.0E-3,-857.3E-3
-561.0E-3,-857.3E-3
-560.0E-3,-857.3E-3
-559.0E-3,-857.3E-3
-558.0E-3,-857.3E-3
-557.0E-3,-857.3E-3
-556.0E-3,-857.3E-3
-555.0E-3,-857.3E-3
-554.0E-3,-857.3E-3
-553.0E-3,-857.3E-3
-552.0E-3,-857.3E-3
-551.0E-3,-857.3E-3
-550.0E-3,-857.3E-3
-549.0E-3,-857.3E-3
-548.0E-3,-857.3E-3
-547.0E-3,-857.3E-3
-546.0E-3,-857.3E-3
-545.0E-3,-857.3E-3
-544.0E-3,-857.3E-3
-543.0E-3,-857.3E-3
-542.0E-3,-857.3E-3
-541.0E-3,-857.3E-3
-540.0E-3,-857.3E-3
-539.0E-3,-857.3E-3
-538.0E-3,-857.3E-3
-537.0E-3,-857.3E-3
-536.0E-3,-857.3E-3
-535.0E-3,-857.3E-3
-534.0E-3,-857.3E-3
-533.0E-3,-857.3E-3
-532.0E-3,-857.3E-3
-531.0E-3,-857.3E-3
-530.0E-3,-857.3E-3
-529.0E-3,-857.3E-3
-528.0E-3,-857.3E-3
-527.0E-3,-857.3E-3
-526.0E-3,-857.3E-3
-525.0E-3,-857.3E-3
-524.0E-3,-857.3E-3
-523.0E-3,-857.3E-3
-522.0E-3,-857.3E-3
-521.0E-3,-857.3E-3
-520.0E-3,-857.3E-3
-519.0E-3,-857.3E-3
-518.0E-3,-857.3E-3
-517.0E-3,-857.3E-3
-516.0E-3,-857.3E-3
-515.0E-3,-857.3E-3
-514.0E-3,-857.3E-3
-513.0E-3,-857.3E-3
-512.0E-3,-857.3E-3
-511.0E-3,-857.3E-3
-510.0E-3,-857.3E-3
-509.0E-3,-857.3E-3
-508.0E-3,-857.3E-3
-507.0E-3,-857.3E-3
-506.0E-3,-857.3E-3
-505.0E-3,-857.3E-3
-504.0E-3,-857.3E-3
-503.0E-3,-857.3E-3
-502.0E-3,-857.3E-3
-501.0E-3,-857.3E-3
-500.0E-3,-857.3E-3
-499.0E-3,-857.3E-3
-498.0E-3,-857.3E-3
-497.0E-3,-857.3E-3
-496.0E-3,-857.3E-3
-495.0E-3,-857.3E-3
-494.0E-3,-857.3E-3
-493.0E-3,-857.3E-3
-492.0E-3,-857.3E-3
-491.0E-3,-857.3E-3
-490.0E-3,-857.3E-3
-489.0E-3,-857.3E-3
-488.0E-3,-857.3E-3
-487.0E-3,-857.3E-3
-486.0E-3,-857.3E-3
-485.0E-3,-857.3E-3
-484.0E-3,-857.3E-3
-483.0E-3,-857.3E-3
-482.0E-3,-857.3E-3
-481.0E-3,-857.3E-3
-480.0E-3,-857.3E-3
-479.0E-3,-857.3E-3
-478.0E-3,-857.3E-3
-477.0E-3,-857.3E-3
-476.0E-3,-857.3E-3
-475.0E-3,-857.3E-3
-474.0E-3,-857.3E-3
-473.0E-3,-857.3E-3
-472.0E-3,-857.3E-3
-471.0E-3,-857.3E-3
-470.0E-3,-857.3E-3
-469.0E-3,-857.3E-3
-468.0E-3,-857.3E-3
-467.0E-3,-857.3E-3
-466.0E-3,-857.3E-3
-465.0E-3,-857.3E-3
-464.0E-3,-857.3E-3
-463.0E-3,-857.3E-3
-462.0E-3,-857.3E-3
-461.0E-3,-857.3E-3
-460.0E-3,-857.3E-3
-459.0E-3,-857.3E-3
-458.0E-3,-857.3E-3
-457.0E-3,-857.3E-3
-456.0E-3,-857.3E-3
-455.0E-3,-857.3E-3
-454.0E-3,-857.3E-3
-453.0E-3,-857.3E-3
-452.0E-3,-857.3E-3
-451.0E-3,-857.3E-3
-450.0E-3,-857.3E-3
-449.0E-3,-857.3E-3
-448.0E-3,-857.3E-3
-447.0E-3,-857.3E-3
-446.0E-3,-857.3E-3
-445.0E-3,-857.3E-3
-444.0E-3,-857.3E-3
-443.0E-3,-857.3E-3
-442.0E-3,-857.3E-3
-441.0E-3,-857.3E-3
-440.0E-3,-857.3E-3
-439.0E-3,-857.3E-3
-438.0E-3,-857.3E-3
-437.0E-3,-857.3E-3
-436.0E-3,-857.3E-3
-435.0E-3,-857.3E-3
-434.0E-3,-857.3E-3
-433.0E-3,-857.3E-3
-432.0E-3,-857.3E-3
-431.0E-3,-857.3E-3
-430.0E-3,-857.3E-3
-429.0E-3,-857.3E-3
-428.0E-3,-857.3E-3
-427.0E-3,-857.3E-3
-426.0E-3,-857.3E-3
-425.0E-3,-857.3E-3
-424.0E-3,-857.3E-3
-423.0E-3,-857.3E-3
-422.0E-3,-857.3E-3
-421.0E-3,-857.3E-3
-420.0E-3,-857.3E-3
-419.0E-3,-857.3E-3
-418.0E-3,-857.3E-3
-417.0E-3,-857.3E-3
-416.0E-3,-857.3E-3
-415.0E-3,-857.3E-3
-414.0E-3,-857.3E-3
-413.0E-3,-857.3E-3
-412.0E-3,-857.3E-3
-411.0E-3,-857.3E-3
-410.0E-3,-857.3E-3
-409.0E-3,-857.3E-3
-408.0E-3,-857.3E-3
-407.0E-3,-857.3E-3
-406.0E-3,-857.3E-3
-405.0E-3,-857.3E-3
-404.0E-3,-857.3E-3
-403.0E-3,-857.3E-3
-402.0E-3,-857.3E-3
-401.0E-3,-857.3E-3
-400.0E-3,-857.3E-3
-399.0E-3,-857.3E-3
-398.0E-3,-857.3E-3
-397.0E-3,-857.3E-3
-396.0E-3,-857.3E-3
-395.0E-3,-857.3E-3
-394.0E-3,-857.3E-3
-393.0E-3,-857.3E-3
-392.0E-3,-857.3E-3
-391.0E-3,-857.3E-3
-390.0E-3,-857.3E-3
-389.0E-3,-857.3E-3
-388.0E-3,-857.3E-3
-387.0E-3,-857.3E-3
-386.0E-3,-857.3E-3
-385.0E-3,-857.3E-3
-384.0E-3,-857.3E-3
-383.0E-3,-857.3E-3
-382.0E-3,-857.3E-3
-381.0E-3,-857.3E-3
-380.0E-3,-857.3E-3
-379.0E-3,-857.3E-3
-378.0E-3,-857.3E-3
-377.0E-3,-857.3E-3
-376.0E-3,-857.3E-3
-375.0E-3,-857.3E-3
-374.0E-3,-857.3E-3
-373.0E-3,-857.3E-3
-372.0E-3,-857.3E-3
-371.0E-3,-857.3E-3
-370.0E-3,-857.3E-3
-369.0E-3,-857.3E-3
-368.0E-3,-857.3E-3
-367.0E-3,-857.3E-3
-366.0E-3,-857.3E-3
-365.0E-3,-857.3E-3
-364.0E-3,-857.3E-3
-363.0E-3,-857.3E-3
-362.0E-3,-857.3E-3
-361.0E-3,-857.3E-3
-360.0E-3,-857.3E-3
-359.0E-3,-857.3E-3
-358.0E-3,-857.3E-3
-357.0E-3,-857.3E-3
-356.0E-3,-857.3E-3
-355.0E-3,-857.3E-3
-354.0E-3,-857.3E-3
-353.0E-3,-857.3E-3
-352.0E-3,-857.3E-3
-351.0E-3,-857.3E-3
-350.0E-3,-857.3E-3
-349.0E-3,-857.3E-3
-348.0E-3,-857.3E-3
-347.0E-3,-857.3E-3
-346.0E-3,-857.3E-3
-345.0E-3,-857.3E-3
-344.0E-3,-857.3E-3
-343.0E-3,-857.3E-3
-342.0E-3,-857.3E-3
-341.0E-3,-857.3E-3
-340.0E-3,-857.3E-3
-339.0E-3,-857.3E-3
-338.0E-3,-857.3E-3
-337.0E-3,-857.3E-3
-336.0E-3,-857.3E-3
-335.0E-3,-857.3E-3
-334.0E-3,-857.3E-3
-333.0E-3,-857.3E-3
-332.0E-3,-857.3E-3
-331.0E-3,-857.3E-3
-330.0E-3,-857.3E-3
-329.0E-3,-857.3E-3
-328.0E-3,-857.3E-3
-327.0E-3,-857.3E-3
-326.0E-3,-857.3E-3
-325.0E-3,-857.3E-3
-324.0E-3,-857.3E-3
-323.0E-3,-857.3E-3
-322.0E-3,-857.3E-3
-321.0E-3,-857.3E-3
-320.0E-3,-857.3E-3
-319.0E-3,-857.3E-3
-318.0E-3,-857.3E-3
-317.0E-3,-857.3E-3
-316.0E-3,-857.3E-3
-315.0E-3,-857.3E-3
-314.0E-3,-857.3E-3
-313.0E-3,-857.3E-3
-312.0E-3,-857.3E-3
-311.0E-3,-857.3E-3
-310.0E-3,-857.3E-3
-309.0E-3,-857.3E-3
-308.0E-3,-857.3E-3
-307.0E-3,-857.3E-3
-306.0E-3,-857.3E-3
-305.0E-3,-857.3E-3
-304.0E-3,-857.3E-3
-303.0E-3,-857.3E-3
-302.0E-3,-857.3E-3
-301.0E-3,-857.3E-3
-300.0E-3,-857.3E-3
-299.0E-3,-857.3E-3
-298.0E-3,-857.3E-3
-297.0E-3,-857.3E-3
-296.0E-3,-857.3E-3
-295.0E-3,-857.3E-3
-294.0E-3,-857.3E-3
-293.0E-3,-857.3E-3
-292.0E-3,-857.3E-3
-291.0E-3,-857.3E-3
-290.0E-3,-857.3E-3
-289.0E-3,-857.3E-3
-288.0E-3,-857.3E-3
-287.0E-3,-857.3E-3
-286.0E-3,-857.3E-3
-285.0E-3,-857.3E-3
-284.0E-3,-857.3E-3
-283.0E-3,-857.3E-3
-282.0E-3,-857.3E-3
-281.0E-3,-857.2E-3
-280.0E-3,-857.2E-3
-279.0E-3,-857.2E-3
-278.0E-3,-857.2E-3
-277.0E-3,-857.2E-3
-276.0E-3,-857.2E-3
-275.0E-3,-857.2E-3
-274.0E-3,-857.2E-3
-273.0E-3,-857.2E-3
-272.0E-3,-857.2E-3
-271.0E-3,-857.2E-3
-270.0E-3,-857.2E-3
-269.0E-3,-857.2E-3
-268.0E-3,-857.2E-3
-267.0E-3,-857.2E-3
-266.0E-3,-857.2E-3
-265.0E-3,-857.2E-3
-264.0E-3,-857.2E-3
-263.0E-3,-857.2E-3
-262.0E-3,-857.2E-3
-261.0E-3,-857.2E-3
-260.0E-3,-857.2E-3
-259.0E-3,-857.2E-3
-258.0E-3,-857.2E-3
-257.0E-3,-857.2E-3
-256.0E-3,-857.2E-3
-255.0E-3,-857.2E-3
-254.0E-3,-857.2E-3
-253.0E-3,-857.2E-3
-252.0E-3,-857.2E-3
-251.0E-3,-857.2E-3
-250.0E-3,-857.2E-3
-249.0E-3,-857.2E-3
-248.0E-3,-857.2E-3
-247.0E-3,-857.2E-3
-246.0E-3,-857.2E-3
-245.0E-3,-857.2E-3
-244.0E-3,-857.2E-3
-243.0E-3,-857.2E-3
-242.0E-3,-857.2E-3
-241.0E-3,-857.2E-3
-240.0E-3,-857.2E-3
-239.0E-3,-857.2E-3
-238.0E-3,-857.2E-3
-237.0E-3,-857.2E-3
-236.0E-3,-857.2E-3
-235.0E-3,-857.2E-3
-234.0E-3,-857.2E-3
-233.0E-3,-857.2E-3
-232.0E-3,-857.2E-3
-231.0E-3,-857.2E-3
-230.0E-3,-857.2E-3
-229.0E-3,-857.2E-3
-228.0E-3,-857.2E-3
-227.0E-3,-857.2E-3
-226.0E-3,-857.2E-3
-225.0E-3,-857.1E-3
-224.0E-3,-857.1E-3
-223.0E-3,-857.1E-3
-222.0E-3,-857.1E-3
-221.0E-3,-857.1E-3
-220.0E-3,-857.1E-3
-219.0E-3,-857.1E-3
-218.0E-3,-857.1E-3
-217.0E-3,-857.1E-3
-216.0E-3,-857.1E-3
-215.0E-3,-857.1E-3
-214.0E-3,-857.1E-3
-213.0E-3,-857.1E-3
-212.0E-3,-857.1E-3
-211.0E-3,-857.1E-3
-210.0E-3,-857.1E-3
-209.0E-3,-857.1E-3
-208.0E-3,-857.1E-3
-207.0E-3,-857.1E-3
-206.0E-3,-857.1E-3
-205.0E-3,-857.1E-3
-204.0E-3,-857.1E-3
-203.0E-3,-857.1E-3
-202.0E-3,-857.0E-3
-201.0E-3,-857.0E-3
-200.0E-3,-857.0E-3
-199.0E-3,-857.0E-3
-198.0E-3,-857.0E-3
-197.0E-3,-857.0E-3
-196.0E-3,-857.0E-3
-195.0E-3,-857.0E-3
-194.0E-3,-857.0E-3
-193.0E-3,-857.0E-3
-192.0E-3,-857.0E-3
-191.0E-3,-857.0E-3
-190.0E-3,-857.0E-3
-189.0E-3,-857.0E-3
-188.0E-3,-857.0E-3
-187.0E-3,-857.0E-3
-186.0E-3,-856.9E-3
-185.0E-3,-856.9E-3
-184.0E-3,-856.9E-3
-183.0E-3,-856.9E-3
-182.0E-3,-856.9E-3
-181.0E-3,-856.9E-3
-180.0E-3,-856.9E-3
-179.0E-3,-856.9E-3
-178.0E-3,-856.9E-3
-177.0E-3,-856.9E-3
-176.0E-3,-856.9E-3
-175.0E-3,-856.9E-3
-174.0E-3,-856.8E-3
-173.0E-3,-856.8E-3
-172.0E-3,-856.8E-3
-171.0E-3,-856.8E-3
-170.0E-3,-856.8E-3
-169.0E-3,-856.8E-3
-168.0E-3,-856.8E-3
-167.0E-3,-856.8E-3
-166.0E-3,-856.8E-3
-165.0E-3,-856.7E-3
-164.0E-3,-856.7E-3
-163.0E-3,-856.7E-3
-162.0E-3,-856.7E-3
-161.0E-3,-856.7E-3
-160.0E-3,-856.7E-3
-159.0E-3,-856.7E-3
-158.0E-3,-856.7E-3
-157.0E-3,-856.6E-3
-156.0E-3,-856.6E-3
-155.0E-3,-856.6E-3
-154.0E-3,-856.6E-3
-153.0E-3,-856.6E-3
-152.0E-3,-856.6E-3
-151.0E-3,-856.6E-3
-150.0E-3,-856.5E-3
-149.0E-3,-856.5E-3
-148.0E-3,-856.5E-3
-147.0E-3,-856.5E-3
-146.0E-3,-856.5E-3
-145.0E-3,-856.5E-3
-144.0E-3,-856.5E-3
-143.0E-3,-856.4E-3
-142.0E-3,-856.4E-3
-141.0E-3,-856.4E-3
-140.0E-3,-856.4E-3
-139.0E-3,-856.4E-3
-138.0E-3,-856.3E-3
-137.0E-3,-856.3E-3
-136.0E-3,-856.3E-3
-135.0E-3,-856.3E-3
-134.0E-3,-856.3E-3
-133.0E-3,-856.2E-3
-132.0E-3,-856.2E-3
-131.0E-3,-856.2E-3
-130.0E-3,-856.2E-3
-129.0E-3,-856.2E-3
-128.0E-3,-856.1E-3
-127.0E-3,-856.1E-3
-126.0E-3,-856.1E-3
-125.0E-3,-856.1E-3
-124.0E-3,-856.1E-3
-123.0E-3,-856.0E-3
-122.0E-3,-856.0E-3
-121.0E-3,-856.0E-3
-120.0E-3,-856.0E-3
-119.0E-3,-855.9E-3
-118.0E-3,-855.9E-3
-117.0E-3,-855.9E-3
-116.0E-3,-855.9E-3
-115.0E-3,-855.8E-3
-114.0E-3,-855.8E-3
-113.0E-3,-855.8E-3
-112.0E-3,-855.7E-3
-111.0E-3,-855.7E-3
-110.0E-3,-855.7E-3
-109.0E-3,-855.7E-3
-108.0E-3,-855.6E-3
-107.0E-3,-855.6E-3
-106.0E-3,-855.6E-3
-105.0E-3,-855.5E-3
-104.0E-3,-855.5E-3
-103.0E-3,-855.5E-3
-102.0E-3,-855.4E-3
-101.0E-3,-855.4E-3
-100.0E-3,-855.4E-3
-99.00E-3,-855.3E-3
-98.00E-3,-855.3E-3
-97.00E-3,-855.3E-3
-96.00E-3,-855.2E-3
-95.00E-3,-855.2E-3
-94.00E-3,-855.2E-3
-93.00E-3,-855.1E-3
-92.00E-3,-855.1E-3
-91.00E-3,-855.1E-3
-90.00E-3,-855.0E-3
-89.00E-3,-855.0E-3
-88.00E-3,-854.9E-3
-87.00E-3,-854.9E-3
-86.00E-3,-854.9E-3
-85.00E-3,-854.8E-3
-84.00E-3,-854.8E-3
-83.00E-3,-854.7E-3
-82.00E-3,-854.7E-3
-81.00E-3,-854.7E-3
-80.00E-3,-854.6E-3
-79.00E-3,-854.6E-3
-78.00E-3,-854.5E-3
-77.00E-3,-854.5E-3
-76.00E-3,-854.4E-3
-75.00E-3,-854.4E-3
-74.00E-3,-854.4E-3
-73.00E-3,-854.3E-3
-72.00E-3,-854.3E-3
-71.00E-3,-854.2E-3
-70.00E-3,-854.2E-3
-69.00E-3,-854.1E-3
-68.00E-3,-854.1E-3
-67.00E-3,-854.0E-3
-66.00E-3,-854.0E-3
-65.00E-3,-853.9E-3
-64.00E-3,-853.9E-3
-63.00E-3,-853.8E-3
-62.00E-3,-853.8E-3
-61.00E-3,-853.7E-3
-60.00E-3,-853.6E-3
-59.00E-3,-853.6E-3
-58.00E-3,-853.5E-3
-57.00E-3,-853.5E-3
-56.00E-3,-853.4E-3
-55.00E-3,-853.4E-3
-54.00E-3,-853.3E-3
-53.00E-3,-853.2E-3
-52.00E-3,-853.2E-3
-51.00E-3,-853.1E-3
-50.00E-3,-853.1E-3
-49.00E-3,-853.0E-3
-48.00E-3,-852.9E-3
-47.00E-3,-852.9E-3
-46.00E-3,-852.8E-3
-45.00E-3,-852.7E-3
-44.00E-3,-852.7E-3
-43.00E-3,-852.6E-3
-42.00E-3,-852.5E-3
-41.00E-3,-852.5E-3
-40.00E-3,-852.4E-3
-39.00E-3,-852.3E-3
-38.00E-3,-852.3E-3
-37.00E-3,-852.2E-3
-36.00E-3,-852.1E-3
-35.00E-3,-852.1E-3
-34.00E-3,-852.0E-3
-33.00E-3,-851.9E-3
-32.00E-3,-851.8E-3
-31.00E-3,-851.8E-3
-30.00E-3,-851.7E-3
-29.00E-3,-851.6E-3
-28.00E-3,-851.5E-3
-27.00E-3,-851.4E-3
-26.00E-3,-851.4E-3
-25.00E-3,-851.3E-3
-24.00E-3,-851.2E-3
-23.00E-3,-851.1E-3
-22.00E-3,-851.0E-3
-21.00E-3,-851.0E-3
-20.00E-3,-850.9E-3
-19.00E-3,-850.8E-3
-18.00E-3,-850.7E-3
-17.00E-3,-850.6E-3
-16.00E-3,-850.5E-3
-15.00E-3,-850.4E-3
-14.00E-3,-850.3E-3
-13.00E-3,-850.2E-3
-12.00E-3,-850.2E-3
-11.00E-3,-850.1E-3
-10.00E-3,-850.0E-3
-9.000E-3,-849.9E-3
-8.000E-3,-849.8E-3
-7.000E-3,-849.7E-3
-6.000E-3,-849.6E-3
-5.000E-3,-849.5E-3
-4.000E-3,-849.4E-3
-3.000E-3,-849.3E-3
-2.000E-3,-849.2E-3
-1.000E-3,-849.1E-3
-109.3E-15,-849.0E-3
1.000E-3,-848.8E-3
2.000E-3,-848.7E-3
3.000E-3,-848.6E-3
4.000E-3,-848.5E-3
5.000E-3,-848.4E-3
6.000E-3,-848.3E-3
7.000E-3,-848.2E-3
8.000E-3,-848.1E-3
9.000E-3,-847.9E-3
10.00E-3,-847.8E-3
11.00E-3,-847.7E-3
12.00E-3,-847.6E-3
13.00E-3,-847.5E-3
14.00E-3,-847.3E-3
15.00E-3,-847.2E-3
16.00E-3,-847.1E-3
17.00E-3,-847.0E-3
18.00E-3,-846.8E-3
19.00E-3,-846.7E-3
20.00E-3,-846.6E-3
21.00E-3,-846.4E-3
22.00E-3,-846.3E-3
23.00E-3,-846.1E-3
24.00E-3,-846.0E-3
25.00E-3,-845.9E-3
26.00E-3,-845.7E-3
27.00E-3,-845.6E-3
28.00E-3,-845.4E-3
29.00E-3,-845.3E-3
30.00E-3,-845.1E-3
31.00E-3,-845.0E-3
32.00E-3,-844.8E-3
33.00E-3,-844.7E-3
34.00E-3,-844.5E-3
35.00E-3,-844.3E-3
36.00E-3,-844.2E-3
37.00E-3,-844.0E-3
38.00E-3,-843.8E-3
39.00E-3,-843.7E-3
40.00E-3,-843.5E-3
41.00E-3,-843.3E-3
42.00E-3,-843.2E-3
43.00E-3,-843.0E-3
44.00E-3,-842.8E-3
45.00E-3,-842.6E-3
46.00E-3,-842.4E-3
47.00E-3,-842.2E-3
48.00E-3,-842.0E-3
49.00E-3,-841.9E-3
50.00E-3,-841.7E-3
51.00E-3,-841.5E-3
52.00E-3,-841.3E-3
53.00E-3,-841.0E-3
54.00E-3,-840.8E-3
55.00E-3,-840.6E-3
56.00E-3,-840.4E-3
57.00E-3,-840.2E-3
58.00E-3,-840.0E-3
59.00E-3,-839.7E-3
60.00E-3,-839.5E-3
61.00E-3,-839.3E-3
62.00E-3,-839.0E-3
63.00E-3,-838.8E-3
64.00E-3,-838.5E-3
65.00E-3,-838.3E-3
66.00E-3,-838.0E-3
67.00E-3,-837.8E-3
68.00E-3,-837.5E-3
69.00E-3,-837.3E-3
70.00E-3,-837.0E-3
71.00E-3,-836.7E-3
72.00E-3,-836.4E-3
73.00E-3,-836.1E-3
74.00E-3,-835.8E-3
75.00E-3,-835.5E-3
76.00E-3,-835.2E-3
77.00E-3,-834.9E-3
78.00E-3,-834.6E-3
79.00E-3,-834.3E-3
80.00E-3,-834.0E-3
81.00E-3,-833.6E-3
82.00E-3,-833.3E-3
83.00E-3,-832.9E-3
84.00E-3,-832.6E-3
85.00E-3,-832.2E-3
86.00E-3,-831.8E-3
87.00E-3,-831.4E-3
88.00E-3,-831.0E-3
89.00E-3,-830.6E-3
90.00E-3,-830.2E-3
91.00E-3,-829.8E-3
92.00E-3,-829.3E-3
93.00E-3,-828.9E-3
94.00E-3,-828.4E-3
95.00E-3,-828.0E-3
96.00E-3,-827.5E-3
97.00E-3,-827.0E-3
98.00E-3,-826.5E-3
99.00E-3,-825.9E-3
100.0E-3,-825.4E-3
101.0E-3,-824.8E-3
102.0E-3,-824.3E-3
103.0E-3,-823.7E-3
104.0E-3,-823.1E-3
105.0E-3,-822.4E-3
106.0E-3,-821.8E-3
107.0E-3,-821.1E-3
108.0E-3,-820.4E-3
109.0E-3,-819.7E-3
110.0E-3,-818.9E-3
111.0E-3,-818.1E-3
112.0E-3,-817.3E-3
113.0E-3,-816.5E-3
114.0E-3,-815.6E-3
115.0E-3,-814.6E-3
116.0E-3,-813.7E-3
117.0E-3,-812.7E-3
118.0E-3,-811.6E-3
119.0E-3,-810.5E-3
120.0E-3,-809.4E-3
121.0E-3,-808.1E-3
122.0E-3,-806.9E-3
123.0E-3,-805.5E-3
124.0E-3,-804.1E-3
125.0E-3,-802.6E-3
126.0E-3,-801.0E-3
127.0E-3,-799.3E-3
128.0E-3,-797.5E-3
129.0E-3,-795.6E-3
130.0E-3,-793.6E-3
131.0E-3,-791.4E-3
132.0E-3,-789.1E-3
133.0E-3,-786.6E-3
134.0E-3,-783.9E-3
135.0E-3,-781.1E-3
136.0E-3,-778.0E-3
137.0E-3,-774.6E-3
138.0E-3,-771.0E-3
139.0E-3,-767.1E-3
140.0E-3,-762.9E-3
141.0E-3,-758.3E-3
142.0E-3,-753.4E-3
143.0E-3,-748.0E-3
144.0E-3,-742.2E-3
145.0E-3,-735.9E-3
146.0E-3,-729.0E-3
147.0E-3,-721.6E-3
148.0E-3,-713.7E-3
149.0E-3,-705.1E-3
150.0E-3,-696.0E-3
151.0E-3,-686.2E-3
152.0E-3,-675.9E-3
153.0E-3,-665.1E-3
154.0E-3,-653.9E-3
155.0E-3,-642.3E-3
156.0E-3,-630.5E-3
157.0E-3,-618.5E-3
158.0E-3,-606.4E-3
159.0E-3,-594.3E-3
160.0E-3,-582.2E-3
161.0E-3,-570.4E-3
162.0E-3,-558.6E-3
163.0E-3,-547.1E-3
164.0E-3,-535.8E-3
165.0E-3,-524.7E-3
166.0E-3,-513.8E-3
167.0E-3,-503.2E-3
168.0E-3,-492.8E-3
169.0E-3,-482.7E-3
170.0E-3,-472.7E-3
171.0E-3,-463.0E-3
172.0E-3,-453.5E-3
173.0E-3,-444.2E-3
174.0E-3,-435.1E-3
175.0E-3,-426.1E-3
176.0E-3,-417.3E-3
177.0E-3,-408.7E-3
178.0E-3,-400.3E-3
179.0E-3,-391.9E-3
180.0E-3,-383.8E-3
181.0E-3,-375.7E-3
182.0E-3,-367.8E-3
183.0E-3,-360.0E-3
184.0E-3,-352.3E-3
185.0E-3,-344.7E-3
186.0E-3,-337.1E-3
187.0E-3,-329.7E-3
188.0E-3,-322.4E-3
189.0E-3,-315.1E-3
190.0E-3,-307.9E-3
191.0E-3,-300.8E-3
192.0E-3,-293.7E-3
193.0E-3,-286.7E-3
194.0E-3,-279.7E-3
195.0E-3,-272.7E-3
196.0E-3,-265.7E-3
197.0E-3,-258.7E-3
198.0E-3,-251.7E-3
199.0E-3,-244.7E-3
200.0E-3,-237.6E-3
201.0E-3,-230.3E-3
202.0E-3,-223.0E-3
203.0E-3,-215.4E-3
204.0E-3,-207.5E-3
205.0E-3,-199.2E-3
206.0E-3,-190.4E-3
207.0E-3,-180.8E-3
208.0E-3,-170.1E-3
209.0E-3,-157.9E-3
210.0E-3,-143.9E-3
211.0E-3,-128.0E-3
212.0E-3,-110.5E-3
213.0E-3,-92.19E-3
214.0E-3,-73.53E-3
215.0E-3,-54.85E-3
216.0E-3,-36.30E-3
217.0E-3,-17.94E-3
218.0E-3,207.0E-6
219.0E-3,16.06E-3
220.0E-3,28.91E-3
221.0E-3,41.51E-3
222.0E-3,53.85E-3
223.0E-3,65.94E-3
224.0E-3,77.80E-3
225.0E-3,89.41E-3
226.0E-3,100.8E-3
227.0E-3,111.9E-3
228.0E-3,122.9E-3
229.0E-3,133.6E-3
230.0E-3,144.1E-3
231.0E-3,154.4E-3
232.0E-3,164.4E-3
233.0E-3,174.3E-3
234.0E-3,184.0E-3
235.0E-3,193.5E-3
236.0E-3,202.8E-3
237.0E-3,211.9E-3
238.0E-3,220.9E-3
239.0E-3,229.6E-3
240.0E-3,238.2E-3
241.0E-3,246.6E-3
242.0E-3,254.9E-3
243.0E-3,263.0E-3
244.0E-3,270.9E-3
245.0E-3,278.7E-3
246.0E-3,286.4E-3
247.0E-3,293.9E-3
248.0E-3,301.2E-3
249.0E-3,308.4E-3
250.0E-3,315.5E-3
251.0E-3,322.4E-3
252.0E-3,329.2E-3
253.0E-3,335.9E-3
254.0E-3,342.5E-3
255.0E-3,348.9E-3
256.0E-3,355.3E-3
257.0E-3,361.5E-3
258.0E-3,367.6E-3
259.0E-3,373.6E-3
260.0E-3,379.5E-3
261.0E-3,385.3E-3
262.0E-3,390.9E-3
263.0E-3,396.5E-3
264.0E-3,402.0E-3
265.0E-3,407.4E-3
266.0E-3,412.7E-3
267.0E-3,417.9E-3
268.0E-3,423.0E-3
269.0E-3,428.1E-3
270.0E-3,433.0E-3
271.0E-3,437.9E-3
272.0E-3,442.7E-3
273.0E-3,447.4E-3
274.0E-3,452.1E-3
275.0E-3,456.7E-3
276.0E-3,461.2E-3
277.0E-3,465.6E-3
278.0E-3,469.9E-3
279.0E-3,474.2E-3
280.0E-3,478.5E-3
281.0E-3,482.6E-3
282.0E-3,486.7E-3
283.0E-3,490.8E-3
284.0E-3,494.8E-3
285.0E-3,498.7E-3
286.0E-3,502.6E-3
287.0E-3,506.4E-3
288.0E-3,510.1E-3
289.0E-3,513.8E-3
290.0E-3,517.5E-3
291.0E-3,521.1E-3
292.0E-3,524.7E-3
293.0E-3,528.2E-3
294.0E-3,531.6E-3
295.0E-3,535.0E-3
296.0E-3,538.4E-3
297.0E-3,541.7E-3
298.0E-3,545.0E-3
299.0E-3,548.2E-3
300.0E-3,551.4E-3
301.0E-3,554.6E-3
302.0E-3,557.7E-3
303.0E-3,560.8E-3
304.0E-3,563.8E-3
305.0E-3,566.8E-3
306.0E-3,569.8E-3
307.0E-3,572.7E-3
308.0E-3,575.6E-3
309.0E-3,578.5E-3
310.0E-3,581.3E-3
311.0E-3,584.1E-3
312.0E-3,586.9E-3
313.0E-3,589.6E-3
314.0E-3,592.3E-3
315.0E-3,595.0E-3
316.0E-3,597.6E-3
317.0E-3,600.2E-3
318.0E-3,602.8E-3
319.0E-3,605.4E-3
320.0E-3,607.9E-3
321.0E-3,610.4E-3
322.0E-3,612.9E-3
323.0E-3,615.3E-3
324.0E-3,617.7E-3
325.0E-3,620.1E-3
326.0E-3,622.5E-3
327.0E-3,624.9E-3
328.0E-3,627.2E-3
329.0E-3,629.5E-3
330.0E-3,631.8E-3
331.0E-3,634.0E-3
332.0E-3,636.3E-3
333.0E-3,638.5E-3
334.0E-3,640.7E-3
335.0E-3,642.8E-3
336.0E-3,645.0E-3
337.0E-3,647.1E-3
338.0E-3,649.2E-3
339.0E-3,651.3E-3
340.0E-3,653.4E-3
341.0E-3,655.4E-3
342.0E-3,657.5E-3
343.0E-3,659.5E-3
344.0E-3,661.5E-3
345.0E-3,663.5E-3
346.0E-3,665.4E-3
347.0E-3,667.4E-3
348.0E-3,669.3E-3
349.0E-3,671.2E-3
350.0E-3,673.1E-3
351.0E-3,675.0E-3
352.0E-3,676.9E-3
353.0E-3,678.7E-3
354.0E-3,680.5E-3
355.0E-3,682.4E-3
356.0E-3,684.2E-3
357.0E-3,686.0E-3
358.0E-3,687.7E-3
359.0E-3,689.5E-3
360.0E-3,691.3E-3
361.0E-3,693.0E-3
362.0E-3,694.7E-3
363.0E-3,696.4E-3
364.0E-3,698.1E-3
365.0E-3,699.8E-3
366.0E-3,701.5E-3
367.0E-3,703.1E-3
368.0E-3,704.8E-3
369.0E-3,706.4E-3
370.0E-3,708.0E-3
371.0E-3,709.6E-3
372.0E-3,711.2E-3
373.0E-3,712.8E-3
374.0E-3,714.4E-3
375.0E-3,716.0E-3
376.0E-3,717.5E-3
377.0E-3,719.1E-3
378.0E-3,720.6E-3
379.0E-3,722.1E-3
380.0E-3,723.6E-3
381.0E-3,725.1E-3
382.0E-3,726.6E-3
383.0E-3,728.1E-3
384.0E-3,729.6E-3
385.0E-3,731.1E-3
386.0E-3,732.5E-3
387.0E-3,733.9E-3
388.0E-3,735.4E-3
389.0E-3,736.8E-3
390.0E-3,738.2E-3
391.0E-3,739.6E-3
392.0E-3,741.0E-3
393.0E-3,742.4E-3
394.0E-3,743.8E-3
395.0E-3,745.2E-3
396.0E-3,746.5E-3
397.0E-3,747.9E-3
398.0E-3,749.2E-3
399.0E-3,750.6E-3
400.0E-3,751.9E-3
401.0E-3,753.2E-3
402.0E-3,754.6E-3
403.0E-3,755.9E-3
404.0E-3,757.2E-3
405.0E-3,758.5E-3
406.0E-3,759.8E-3
407.0E-3,761.0E-3
408.0E-3,762.3E-3
409.0E-3,763.6E-3
410.0E-3,764.8E-3
411.0E-3,766.1E-3
412.0E-3,767.3E-3
413.0E-3,768.6E-3
414.0E-3,769.8E-3
415.0E-3,771.0E-3
416.0E-3,772.2E-3
417.0E-3,773.5E-3
418.0E-3,774.7E-3
419.0E-3,775.9E-3
420.0E-3,777.0E-3
421.0E-3,778.2E-3
422.0E-3,779.4E-3
423.0E-3,780.6E-3
424.0E-3,781.8E-3
425.0E-3,782.9E-3
426.0E-3,784.1E-3
427.0E-3,785.2E-3
428.0E-3,786.4E-3
429.0E-3,787.5E-3
430.0E-3,788.6E-3
431.0E-3,789.8E-3
432.0E-3,790.9E-3
433.0E-3,792.0E-3
434.0E-3,793.1E-3
435.0E-3,794.2E-3
436.0E-3,795.3E-3
437.0E-3,796.4E-3
438.0E-3,797.5E-3
439.0E-3,798.6E-3
440.0E-3,799.7E-3
441.0E-3,800.8E-3
442.0E-3,801.8E-3
443.0E-3,802.9E-3
444.0E-3,804.0E-3
445.0E-3,805.0E-3
446.0E-3,806.1E-3
447.0E-3,807.1E-3
448.0E-3,808.2E-3
449.0E-3,809.2E-3
450.0E-3,810.2E-3
451.0E-3,811.3E-3
452.0E-3,812.3E-3
453.0E-3,813.3E-3
454.0E-3,814.3E-3
455.0E-3,815.3E-3
456.0E-3,816.3E-3
457.0E-3,817.3E-3
458.0E-3,818.3E-3
459.0E-3,819.3E-3
460.0E-3,820.3E-3
461.0E-3,821.3E-3
462.0E-3,822.3E-3
463.0E-3,823.3E-3
464.0E-3,824.2E-3
465.0E-3,825.2E-3
466.0E-3,826.2E-3
467.0E-3,827.1E-3
468.0E-3,828.1E-3
469.0E-3,829.1E-3
470.0E-3,830.0E-3
471.0E-3,830.9E-3
472.0E-3,831.9E-3
473.0E-3,832.8E-3
474.0E-3,833.8E-3
475.0E-3,834.7E-3
476.0E-3,835.6E-3
477.0E-3,836.6E-3
478.0E-3,837.5E-3
479.0E-3,838.4E-3
480.0E-3,839.3E-3
481.0E-3,840.2E-3
482.0E-3,841.1E-3
483.0E-3,842.0E-3
484.0E-3,842.9E-3
485.0E-3,843.8E-3
486.0E-3,844.7E-3
487.0E-3,845.6E-3
488.0E-3,846.5E-3
489.0E-3,847.4E-3
490.0E-3,848.3E-3
491.0E-3,849.2E-3
492.0E-3,850.0E-3
493.0E-3,850.9E-3
494.0E-3,851.8E-3
495.0E-3,852.6E-3
496.0E-3,853.5E-3
497.0E-3,854.4E-3
498.0E-3,855.2E-3
499.0E-3,856.1E-3
500.0E-3,856.9E-3
501.0E-3,857.8E-3
502.0E-3,858.6E-3
503.0E-3,859.5E-3
504.0E-3,860.3E-3
505.0E-3,861.1E-3
506.0E-3,862.0E-3
507.0E-3,862.8E-3
508.0E-3,863.6E-3
509.0E-3,864.5E-3
510.0E-3,865.3E-3
511.0E-3,866.1E-3
512.0E-3,866.9E-3
513.0E-3,867.8E-3
514.0E-3,868.6E-3
515.0E-3,869.4E-3
516.0E-3,870.2E-3
517.0E-3,871.0E-3
518.0E-3,871.8E-3
519.0E-3,872.6E-3
520.0E-3,873.4E-3
521.0E-3,874.2E-3
522.0E-3,875.0E-3
523.0E-3,875.8E-3
524.0E-3,876.6E-3
525.0E-3,877.3E-3
526.0E-3,878.1E-3
527.0E-3,878.9E-3
528.0E-3,879.7E-3
529.0E-3,880.5E-3
530.0E-3,881.2E-3
531.0E-3,882.0E-3
532.0E-3,882.8E-3
533.0E-3,883.5E-3
534.0E-3,884.3E-3
535.0E-3,885.1E-3
536.0E-3,885.8E-3
537.0E-3,886.6E-3
538.0E-3,887.3E-3
539.0E-3,888.1E-3
540.0E-3,888.9E-3
541.0E-3,889.6E-3
542.0E-3,890.4E-3
543.0E-3,891.1E-3
544.0E-3,891.8E-3
545.0E-3,892.6E-3
546.0E-3,893.3E-3
547.0E-3,894.1E-3
548.0E-3,894.8E-3
549.0E-3,895.5E-3
550.0E-3,896.3E-3
551.0E-3,897.0E-3
552.0E-3,897.7E-3
553.0E-3,898.4E-3
554.0E-3,899.2E-3
555.0E-3,899.9E-3
556.0E-3,900.6E-3
557.0E-3,901.3E-3
558.0E-3,902.0E-3
559.0E-3,902.7E-3
560.0E-3,903.4E-3
561.0E-3,904.2E-3
562.0E-3,904.9E-3
563.0E-3,905.6E-3
564.0E-3,906.3E-3
565.0E-3,907.0E-3
566.0E-3,907.7E-3
567.0E-3,908.4E-3
568.0E-3,909.1E-3
569.0E-3,909.8E-3
570.0E-3,910.5E-3
571.0E-3,911.1E-3
572.0E-3,911.8E-3
573.0E-3,912.5E-3
574.0E-3,913.2E-3
575.0E-3,913.9E-3
576.0E-3,914.6E-3
577.0E-3,915.2E-3
578.0E-3,915.9E-3
579.0E-3,916.6E-3
580.0E-3,917.3E-3
581.0E-3,918.0E-3
582.0E-3,918.6E-3
583.0E-3,919.3E-3
584.0E-3,920.0E-3
585.0E-3,920.6E-3
586.0E-3,921.3E-3
587.0E-3,922.0E-3
588.0E-3,922.6E-3
589.0E-3,923.3E-3
590.0E-3,923.9E-3
591.0E-3,924.6E-3
592.0E-3,925.2E-3
593.0E-3,925.9E-3
594.0E-3,926.5E-3
595.0E-3,927.2E-3
596.0E-3,928.0E-3
597.0E-3,928.7E-3
598.0E-3,929.4E-3
599.0E-3,930.0E-3
600.0E-3,930.7E-3
601.0E-3,931.3E-3
602.0E-3,931.9E-3
603.0E-3,932.5E-3
604.0E-3,933.2E-3
605.0E-3,933.8E-3
606.0E-3,934.4E-3
607.0E-3,935.0E-3
608.0E-3,935.6E-3
609.0E-3,936.1E-3
610.0E-3,936.7E-3
611.0E-3,937.3E-3
612.0E-3,937.8E-3
613.0E-3,938.4E-3
614.0E-3,938.9E-3
615.0E-3,939.5E-3
616.0E-3,940.0E-3
617.0E-3,940.6E-3
618.0E-3,941.1E-3
619.0E-3,941.6E-3
620.0E-3,942.1E-3
621.0E-3,942.6E-3
622.0E-3,943.1E-3
623.0E-3,943.6E-3
624.0E-3,944.1E-3
625.0E-3,944.6E-3
626.0E-3,945.1E-3
627.0E-3,945.6E-3
628.0E-3,946.1E-3
629.0E-3,946.5E-3
630.0E-3,947.0E-3
631.0E-3,947.4E-3
632.0E-3,947.9E-3
633.0E-3,948.3E-3
634.0E-3,948.8E-3
635.0E-3,949.2E-3
636.0E-3,949.7E-3
637.0E-3,950.1E-3
638.0E-3,950.5E-3
639.0E-3,950.9E-3
640.0E-3,951.3E-3
641.0E-3,951.8E-3
642.0E-3,952.2E-3
643.0E-3,952.6E-3
644.0E-3,953.0E-3
645.0E-3,953.4E-3
646.0E-3,953.8E-3
647.0E-3,954.1E-3
648.0E-3,954.5E-3
649.0E-3,954.9E-3
650.0E-3,955.3E-3
651.0E-3,955.7E-3
652.0E-3,956.0E-3
653.0E-3,956.4E-3
654.0E-3,956.7E-3
655.0E-3,957.1E-3
656.0E-3,957.5E-3
657.0E-3,957.8E-3
658.0E-3,958.1E-3
659.0E-3,958.5E-3
660.0E-3,958.8E-3
661.0E-3,959.2E-3
662.0E-3,959.5E-3
663.0E-3,959.8E-3
664.0E-3,960.1E-3
665.0E-3,960.5E-3
666.0E-3,960.8E-3
667.0E-3,961.1E-3
668.0E-3,961.4E-3
669.0E-3,961.7E-3
670.0E-3,962.0E-3
671.0E-3,962.3E-3
672.0E-3,962.6E-3
673.0E-3,962.9E-3
674.0E-3,963.2E-3
675.0E-3,963.5E-3
676.0E-3,963.8E-3
677.0E-3,964.1E-3
678.0E-3,964.4E-3
679.0E-3,964.6E-3
680.0E-3,964.9E-3
681.0E-3,965.2E-3
682.0E-3,965.5E-3
683.0E-3,965.7E-3
684.0E-3,966.0E-3
685.0E-3,966.3E-3
686.0E-3,966.5E-3
687.0E-3,966.8E-3
688.0E-3,967.0E-3
689.0E-3,967.3E-3
690.0E-3,967.6E-3
691.0E-3,967.8E-3
692.0E-3,968.0E-3
693.0E-3,968.3E-3
694.0E-3,968.5E-3
695.0E-3,968.8E-3
696.0E-3,969.0E-3
697.0E-3,969.2E-3
698.0E-3,969.5E-3
699.0E-3,969.7E-3
700.0E-3,969.9E-3
701.0E-3,970.2E-3
702.0E-3,970.4E-3
703.0E-3,970.6E-3
704.0E-3,970.8E-3
705.0E-3,971.0E-3
706.0E-3,971.3E-3
707.0E-3,971.5E-3
708.0E-3,971.7E-3
709.0E-3,971.9E-3
710.0E-3,972.1E-3
711.0E-3,972.3E-3
712.0E-3,972.5E-3
713.0E-3,972.7E-3
714.0E-3,972.9E-3
715.0E-3,973.1E-3
716.0E-3,973.3E-3
717.0E-3,973.5E-3
718.0E-3,973.7E-3
719.0E-3,973.9E-3
720.0E-3,974.1E-3
721.0E-3,974.3E-3
722.0E-3,974.5E-3
723.0E-3,974.6E-3
724.0E-3,974.8E-3
725.0E-3,975.0E-3
726.0E-3,975.2E-3
727.0E-3,975.4E-3
728.0E-3,975.5E-3
729.0E-3,975.7E-3
730.0E-3,975.9E-3
731.0E-3,976.1E-3
732.0E-3,976.2E-3
733.0E-3,976.4E-3
734.0E-3,976.6E-3
735.0E-3,976.7E-3
736.0E-3,976.9E-3
737.0E-3,977.1E-3
738.0E-3,977.2E-3
739.0E-3,977.4E-3
740.0E-3,977.5E-3
741.0E-3,977.7E-3
742.0E-3,977.8E-3
743.0E-3,978.0E-3
744.0E-3,978.1E-3
745.0E-3,978.3E-3
746.0E-3,978.4E-3
747.0E-3,978.6E-3
748.0E-3,978.7E-3
749.0E-3,978.9E-3
750.0E-3,979.0E-3
751.0E-3,979.2E-3
752.0E-3,979.3E-3
753.0E-3,979.5E-3
754.0E-3,979.6E-3
755.0E-3,979.7E-3
756.0E-3,979.9E-3
757.0E-3,980.0E-3
758.0E-3,980.1E-3
759.0E-3,980.3E-3
760.0E-3,980.4E-3
761.0E-3,980.5E-3
762.0E-3,980.7E-3
763.0E-3,980.8E-3
764.0E-3,980.9E-3
765.0E-3,981.1E-3
766.0E-3,981.2E-3
767.0E-3,981.3E-3
768.0E-3,981.4E-3
769.0E-3,981.6E-3
770.0E-3,981.7E-3
771.0E-3,981.8E-3
772.0E-3,981.9E-3
773.0E-3,982.0E-3
774.0E-3,982.2E-3
775.0E-3,982.3E-3
776.0E-3,982.4E-3
777.0E-3,982.5E-3
778.0E-3,982.6E-3
779.0E-3,982.7E-3
780.0E-3,982.8E-3
781.0E-3,983.0E-3
782.0E-3,983.1E-3
783.0E-3,983.2E-3
784.0E-3,983.3E-3
785.0E-3,983.4E-3
786.0E-3,983.5E-3
787.0E-3,983.6E-3
788.0E-3,983.7E-3
789.0E-3,983.8E-3
790.0E-3,983.9E-3
791.0E-3,984.0E-3
792.0E-3,984.1E-3
793.0E-3,984.2E-3
794.0E-3,984.3E-3
795.0E-3,984.4E-3
796.0E-3,984.5E-3
797.0E-3,984.6E-3
798.0E-3,984.7E-3
799.0E-3,984.8E-3
800.0E-3,984.9E-3
801.0E-3,985.0E-3
802.0E-3,985.1E-3
803.0E-3,985.2E-3
804.0E-3,985.3E-3
805.0E-3,985.4E-3
806.0E-3,985.5E-3
807.0E-3,985.6E-3
808.0E-3,985.6E-3
809.0E-3,985.7E-3
810.0E-3,985.8E-3
811.0E-3,985.9E-3
812.0E-3,986.0E-3
813.0E-3,986.1E-3
814.0E-3,986.2E-3
815.0E-3,986.2E-3
816.0E-3,986.3E-3
817.0E-3,986.4E-3
818.0E-3,986.5E-3
819.0E-3,986.6E-3
820.0E-3,986.7E-3
821.0E-3,986.7E-3
822.0E-3,986.8E-3
823.0E-3,986.9E-3
824.0E-3,987.0E-3
825.0E-3,987.1E-3
826.0E-3,987.1E-3
827.0E-3,987.2E-3
828.0E-3,987.3E-3
829.0E-3,987.4E-3
830.0E-3,987.4E-3
831.0E-3,987.5E-3
832.0E-3,987.6E-3
833.0E-3,987.7E-3
834.0E-3,987.7E-3
835.0E-3,987.8E-3
836.0E-3,987.9E-3
837.0E-3,987.9E-3
838.0E-3,988.0E-3
839.0E-3,988.1E-3
840.0E-3,988.2E-3
841.0E-3,988.2E-3
842.0E-3,988.3E-3
843.0E-3,988.4E-3
844.0E-3,988.4E-3
845.0E-3,988.5E-3
846.0E-3,988.6E-3
847.0E-3,988.6E-3
848.0E-3,988.7E-3
849.0E-3,988.8E-3
850.0E-3,988.8E-3
851.0E-3,988.9E-3
852.0E-3,989.0E-3
853.0E-3,989.0E-3
854.0E-3,989.1E-3
855.0E-3,989.1E-3
856.0E-3,989.2E-3
857.0E-3,989.3E-3
858.0E-3,989.3E-3
859.0E-3,989.4E-3
860.0E-3,989.4E-3
861.0E-3,989.5E-3
862.0E-3,989.6E-3
863.0E-3,989.6E-3
864.0E-3,989.7E-3
865.0E-3,989.7E-3
866.0E-3,989.8E-3
867.0E-3,989.8E-3
868.0E-3,989.9E-3
869.0E-3,990.0E-3
870.0E-3,990.0E-3
871.0E-3,990.1E-3
872.0E-3,990.1E-3
873.0E-3,990.2E-3
874.0E-3,990.2E-3
875.0E-3,990.3E-3
876.0E-3,990.3E-3
877.0E-3,990.4E-3
878.0E-3,990.4E-3
879.0E-3,990.5E-3
880.0E-3,990.6E-3
881.0E-3,990.6E-3
882.0E-3,990.7E-3
883.0E-3,990.7E-3
884.0E-3,990.8E-3
885.0E-3,990.8E-3
886.0E-3,990.9E-3
887.0E-3,990.9E-3
888.0E-3,991.0E-3
889.0E-3,991.0E-3
890.0E-3,991.1E-3
891.0E-3,991.1E-3
892.0E-3,991.1E-3
893.0E-3,991.2E-3
894.0E-3,991.2E-3
895.0E-3,991.3E-3
896.0E-3,991.3E-3
897.0E-3,991.4E-3
898.0E-3,991.4E-3
899.0E-3,991.5E-3
900.0E-3,991.5E-3
901.0E-3,991.6E-3
902.0E-3,991.6E-3
903.0E-3,991.6E-3
904.0E-3,991.7E-3
905.0E-3,991.7E-3
906.0E-3,991.8E-3
907.0E-3,991.8E-3
908.0E-3,991.9E-3
909.0E-3,991.9E-3
910.0E-3,991.9E-3
911.0E-3,992.0E-3
912.0E-3,992.0E-3
913.0E-3,992.1E-3
914.0E-3,992.1E-3
915.0E-3,992.2E-3
916.0E-3,992.2E-3
917.0E-3,992.2E-3
918.0E-3,992.3E-3
919.0E-3,992.3E-3
920.0E-3,992.4E-3
921.0E-3,992.4E-3
922.0E-3,992.4E-3
923.0E-3,992.5E-3
924.0E-3,992.5E-3
925.0E-3,992.5E-3
926.0E-3,992.6E-3
927.0E-3,992.6E-3
928.0E-3,992.7E-3
929.0E-3,992.7E-3
930.0E-3,992.7E-3
931.0E-3,992.8E-3
932.0E-3,992.8E-3
933.0E-3,992.8E-3
934.0E-3,992.9E-3
935.0E-3,992.9E-3
936.0E-3,992.9E-3
937.0E-3,993.0E-3
938.0E-3,993.0E-3
939.0E-3,993.1E-3
940.0E-3,993.1E-3
941.0E-3,993.1E-3
942.0E-3,993.2E-3
943.0E-3,993.2E-3
944.0E-3,993.2E-3
945.0E-3,993.3E-3
946.0E-3,993.3E-3
947.0E-3,993.3E-3
948.0E-3,993.4E-3
949.0E-3,993.4E-3
950.0E-3,993.4E-3
951.0E-3,993.4E-3
952.0E-3,993.5E-3
953.0E-3,993.5E-3
954.0E-3,993.5E-3
955.0E-3,993.6E-3
956.0E-3,993.6E-3
957.0E-3,993.6E-3
958.0E-3,993.7E-3
959.0E-3,993.7E-3
960.0E-3,993.7E-3
961.0E-3,993.8E-3
962.0E-3,993.8E-3
963.0E-3,993.8E-3
964.0E-3,993.8E-3
965.0E-3,993.9E-3
966.0E-3,993.9E-3
967.0E-3,993.9E-3
968.0E-3,994.0E-3
969.0E-3,994.0E-3
970.0E-3,994.0E-3
971.0E-3,994.0E-3
972.0E-3,994.1E-3
973.0E-3,994.1E-3
974.0E-3,994.1E-3
975.0E-3,994.2E-3
976.0E-3,994.2E-3
977.0E-3,994.2E-3
978.0E-3,994.2E-3
979.0E-3,994.3E-3
980.0E-3,994.3E-3
981.0E-3,994.3E-3
982.0E-3,994.3E-3
983.0E-3,994.4E-3
984.0E-3,994.4E-3
985.0E-3,994.4E-3
986.0E-3,994.4E-3
987.0E-3,994.5E-3
988.0E-3,994.5E-3
989.0E-3,994.5E-3
990.0E-3,994.5E-3
991.0E-3,994.6E-3
992.0E-3,994.6E-3
993.0E-3,994.6E-3
994.0E-3,994.6E-3
995.0E-3,994.7E-3
996.0E-3,994.7E-3
997.0E-3,994.7E-3
998.0E-3,994.7E-3
999.0E-3,994.8E-3
1.000,994.8E-3
1.001,994.8E-3
1.002,994.8E-3
1.003,994.9E-3
1.004,994.9E-3
1.005,994.9E-3
1.006,994.9E-3
1.007,995.0E-3
1.008,995.0E-3
1.009,995.0E-3
1.010,995.0E-3
1.011,995.0E-3
1.012,995.1E-3
1.013,995.1E-3
1.014,995.1E-3
1.015,995.1E-3
1.016,995.1E-3
1.017,995.2E-3
1.018,995.2E-3
1.019,995.2E-3
1.020,995.2E-3
1.021,995.3E-3
1.022,995.3E-3
1.023,995.3E-3
1.024,995.3E-3
1.025,995.3E-3
1.026,995.4E-3
1.027,995.4E-3
1.028,995.4E-3
1.029,995.4E-3
1.030,995.4E-3
1.031,995.5E-3
1.032,995.5E-3
1.033,995.5E-3
1.034,995.5E-3
1.035,995.5E-3
1.036,995.5E-3
1.037,995.6E-3
1.038,995.6E-3
1.039,995.6E-3
1.040,995.6E-3
1.041,995.6E-3
1.042,995.7E-3
1.043,995.7E-3
1.044,995.7E-3
1.045,995.7E-3
1.046,995.7E-3
1.047,995.8E-3
1.048,995.8E-3
1.049,995.8E-3
1.050,995.8E-3
1.051,995.8E-3
1.052,995.8E-3
1.053,995.9E-3
1.054,995.9E-3
1.055,995.9E-3
1.056,995.9E-3
1.057,995.9E-3
1.058,995.9E-3
1.059,996.0E-3
1.060,996.0E-3
1.061,996.0E-3
1.062,996.0E-3
1.063,996.0E-3
1.064,996.0E-3
1.065,996.1E-3
1.066,996.1E-3
1.067,996.1E-3
1.068,996.1E-3
1.069,996.1E-3
1.070,996.1E-3
1.071,996.1E-3
1.072,996.2E-3
1.073,996.2E-3
1.074,996.2E-3
1.075,996.2E-3
1.076,996.2E-3
1.077,996.2E-3
1.078,996.3E-3
1.079,996.3E-3
1.080,996.3E-3
1.081,996.3E-3
1.082,996.3E-3
1.083,996.3E-3
1.084,996.3E-3
1.085,996.4E-3
1.086,996.4E-3
1.087,996.4E-3
1.088,996.4E-3
1.089,996.4E-3
1.090,996.4E-3
1.091,996.4E-3
1.092,996.5E-3
1.093,996.5E-3
1.094,996.5E-3
1.095,996.5E-3
1.096,996.5E-3
1.097,996.5E-3
1.098,996.5E-3
1.099,996.6E-3
1.100,996.6E-3
1.101,996.6E-3
1.102,996.6E-3
1.103,996.6E-3
1.104,996.6E-3
1.105,996.6E-3
1.106,996.6E-3
1.107,996.7E-3
1.108,996.7E-3
1.109,996.7E-3
1.110,996.7E-3
1.111,996.7E-3
1.112,996.7E-3
1.113,996.7E-3
1.114,996.7E-3
1.115,996.8E-3
1.116,996.8E-3
1.117,996.8E-3
1.118,996.8E-3
1.119,996.8E-3
1.120,996.8E-3
1.121,996.8E-3
1.122,996.8E-3
1.123,996.9E-3
1.124,996.9E-3
1.125,996.9E-3
1.126,996.9E-3
1.127,996.9E-3
1.128,996.9E-3
1.129,996.9E-3
1.130,996.9E-3
1.131,996.9E-3
1.132,997.0E-3
1.133,997.0E-3
1.134,997.0E-3
1.135,997.0E-3
1.136,997.0E-3
1.137,997.0E-3
1.138,997.0E-3
1.139,997.0E-3
1.140,997.0E-3
1.141,997.1E-3
1.142,997.1E-3
1.143,997.1E-3
1.144,997.1E-3
1.145,997.1E-3
1.146,997.1E-3
1.147,997.1E-3
1.148,997.1E-3
1.149,997.1E-3
1.150,997.1E-3
1.151,997.2E-3
1.152,997.2E-3
1.153,997.2E-3
1.154,997.2E-3
1.155,997.2E-3
1.156,997.2E-3
1.157,997.2E-3
1.158,997.2E-3
1.159,997.2E-3
1.160,997.2E-3
1.161,997.3E-3
1.162,997.3E-3
1.163,997.3E-3
1.164,997.3E-3
1.165,997.3E-3
1.166,997.3E-3
1.167,997.3E-3
1.168,997.3E-3
1.169,997.3E-3
1.170,997.3E-3
1.171,997.3E-3
1.172,997.4E-3
1.173,997.4E-3
1.174,997.4E-3
1.175,997.4E-3
1.176,997.4E-3
1.177,997.4E-3
1.178,997.4E-3
1.179,997.4E-3
1.180,997.4E-3
1.181,997.4E-3
1.182,997.4E-3
1.183,997.5E-3
1.184,997.5E-3
1.185,997.5E-3
1.186,997.5E-3
1.187,997.5E-3
1.188,997.5E-3
1.189,997.5E-3
1.190,997.5E-3
1.191,997.5E-3
1.192,997.5E-3
1.193,997.5E-3
1.194,997.5E-3
1.195,997.6E-3
1.196,997.6E-3
1.197,997.6E-3
1.198,997.6E-3
1.199,997.6E-3
1.200,997.6E-3
1.201,997.6E-3
1.202,997.6E-3
1.203,997.6E-3
1.204,997.6E-3
1.205,997.6E-3
1.206,997.6E-3
1.207,997.6E-3
1.208,997.7E-3
1.209,997.7E-3
1.210,997.7E-3
1.211,997.7E-3
1.212,997.7E-3
1.213,997.7E-3
1.214,997.7E-3
1.215,997.7E-3
1.216,997.7E-3
1.217,997.7E-3
1.218,997.7E-3
1.219,997.7E-3
1.220,997.7E-3
1.221,997.8E-3
1.222,997.8E-3
1.223,997.8E-3
1.224,997.8E-3
1.225,997.8E-3
1.226,997.8E-3
1.227,997.8E-3
1.228,997.8E-3
1.229,997.8E-3
1.230,997.8E-3
1.231,997.8E-3
1.232,997.8E-3
1.233,997.8E-3
1.234,997.8E-3
1.235,997.9E-3
1.236,997.9E-3
1.237,997.9E-3
1.238,997.9E-3
1.239,997.9E-3
1.240,997.9E-3
1.241,997.9E-3
1.242,997.9E-3
1.243,997.9E-3
1.244,997.9E-3
1.245,997.9E-3
1.246,997.9E-3
1.247,997.9E-3
1.248,997.9E-3
1.249,997.9E-3
1.250,997.9E-3
1.251,998.0E-3
1.252,998.0E-3
1.253,998.0E-3
1.254,998.0E-3
1.255,998.0E-3
1.256,998.0E-3
1.257,998.0E-3
1.258,998.0E-3
1.259,998.0E-3
1.260,998.0E-3
1.261,998.0E-3
1.262,998.0E-3
1.263,998.0E-3
1.264,998.0E-3
1.265,998.0E-3
1.266,998.0E-3
1.267,998.1E-3
1.268,998.1E-3
1.269,998.1E-3
1.270,998.1E-3
1.271,998.1E-3
1.272,998.1E-3
1.273,998.1E-3
1.274,998.1E-3
1.275,998.1E-3
1.276,998.1E-3
1.277,998.1E-3
1.278,998.1E-3
1.279,998.1E-3
1.280,998.1E-3
1.281,998.1E-3
1.282,998.1E-3
1.283,998.1E-3
1.284,998.1E-3
1.285,998.2E-3
1.286,998.2E-3
1.287,998.2E-3
1.288,998.2E-3
1.289,998.2E-3
1.290,998.2E-3
1.291,998.2E-3
1.292,998.2E-3
1.293,998.2E-3
1.294,998.2E-3
1.295,998.2E-3
1.296,998.2E-3
1.297,998.2E-3
1.298,998.2E-3
1.299,998.2E-3
1.300,998.2E-3
1.301,998.2E-3
1.302,998.2E-3
1.303,998.2E-3
1.304,998.2E-3
1.305,998.3E-3
1.306,998.3E-3
1.307,998.3E-3
1.308,998.3E-3
1.309,998.3E-3
1.310,998.3E-3
1.311,998.3E-3
1.312,998.3E-3
1.313,998.3E-3
1.314,998.3E-3
1.315,998.3E-3
1.316,998.3E-3
1.317,998.3E-3
1.318,998.3E-3
1.319,998.3E-3
1.320,998.3E-3
1.321,998.3E-3
1.322,998.3E-3
1.323,998.3E-3
1.324,998.3E-3
1.325,998.3E-3
1.326,998.4E-3
1.327,998.4E-3
1.328,998.4E-3
1.329,998.4E-3
1.330,998.4E-3
1.331,998.4E-3
1.332,998.4E-3
1.333,998.4E-3
1.334,998.4E-3
1.335,998.4E-3
1.336,998.4E-3
1.337,998.4E-3
1.338,998.4E-3
1.339,998.4E-3
1.340,998.4E-3
1.341,998.4E-3
1.342,998.4E-3
1.343,998.4E-3
1.344,998.4E-3
1.345,998.4E-3
1.346,998.4E-3
1.347,998.4E-3
1.348,998.4E-3
1.349,998.5E-3
1.350,998.5E-3
1.351,998.5E-3
1.352,998.5E-3
1.353,998.5E-3
1.354,998.5E-3
1.355,998.5E-3
1.356,998.5E-3
1.357,998.5E-3
1.358,998.5E-3
1.359,998.5E-3
1.360,998.5E-3
1.361,998.5E-3
1.362,998.5E-3
1.363,998.5E-3
1.364,998.5E-3
1.365,998.5E-3
1.366,998.5E-3
1.367,998.5E-3
1.368,998.5E-3
1.369,998.5E-3
1.370,998.5E-3
1.371,998.5E-3
1.372,998.5E-3
1.373,998.5E-3
1.374,998.5E-3
1.375,998.6E-3
1.376,998.6E-3
1.377,998.6E-3
1.378,998.6E-3
1.379,998.6E-3
1.380,998.6E-3
1.381,998.6E-3
1.382,998.6E-3
1.383,998.6E-3
1.384,998.6E-3
1.385,998.6E-3
1.386,998.6E-3
1.387,998.6E-3
1.388,998.6E-3
1.389,998.6E-3
1.390,998.6E-3
1.391,998.6E-3
1.392,998.6E-3
1.393,998.6E-3
1.394,998.6E-3
1.395,998.6E-3
1.396,998.6E-3
1.397,998.6E-3
1.398,998.6E-3
1.399,998.6E-3
1.400,998.6E-3
1.401,998.6E-3
1.402,998.6E-3
1.403,998.6E-3
1.404,998.7E-3
1.405,998.7E-3
1.406,998.7E-3
1.407,998.7E-3
1.408,998.7E-3
1.409,998.7E-3
1.410,998.7E-3
1.411,998.7E-3
1.412,998.7E-3
1.413,998.7E-3
1.414,998.7E-3
1.415,998.7E-3
1.416,998.7E-3
1.417,998.7E-3
1.418,998.7E-3
1.419,998.7E-3
1.420,998.7E-3
1.421,998.7E-3
1.422,998.7E-3
1.423,998.7E-3
1.424,998.7E-3
1.425,998.7E-3
1.426,998.7E-3
1.427,998.7E-3
1.428,998.7E-3
1.429,998.7E-3
1.430,998.7E-3
1.431,998.7E-3
1.432,998.7E-3
1.433,998.7E-3
1.434,998.7E-3
1.435,998.7E-3
1.436,998.7E-3
1.437,998.8E-3
1.438,998.8E-3
1.439,998.8E-3
1.440,998.8E-3
1.441,998.8E-3
1.442,998.8E-3
1.443,998.8E-3
1.444,998.8E-3
1.445,998.8E-3
1.446,998.8E-3
1.447,998.8E-3
1.448,998.8E-3
1.449,998.8E-3
1.450,998.8E-3
1.451,998.8E-3
1.452,998.8E-3
1.453,998.8E-3
1.454,998.8E-3
1.455,998.8E-3
1.456,998.8E-3
1.457,998.8E-3
1.458,998.8E-3
1.459,998.8E-3
1.460,998.8E-3
1.461,998.8E-3
1.462,998.8E-3
1.463,998.8E-3
1.464,998.8E-3
1.465,998.8E-3
1.466,998.8E-3
1.467,998.8E-3
1.468,998.8E-3
1.469,998.8E-3
1.470,998.8E-3
1.471,998.8E-3
1.472,998.8E-3
1.473,998.8E-3
1.474,998.8E-3
1.475,998.9E-3
1.476,998.9E-3
1.477,998.9E-3
1.478,998.9E-3
1.479,998.9E-3
1.480,998.9E-3
1.481,998.9E-3
1.482,998.9E-3
1.483,998.9E-3
1.484,998.9E-3
1.485,998.9E-3
1.486,998.9E-3
1.487,998.9E-3
1.488,998.9E-3
1.489,998.9E-3
1.490,998.9E-3
1.491,998.9E-3
1.492,998.9E-3
1.493,998.9E-3
1.494,998.9E-3
1.495,998.9E-3
1.496,998.9E-3
1.497,998.9E-3
1.498,998.9E-3
1.499,998.9E-3
1.500,998.9E-3
1.501,998.9E-3
1.502,998.9E-3
1.503,998.9E-3
1.504,998.9E-3
1.505,998.9E-3
1.506,998.9E-3
1.507,998.9E-3
1.508,998.9E-3
1.509,998.9E-3
1.510,998.9E-3
1.511,998.9E-3
1.512,998.9E-3
1.513,998.9E-3
1.514,998.9E-3
1.515,998.9E-3
1.516,998.9E-3
1.517,998.9E-3
1.518,999.0E-3
1.519,999.0E-3
1.520,999.0E-3
1.521,999.0E-3
1.522,999.0E-3
1.523,999.0E-3
1.524,999.0E-3
1.525,999.0E-3
1.526,999.0E-3
1.527,999.0E-3
1.528,999.0E-3
1.529,999.0E-3
1.530,999.0E-3
1.531,999.0E-3
1.532,999.0E-3
1.533,999.0E-3
1.534,999.0E-3
1.535,999.0E-3
1.536,999.0E-3
1.537,999.0E-3
1.538,999.0E-3
1.539,999.0E-3
1.540,999.0E-3
1.541,999.0E-3
1.542,999.0E-3
1.543,999.0E-3
1.544,999.0E-3
1.545,999.0E-3
1.546,999.0E-3
1.547,999.0E-3
1.548,999.0E-3
1.549,999.0E-3
1.550,999.0E-3
1.551,999.0E-3
1.552,999.0E-3
1.553,999.0E-3
1.554,999.0E-3
1.555,999.0E-3
1.556,999.0E-3
1.557,999.0E-3
1.558,999.0E-3
1.559,999.0E-3
1.560,999.0E-3
1.561,999.0E-3
1.562,999.0E-3
1.563,999.0E-3
1.564,999.0E-3
1.565,999.0E-3
1.566,999.0E-3
1.567,999.0E-3
1.568,999.0E-3
1.569,999.0E-3
1.570,999.1E-3
1.571,999.1E-3
1.572,999.1E-3
1.573,999.1E-3
1.574,999.1E-3
1.575,999.1E-3
1.576,999.1E-3
1.577,999.1E-3
1.578,999.1E-3
1.579,999.1E-3
1.580,999.1E-3
1.581,999.1E-3
1.582,999.1E-3
1.583,999.1E-3
1.584,999.1E-3
1.585,999.1E-3
1.586,999.1E-3
1.587,999.1E-3
1.588,999.1E-3
1.589,999.1E-3
1.590,999.1E-3
1.591,999.1E-3
1.592,999.1E-3
1.593,999.1E-3
1.594,999.1E-3
1.595,999.1E-3
1.596,999.1E-3
1.597,999.1E-3
1.598,999.1E-3
1.599,999.1E-3
1.600,999.1E-3
1.601,999.1E-3
1.602,999.1E-3
1.603,999.1E-3
1.604,999.1E-3
1.605,999.1E-3
1.606,999.1E-3
1.607,999.1E-3
1.608,999.1E-3
1.609,999.1E-3
1.610,999.1E-3
1.611,999.1E-3
1.612,999.1E-3
1.613,999.1E-3
1.614,999.1E-3
1.615,999.1E-3
1.616,999.1E-3
1.617,999.1E-3
1.618,999.1E-3
1.619,999.1E-3
1.620,999.1E-3
1.621,999.1E-3
1.622,999.1E-3
1.623,999.1E-3
1.624,999.1E-3
1.625,999.1E-3
1.626,999.1E-3
1.627,999.1E-3
1.628,999.1E-3
1.629,999.1E-3
1.630,999.1E-3
1.631,999.1E-3
1.632,999.1E-3
1.633,999.2E-3
1.634,999.2E-3
1.635,999.2E-3
1.636,999.2E-3
1.637,999.2E-3
1.638,999.2E-3
1.639,999.2E-3
1.640,999.2E-3
1.641,999.2E-3
1.642,999.2E-3
1.643,999.2E-3
1.644,999.2E-3
1.645,999.2E-3
1.646,999.2E-3
1.647,999.2E-3
1.648,999.2E-3
1.649,999.2E-3
1.650,999.2E-3
1.651,999.2E-3
1.652,999.2E-3
1.653,999.2E-3
1.654,999.2E-3
1.655,999.2E-3
1.656,999.2E-3
1.657,999.2E-3
1.658,999.2E-3
1.659,999.2E-3
1.660,999.2E-3
1.661,999.2E-3
1.662,999.2E-3
1.663,999.2E-3
1.664,999.2E-3
1.665,999.2E-3
1.666,999.2E-3
1.667,999.2E-3
1.668,999.2E-3
1.669,999.2E-3
1.670,999.2E-3
1.671,999.2E-3
1.672,999.2E-3
1.673,999.2E-3
1.674,999.2E-3
1.675,999.2E-3
1.676,999.2E-3
1.677,999.2E-3
1.678,999.2E-3
1.679,999.2E-3
1.680,999.2E-3
1.681,999.2E-3
1.682,999.2E-3
1.683,999.2E-3
1.684,999.2E-3
1.685,999.2E-3
1.686,999.2E-3
1.687,999.2E-3
1.688,999.2E-3
1.689,999.2E-3
1.690,999.2E-3
1.691,999.2E-3
1.692,999.2E-3
1.693,999.2E-3
1.694,999.2E-3
1.695,999.2E-3
1.696,999.2E-3
1.697,999.2E-3
1.698,999.2E-3
1.699,999.2E-3
1.700,999.2E-3
1.701,999.2E-3
1.702,999.2E-3
1.703,999.2E-3
1.704,999.2E-3
1.705,999.2E-3
1.706,999.2E-3
1.707,999.2E-3
1.708,999.2E-3
1.709,999.2E-3
1.710,999.2E-3
1.711,999.2E-3
1.712,999.3E-3
1.713,999.3E-3
1.714,999.3E-3
1.715,999.3E-3
1.716,999.3E-3
1.717,999.3E-3
1.718,999.3E-3
1.719,999.3E-3
1.720,999.3E-3
1.721,999.3E-3
1.722,999.3E-3
1.723,999.3E-3
1.724,999.3E-3
1.725,999.3E-3
1.726,999.3E-3
1.727,999.3E-3
1.728,999.3E-3
1.729,999.3E-3
1.730,999.3E-3
1.731,999.3E-3
1.732,999.3E-3
1.733,999.3E-3
1.734,999.3E-3
1.735,999.3E-3
1.736,999.3E-3
1.737,999.3E-3
1.738,999.3E-3
1.739,999.3E-3
1.740,999.3E-3
1.741,999.3E-3
1.742,999.3E-3
1.743,999.3E-3
1.744,999.3E-3
1.745,999.3E-3
1.746,999.3E-3
1.747,999.3E-3
1.748,999.3E-3
1.749,999.3E-3
1.750,999.3E-3
1.751,999.3E-3
1.752,999.3E-3
1.753,999.3E-3
1.754,999.3E-3
1.755,999.3E-3
1.756,999.3E-3
1.757,999.3E-3
1.758,999.3E-3
1.759,999.3E-3
1.760,999.3E-3
1.761,999.3E-3
1.762,999.3E-3
1.763,999.3E-3
1.764,999.3E-3
1.765,999.3E-3
1.766,999.3E-3
1.767,999.3E-3
1.768,999.3E-3
1.769,999.3E-3
1.770,999.3E-3
1.771,999.3E-3
1.772,999.3E-3
1.773,999.3E-3
1.774,999.3E-3
1.775,999.3E-3
1.776,999.3E-3
1.777,999.3E-3
1.778,999.3E-3
1.779,999.3E-3
1.780,999.3E-3
1.781,999.3E-3
1.782,999.3E-3
1.783,999.3E-3
1.784,999.3E-3
1.785,999.3E-3
1.786,999.3E-3
1.787,999.3E-3
1.788,999.3E-3
1.789,999.3E-3
1.790,999.3E-3
1.791,999.3E-3
1.792,999.3E-3
1.793,999.3E-3
1.794,999.3E-3
1.795,999.3E-3
1.796,999.3E-3
1.797,999.3E-3
1.798,999.3E-3
1.799,999.3E-3
1.800,999.3E-3
1.801,999.3E-3
1.802,999.3E-3
1.803,999.3E-3
1.804,999.3E-3
1.805,999.3E-3
1.806,999.3E-3
1.807,999.3E-3
1.808,999.3E-3
1.809,999.3E-3
1.810,999.3E-3
1.811,999.3E-3
1.812,999.3E-3
1.813,999.3E-3
1.814,999.3E-3
1.815,999.3E-3
1.816,999.3E-3
1.817,999.3E-3
1.818,999.4E-3
1.819,999.4E-3
1.820,999.4E-3
1.821,999.4E-3
1.822,999.4E-3
1.823,999.4E-3
1.824,999.4E-3
1.825,999.4E-3
1.826,999.4E-3
1.827,999.4E-3
1.828,999.4E-3
1.829,999.4E-3
1.830,999.4E-3
1.831,999.4E-3
1.832,999.4E-3
1.833,999.4E-3
1.834,999.4E-3
1.835,999.4E-3
1.836,999.4E-3
1.837,999.4E-3
1.838,999.4E-3
1.839,999.4E-3
1.840,999.4E-3
1.841,999.4E-3
1.842,999.4E-3
1.843,999.4E-3
1.844,999.4E-3
1.845,999.4E-3
1.846,999.4E-3
1.847,999.4E-3
1.848,999.4E-3
1.849,999.4E-3
1.850,999.4E-3
1.851,999.4E-3
1.852,999.4E-3
1.853,999.4E-3
1.854,999.4E-3
1.855,999.4E-3
1.856,999.4E-3
1.857,999.4E-3
1.858,999.4E-3
1.859,999.4E-3
1.860,999.4E-3
1.861,999.4E-3
1.862,999.4E-3
1.863,999.4E-3
1.864,999.4E-3
1.865,999.4E-3
1.866,999.4E-3
1.867,999.4E-3
1.868,999.4E-3
1.869,999.4E-3
1.870,999.4E-3
1.871,999.4E-3
1.872,999.4E-3
1.873,999.4E-3
1.874,999.4E-3
1.875,999.4E-3
1.876,999.4E-3
1.877,999.4E-3
1.878,999.4E-3
1.879,999.4E-3
1.880,999.4E-3
1.881,999.4E-3
1.882,999.4E-3
1.883,999.4E-3
1.884,999.4E-3
1.885,999.4E-3
1.886,999.4E-3
1.887,999.4E-3
1.888,999.4E-3
1.889,999.4E-3
1.890,999.4E-3
1.891,999.4E-3
1.892,999.4E-3
1.893,999.4E-3
1.894,999.4E-3
1.895,999.4E-3
1.896,999.4E-3
1.897,999.4E-3
1.898,999.4E-3
1.899,999.4E-3
1.900,999.4E-3
1.901,999.4E-3
1.902,999.4E-3
1.903,999.4E-3
1.904,999.4E-3
1.905,999.4E-3
1.906,999.4E-3
1.907,999.4E-3
1.908,999.4E-3
1.909,999.4E-3
1.910,999.4E-3
1.911,999.4E-3
1.912,999.4E-3
1.913,999.4E-3
1.914,999.4E-3
1.915,999.4E-3
1.916,999.4E-3
1.917,999.4E-3
1.918,999.4E-3
1.919,999.4E-3
1.920,999.4E-3
1.921,999.4E-3
1.922,999.4E-3
1.923,999.4E-3
1.924,999.4E-3
1.925,999.4E-3
1.926,999.4E-3
1.927,999.4E-3
1.928,999.4E-3
1.929,999.4E-3
1.930,999.4E-3
1.931,999.4E-3
1.932,999.4E-3
1.933,999.4E-3
1.934,999.4E-3
1.935,999.4E-3
1.936,999.4E-3
1.937,999.4E-3
1.938,999.4E-3
1.939,999.4E-3
1.940,999.4E-3
1.941,999.4E-3
1.942,999.4E-3
1.943,999.4E-3
1.944,999.4E-3
1.945,999.4E-3
1.946,999.4E-3
1.947,999.4E-3
1.948,999.4E-3
1.949,999.4E-3
1.950,999.4E-3
1.951,999.4E-3
1.952,999.4E-3
1.953,999.4E-3
1.954,999.4E-3
1.955,999.4E-3
1.956,999.4E-3
1.957,999.4E-3
1.958,999.4E-3
1.959,999.4E-3
1.960,999.4E-3
1.961,999.4E-3
1.962,999.4E-3
1.963,999.4E-3
1.964,999.4E-3
1.965,999.4E-3
1.966,999.4E-3
1.967,999.4E-3
1.968,999.4E-3
1.969,999.4E-3
1.970,999.5E-3
1.971,999.5E-3
1.972,999.5E-3
1.973,999.5E-3
1.974,999.5E-3
1.975,999.5E-3
1.976,999.5E-3
1.977,999.5E-3
1.978,999.5E-3
1.979,999.5E-3
1.980,999.5E-3
1.981,999.5E-3
1.982,999.5E-3
1.983,999.5E-3
1.984,999.5E-3
1.985,999.5E-3
1.986,999.5E-3
1.987,999.5E-3
1.988,999.5E-3
1.989,999.5E-3
1.990,999.5E-3
1.991,999.5E-3
1.992,999.5E-3
1.993,999.5E-3
1.994,999.5E-3
1.995,999.5E-3
1.996,999.5E-3
1.997,999.5E-3
1.998,999.5E-3
1.999,999.5E-3
2.000,999.5E-3
2.000,999.5E-3
